INSERT INTO job_seeker (js_id, js_pw, js_name, js_job_class, js_age, js_career, work_attitude, job_performance, rehired_rate, attendance_rate) VALUES 
('icnMiY', '1S7A3nePyn', '류웅비', '용접공', '40', '13', '0', '0', '0', '0'),
('YKdO9q', 'OGs4bHq5gz', '차상위', '조적공', '50', '4', '0', '0', '0', '0'),
('7ApyLP', 'CyzitsYAtC', '손단명', '특별인부', '33', '10', '0', '0', '0', '0'),
('hIUK8N', 'hmzNBkKK9g', '진명해', '착암공', '56', '10', '0', '0', '0', '0'),
('3NBYcW', 'irw1iMILHJ', '서보택', '포장공', '43', '19', '0', '0', '0', '0'),
('GEC7v5', 'SMPhtSu3NV', '안련위', '형틀목공', '41', '4', '0', '0', '0', '0'),
('UxBUNQ', 'ZZs4F9mvro', '장공마', '철근공', '42', '6', '0', '0', '0', '0'),
('IyKjRY', '2IAekgufLf', '반명종', '콘크리트공', '58', '2', '0', '0', '0', '0'),
('wCeQt2', '0zBUpfSIcP', '변나들', '할석공', '30', '14', '0', '0', '0', '0'),
('PLHebk', 'F0ZsS3BJXe', '여현번', '조력공', '20', '18', '0', '0', '0', '0'),
('Ow8tTm', 'jcVlbS0zZU', '전손솜', '특별인부', '49', '9', '0', '0', '0', '0'),
('FkWhzj', 'mHgV8Udtkg', '방춘수', '특별인부', '54', '10', '0', '0', '0', '0'),
('uCNzYq', 'ahZct5ePv4', '송박장', '보통인부', '21', '2', '0', '0', '0', '0'),
('nOW0GH', 'vT7hG79RbU', '양강조', '철판공', '28', '9', '0', '0', '0', '0'),
('cCwbht', 'xFyASkL1OU', '용택두', '콘크리트공', '20', '0', '0', '0', '0', '0'),
('mD2v3g', 'UO054ee0Dk', '설나섬', '조력공', '54', '20', '0', '0', '0', '0'),
('9GjM7Y', '65yJvgC7xz', '변창화', '철골공', '30', '0', '0', '0', '0', '0'),
('1DW3WJ', '3XjHoaWsZN', '남솜요', '작업반장', '37', '9', '0', '0', '0', '0'),
('XLMemJ', 'etjE17PmPD', '조심탁', '제도사', '21', '8', '0', '0', '0', '0'),
('Nzgt4n', 'Cl0lWGU91Y', '전성바', '용접공', '24', '20', '0', '0', '0', '0'),
('Ca7Drv', '03b6nujACH', '한공늬', '철판공', '28', '13', '0', '0', '0', '0'),
('bN3s5t', 'Ilrhm0cIUE', '유비윤', '착암공', '40', '15', '0', '0', '0', '0'),
('B1Np6q', 'pWIEnrafzq', '채숭이', '조력공', '42', '8', '0', '0', '0', '0'),
('xd7Gir', 'Qb1pGueaTi', '석향남', '제도사', '51', '5', '0', '0', '0', '0'),
('Oq5e3N', 'N4wFpGpirx', '함나창', '착암공', '22', '17', '0', '0', '0', '0'),
('pBy0LA', 'mn5aN8zRqj', '심숭한', '용접공', '21', '1', '0', '0', '0', '0'),
('DlQVmm', 'CJphSLcKqR', '탁화지', '제도사', '51', '20', '0', '0', '0', '0'),
('4dpg7F', 'vldK9EtyNs', '유단용', '철골공', '56', '2', '0', '0', '0', '0'),
('mhNGlp', 'JR5wmm0BSN', '여후심', '비계공', '32', '0', '0', '0', '0', '0'),
('rmR1lK', 'eEto0ECEbo', '변세손', '철근공', '39', '5', '0', '0', '0', '0'),
('qakaGq', 'UPsHTsEQyG', '손늬채', '용접공', '36', '17', '0', '0', '0', '0'),
('GgYKXb', 'kFo2joRk14', '소열량', '철판공', '45', '5', '0', '0', '0', '0'),
('SUECjq', '8v51rG4iOd', '소중효', '형틀목공', '24', '17', '0', '0', '0', '0'),
('fX4aWl', 'Lsemxjgzci', '남려늘', '착암공', '53', '19', '0', '0', '0', '0'),
('YzmyLu', '8zX2yfpZLt', '이얀휴', '작업반장', '34', '10', '0', '0', '0', '0'),
('1H6x0u', 'cay9Jmr6rC', '추열훈', '작업반장', '33', '15', '0', '0', '0', '0'),
('IWrIbr', 'XJV4s81HXU', '양태강', '비계공', '31', '4', '0', '0', '0', '0'),
('tdHUkZ', 'oYiGO2TrJR', '변범원', '철판공', '40', '9', '0', '0', '0', '0'),
('cQyra5', 'SbDuQnuoQZ', '최출잎', '형틀목공', '41', '0', '0', '0', '0', '0'),
('tQ1luv', 'b7p5LMKz0E', '함라위', '특별인부', '37', '17', '0', '0', '0', '0'),
('AoEJj2', '9eqrFHHS1H', '반식루', '조적공', '48', '11', '0', '0', '0', '0'),
('miucmE', 'Wp4bieVwlr', '함화권', '포장공', '56', '13', '0', '0', '0', '0'),
('haofks', 'm2VrkAIx59', '성재언', '특별인부', '28', '12', '0', '0', '0', '0'),
('xk2cbo', 'tbzEZLtmAn', '금완미', '비계공', '37', '1', '0', '0', '0', '0'),
('fpyDZU', 'ZyxuIomTri', '천범유', '포장공', '54', '3', '0', '0', '0', '0'),
('7aZtkN', 'dLv8i8Mu1F', '맹건찬', '철근공', '28', '1', '0', '0', '0', '0'),
('4Dda5p', 'sBcKAG33hk', '신려규', '포장공', '24', '1', '0', '0', '0', '0'),
('b9NMUs', 'TemskKHvfe', '이슬태', '조적공', '58', '0', '0', '0', '0', '0'),
('RE8Orh', 'DlKe9CCywP', '용손새', '철공', '24', '7', '0', '0', '0', '0'),
('c1VVsY', 'gLnhS0VOiD', '차예가', '조적공', '50', '13', '0', '0', '0', '0'),
('Lftx4f', 'm0Px6pzyee', '탁효일', '화약취급공', '57', '8', '0', '0', '0', '0'),
('nOmHCU', 'I9mR3RODS1', '모려탁', '할석공', '30', '20', '0', '0', '0', '0'),
('HjoqUb', 'KwgMpMacON', '연강보', '비계공', '49', '4', '0', '0', '0', '0'),
('u0ftTi', 'u7uZOt2s3G', '남달별', '포설공', '21', '5', '0', '0', '0', '0'),
('Vzhtsj', 'Yqw308E68s', '하타겸', '용접공', '48', '3', '0', '0', '0', '0'),
('wMdVle', 'GTKyeMFg9q', '제요라', '제도사', '36', '2', '0', '0', '0', '0'),
('AwbWSf', 'G5MlK2UhEf', '김솜향', '철판공', '20', '15', '0', '0', '0', '0'),
('3aBRYP', 'IJpytra1Hb', '탁바누', '보통인부', '59', '17', '0', '0', '0', '0'),
('F6EOpK', 'CbXTUrPdOY', '위악달', '철공', '25', '7', '0', '0', '0', '0'),
('2C50zG', 'fwqVzwrr3A', '탁화량', '철판공', '50', '9', '0', '0', '0', '0'),
('llCK0S', 'hVgdS6oaJ7', '석온더', '비계공', '38', '10', '0', '0', '0', '0'),
('vgzFo2', 'sWAnH53jBJ', '표상원', '작업반장', '31', '15', '0', '0', '0', '0'),
('SCOCAe', 'FADKJ7eugm', '백세현', '철근공', '53', '8', '0', '0', '0', '0'),
('hddZzU', 'jZAj67h9u0', '소아직', '착암공', '44', '2', '0', '0', '0', '0'),
('LJi5TG', 'xCjwquASce', '민백린', '철골공', '56', '11', '0', '0', '0', '0'),
('NTWLmk', 'vGGAy5sYmK', '기호완', '조적공', '55', '7', '0', '0', '0', '0'),
('LfzoVV', 'Hffv9LdcJv', '권소세', '포설공', '33', '0', '0', '0', '0', '0'),
('cuYpdt', 'UYAyITqHx4', '국미산', '보링공', '46', '3', '0', '0', '0', '0'),
('8F5VKD', 'qc7Z8BAVar', '강직손', '할석공', '41', '5', '0', '0', '0', '0'),
('QyOAtN', 'ya8sFWJH5A', '나남순', '형틀목공', '44', '10', '0', '0', '0', '0'),
('7Z90UR', 'Up0nNVkPIX', '국련공', '제도사', '21', '15', '0', '0', '0', '0'),
('Vy5Kiz', 'HA3SAPsBgx', '여누가', '보통인부', '54', '6', '0', '0', '0', '0'),
('9kVQGn', 'DOPgZ6t69L', '구윤효', '철골공', '59', '12', '0', '0', '0', '0'),
('cxZaTO', 'VMHeWXd2NV', '설누엽', '형틀목공', '56', '12', '0', '0', '0', '0'),
('cWRxzq', 'ZOeIyMJ5t1', '안규변', '철근공', '31', '3', '0', '0', '0', '0'),
('52xQe0', 'WdyFwsqBKF', '민혜규', '포설공', '22', '10', '0', '0', '0', '0'),
('abx8N5', '0fxq9zjzhg', '석해진', '조적공', '24', '14', '0', '0', '0', '0'),
('kmuDol', 'Rv1A23VkKs', '임강라', '특별인부', '26', '18', '0', '0', '0', '0'),
('TGEfsx', 'zTX8bvJKJa', '차뜸솔', '형틀목공', '60', '12', '0', '0', '0', '0'),
('RiJ7Km', 'sZheXfj25y', '위봉신', '할석공', '22', '11', '0', '0', '0', '0'),
('yHyVTR', 'moPFaNa1Wo', '민운태', '철판공', '57', '0', '0', '0', '0', '0'),
('7KVj52', 'jgkxq5DOeE', '강홍솜', '보통인부', '48', '6', '0', '0', '0', '0'),
('9lmmep', 'UPg0EUdvWY', '반을루', '조적공', '41', '20', '0', '0', '0', '0'),
('HsSfOT', 'qjqj3vzh0I', '홍혼개', '형틀목공', '22', '2', '0', '0', '0', '0'),
('0ZcXPl', 'KNnZlBd96P', '신늘누', '형틀목공', '20', '1', '0', '0', '0', '0'),
('BBPS73', 'V48eqOHMiN', '연은후', '조력공', '59', '4', '0', '0', '0', '0'),
('qE4wV7', '81nCljm0Na', '천휴잎', '착암공', '37', '13', '0', '0', '0', '0'),
('O6yBOV', 'gnr7btg2S5', '현부위', '화약취급공', '31', '17', '0', '0', '0', '0'),
('JakwRl', 'MpQNDng1Bq', '권숭황', '포장공', '24', '0', '0', '0', '0', '0'),
('qiEMB4', 'Kg8iYocVN1', '유영루', '철공', '57', '14', '0', '0', '0', '0'),
('CEtqbG', 'if323wdXRV', '탁건출', '제도사', '35', '17', '0', '0', '0', '0'),
('JIVWdZ', 'ztVsTCXEBQ', '김별중', '착암공', '26', '0', '0', '0', '0', '0'),
('w6TWs8', 'e73Z9U1D9B', '성의은', '형틀목공', '32', '3', '0', '0', '0', '0'),
('eVEb1C', 'ntEdBp1MBq', '천후안', '특별인부', '26', '7', '0', '0', '0', '0'),
('LmiKJZ', 'aJ5MlalNwX', '기선롱', '작업반장', '34', '12', '0', '0', '0', '0'),
('ZRSU5t', 'YVREpYaNUO', '유시단', '보링공', '20', '15', '0', '0', '0', '0'),
('I2SJxB', 'PiRsL3cDhL', '송송효', '보통인부', '55', '9', '0', '0', '0', '0'),
('aVW7wZ', 'XQvodaL7Oq', '방시으', '보통인부', '59', '1', '0', '0', '0', '0'),
('Th8yOE', 'BEmL6bPHMZ', '양항길', '철근공', '25', '19', '0', '0', '0', '0'),
('VRWmxS', 'dj0BAxY3kk', '길혼혜', '화약취급공', '44', '0', '0', '0', '0', '0');
INSERT INTO job_offerer (jo_id, jo_pw, jo_name, company_name, wage_payment_ability, work_environment, work_intensity, order_validity) VALUES 
('jo_3CH709', 'htZ4wQTwxf', '양충분', '삼성물산', '0', '0', '0', '0'),
('jo_GNQde5', 'dSQOHiTs0s', '원호신', '현대건설', '0', '0', '0', '0'),
('jo_SGtS3R', 'c5NM5x8isP', '금래회', '디엘이엔씨', '0', '0', '0', '0'),
('jo_GVPNuG', 'IdMONIvSFK', '오리걸', '포스코건설', '0', '0', '0', '0'),
('jo_RrNgnn', 'FDXan3ilpo', '용롱자', '지에스건설', '0', '0', '0', '0'),
('jo_f99ri8', 'xdQZvWJcci', '구혁헌', '대우건설', '0', '0', '0', '0'),
('jo_FoQvYm', 'FPRJBrFPvY', '인아택', '현대엔지니어링', '0', '0', '0', '0'),
('jo_fiDENC', 'fDu5EjvRTT', '서훔마', '롯데건설', '0', '0', '0', '0'),
('jo_SsghFO', 'SbI8my5BaW', '모우아', 'SK에코플랜트', '0', '0', '0', '0'),
('jo_KOCGaQ', 'QCiFipcBo9', '구휴항', 'HDC현대산업개발', '0', '0', '0', '0'),
('jo_XNhwVO', 'M7fRyfCXu7', '심열비', '호반건설', '0', '0', '0', '0'),
('jo_sTTEkd', 'fmYJz0vetu', '오령실', '디엘건설', '0', '0', '0', '0'),
('jo_8X4U3L', 'wjnZdoc2r6', '조손권', '한화건설', '0', '0', '0', '0'),
('jo_rsgpW8', 'M3ZO04QQzl', '차옥명', '대방건설', '0', '0', '0', '0'),
('jo_oG3aju', 'jC5pvk1AAu', '오술섭', '금호건설', '0', '0', '0', '0'),
('jo_cdfQbf', 'hbE8Cs1dyk', '강회호', '코오롱글로벌', '0', '0', '0', '0'),
('jo_khOLAa', 'qeJ0GdUGdI', '마혁람', '태영건설', '0', '0', '0', '0'),
('jo_87wRDC', 'QZV30wIWTa', '방술탐', '중흥토건', '0', '0', '0', '0'),
('jo_HN9hDO', 'ahGGUalTjD', '용조상', '계룡건설산업', '0', '0', '0', '0'),
('jo_tPgkiK', 'SoMP7UFtli', '변민구', '제일건설', '0', '0', '0', '0'),
('jo_qpdtXB', 'vE6zJdaWFB', '신병택', '서희건설', '0', '0', '0', '0'),
('jo_o3VstU', 'IV9p46OSET', '정단오', '두산에너빌리티', '0', '0', '0', '0'),
('jo_gF7O7M', 'LUsXxJh5i9', '기나만', '동부건설', '0', '0', '0', '0'),
('jo_zV37Pf', 'PN4LiL91MO', '제수치', '두산건설', '0', '0', '0', '0'),
('jo_JfhshO', 'N767YtEUUP', '장겸흥', '한신공영', '0', '0', '0', '0'),
('jo_neiABY', 'mI3lQz0ftm', '심효변', '산성엔지니어링', '0', '0', '0', '0'),
('jo_bT1ZrM', '5nVzsCW87a', '허학비', '케이씨씨건설', '0', '0', '0', '0'),
('jo_AVUhvQ', 'L94KBDXQ0b', '기서익', '동원개발', '0', '0', '0', '0'),
('jo_L4rAwV', '9ytGPBkKdw', '민예재', '우미건설', '0', '0', '0', '0'),
('jo_omcb3Q', 'z2kTH9I5I4', '양로평', '호반산업', '0', '0', '0', '0'),
('jo_zlUpTr', 'lVXFX7ymIo', '위삼무', '한라', '0', '0', '0', '0'),
('jo_lSW8Md', 'zLH6Y86FTD', '노세봉', '반도건설', '0', '0', '0', '0'),
('jo_yCy9sQ', 'RBbsi1ThvS', '강순훈', '쌍용건설', '0', '0', '0', '0'),
('jo_zOB4YC', 'CQMedR0SjY', '곽명나', '신세계건설', '0', '0', '0', '0'),
('jo_CSJWZW', 'Gk3XK6LyJJ', '신찬용', '부영주택', '0', '0', '0', '0'),
('jo_vStb22', '7Dy0vADBIp', '염반박', '금강주택', '0', '0', '0', '0'),
('jo_TrQ2lt', 'csLvlL2ShU', '유대아', '아이에스동서', '0', '0', '0', '0'),
('jo_HWtmUd', 'LpZF9so0uJ', '민시슬', '효성중공업', '0', '0', '0', '0'),
('jo_4uUyTV', 'ItJXYqWbGH', '권광덕', '에스지씨이테크건설', '0', '0', '0', '0'),
('jo_E7wzKc', 'AhG6hMwo69', '권훈서', '엘티삼보', '0', '0', '0', '0'),
('jo_1sKVTP', '7Nqz7aCUH3', '구문탁', '에이치제이중공업', '0', '0', '0', '0'),
('jo_2PzvIE', 'rVrjoZPh2n', '조림호', '화성산업', '0', '0', '0', '0'),
('jo_uvpycG', 'jLX80N6tDI', '여식사', '양우건설', '0', '0', '0', '0'),
('jo_wodUgE', 'HH5V8iGGlE', '강소부', '한양', '0', '0', '0', '0'),
('jo_gIKNEu', 'zf4hvc0uNK', '오복제', '라인건설', '0', '0', '0', '0'),
('jo_dKdekn', 'DKvqeTE8Kg', '편월명', '금성백조주택', '0', '0', '0', '0'),
('jo_D5Vc1i', 'bwrkLCGTTw', '신랑송', '서한', '0', '0', '0', '0'),
('jo_6Z9XHI', 'QyhxvdsWUP', '용병추', '중흥건설', '0', '0', '0', '0'),
('jo_OYvPHl', 'fhRC2fDjT8', '고병학', '동양건설산업', '0', '0', '0', '0'),
('jo_wpQb9I', 'gn7UqjntLA', '설규황', '씨제이대한통운', '0', '0', '0', '0');
INSERT INTO construction_site (construction_site_id, jo_id, location) VALUES 
('site_jm7NbL2tM1', 'jo_8X4U3L', '광주광역시 동구'),
('site_LOMSUCoik1', 'jo_yCy9sQ', '광주광역시 북구'),
('site_Q5DtiDT0Hh', 'jo_omcb3Q', '부산광역시 서구'),
('site_NV7IPkPmHf', 'jo_E7wzKc', '대전광역시 동구'),
('site_enwnjglmwv', 'jo_SGtS3R', '서울특별시 용산구'),
('site_Vb28SqzEGm', 'jo_HN9hDO', '울산광역시 북구'),
('site_IrYVmkjhfg', 'jo_wpQb9I', '서울특별시 양천구'),
('site_1C3G6az8w4', 'jo_GVPNuG', '대구광역시 동구'),
('site_6S6FQ4p5fr', 'jo_gF7O7M', '울산광역시 중구'),
('site_ftJxm1lZwL', 'jo_JfhshO', '서울특별시 중랑구'),
('site_cjBqTAsdWw', 'jo_CSJWZW', '부산광역시 서구'),
('site_2kJYTwRM5b', 'jo_HWtmUd', '서울특별시 종로구'),
('site_Rnxu4ncLBL', 'jo_omcb3Q', '서울특별시 중랑구'),
('site_nYGffWX40i', 'jo_wodUgE', '경기도 의정부시'),
('site_iSGikJkyuE', 'jo_rsgpW8', '대전광역시 중구'),
('site_YNhwvwxROB', 'jo_HWtmUd', '부산광역시 부산진구'),
('site_kRDe3n7DKn', 'jo_sTTEkd', '경기도 광명시'),
('site_wWvpnQqVhn', 'jo_rsgpW8', '광주광역시 북구'),
('site_fcr2gVuuF2', 'jo_rsgpW8', '대구광역시 중구'),
('site_l6a2PjtK8L', 'jo_D5Vc1i', '부산광역시 동래구'),
('site_eq75gGoMVZ', 'jo_AVUhvQ', '경기도 성남시 분당구'),
('site_M0stltI0q5', 'jo_3CH709', '서울특별시 노원구'),
('site_o1IuvsY1XD', 'jo_uvpycG', '경기도 안양시 만안구'),
('site_0npOcQ06nI', 'jo_SGtS3R', '경기도 성남시 분당구'),
('site_Ya8V0YvcXB', 'jo_yCy9sQ', '대구광역시 남구'),
('site_Gug2P3J7P2', 'jo_RrNgnn', '부산광역시 서구'),
('site_DAeDigKahX', 'jo_D5Vc1i', '경기도 수원시 장안구'),
('site_8a0vFjG6ru', 'jo_RrNgnn', '서울특별시 성북구'),
('site_aUuIsuXMeY', 'jo_oG3aju', '경기도 성남시 중원구'),
('site_voLdavRKKa', 'jo_E7wzKc', '울산광역시 중구'),
('site_bkjmx1TXGx', 'jo_GVPNuG', '인천광역시 미추홀구'),
('site_hv8lcoLRZv', 'jo_2PzvIE', '광주광역시 동구'),
('site_8vkw7SSlUo', 'jo_KOCGaQ', '부산광역시 동래구'),
('site_DzzjCa8yLN', 'jo_GVPNuG', '서울특별시 종로구'),
('site_3P0iiIIJ6D', 'jo_AVUhvQ', '광주광역시 동구'),
('site_15tEpIw7fN', 'jo_f99ri8', '서울특별시 양천구'),
('site_grqgLcbcgD', 'jo_lSW8Md', '광주광역시 남구'),
('site_42BRyTRBOo', 'jo_FoQvYm', '광주광역시 동구'),
('site_EKi7Wij8Ui', 'jo_dKdekn', '서울특별시 동대문구'),
('site_jn5E68Ns6z', 'jo_neiABY', '서울특별시 중구'),
('site_xVOCZM9Vl8', 'jo_XNhwVO', '인천광역시 동구'),
('site_9fjeglLrga', 'jo_vStb22', '울산광역시 동구'),
('site_R6wExw0T5D', 'jo_GNQde5', '부산광역시 남구'),
('site_WVLvgOBn0N', 'jo_omcb3Q', '울산광역시 북구'),
('site_mB4W7ZugwK', 'jo_RrNgnn', '경기도 수원시 장안구'),
('site_9911zgjSL6', 'jo_khOLAa', '서울특별시 광진구'),
('site_fQZg9tv7hP', 'jo_TrQ2lt', '서울특별시 종로구'),
('site_A5ItpHm0wb', 'jo_sTTEkd', '울산광역시 울주군'),
('site_8bX4NbBp1x', 'jo_AVUhvQ', '대구광역시 서구'),
('site_kw6L2ABfDo', 'jo_tPgkiK', '대구광역시 동구'),
('site_ZKzG6w5Xxl', 'jo_zOB4YC', '대전광역시 서구'),
('site_EpeQ5vc683', 'jo_o3VstU', '대전광역시 서구'),
('site_Y8CHJNPVZV', 'jo_1sKVTP', '서울특별시 은평구'),
('site_ExnZti9wA8', 'jo_HN9hDO', '경기도 수원시 팔달구'),
('site_kIpkxpS7qU', 'jo_JfhshO', '부산광역시 중구'),
('site_rqYo3HPHrc', 'jo_vStb22', '부산광역시 서구'),
('site_hkozrUPKyn', 'jo_1sKVTP', '경기도 의정부시'),
('site_bpypcKA5vo', 'jo_TrQ2lt', '인천광역시 연수구'),
('site_qmiT4bqcd9', 'jo_D5Vc1i', '인천광역시 남동구'),
('site_UJha9wERqF', 'jo_CSJWZW', '서울특별시 강북구'),
('site_244mgozGZE', 'jo_FoQvYm', '경기도 성남시 분당구'),
('site_7EUNM7MFxx', 'jo_rsgpW8', '부산광역시 서구'),
('site_D4OxXhNkm3', 'jo_XNhwVO', '부산광역시 북구'),
('site_CUgdQb6zBn', 'jo_HWtmUd', '서울특별시 중구'),
('site_nSbFPBI4qX', 'jo_2PzvIE', '경기도 수원시 장안구'),
('site_xTcMOTEmTn', 'jo_KOCGaQ', '서울특별시 중랑구'),
('site_g9UhFpMYbU', 'jo_GNQde5', '경기도 부천시 '),
('site_nhqDHrsoUu', 'jo_f99ri8', '경기도 평택시'),
('site_lXiEKPYCLt', 'jo_KOCGaQ', '서울특별시 광진구'),
('site_Jpf6Sp6ouM', 'jo_87wRDC', '경기도 수원시 장안구'),
('site_LplaWnJ1QL', 'jo_lSW8Md', '부산광역시 남구'),
('site_EamoiDj1Qi', 'jo_4uUyTV', '대구광역시 중구'),
('site_pwp5NXfPE9', 'jo_E7wzKc', '대구광역시 서구'),
('site_Gkz2Ztldon', 'jo_lSW8Md', '광주광역시 광산구'),
('site_3fyTgEPfDB', 'jo_3CH709', '경기도 평택시'),
('site_vkn1WkNmhz', 'jo_dKdekn', '인천광역시 연수구'),
('site_fQ3NZWMnDV', 'jo_FoQvYm', '대전광역시 서구'),
('site_wiU3IFESNP', 'jo_uvpycG', '경기도 부천시 '),
('site_rN7w9PhR8J', 'jo_bT1ZrM', '부산광역시 남구'),
('site_iDCyHI17UT', 'jo_wpQb9I', '인천광역시 중구'),
('site_MvpxnZrDyM', 'jo_gF7O7M', '서울특별시 은평구'),
('site_16UuHOETIo', 'jo_zOB4YC', '부산광역시 북구'),
('site_sQYtBlWZ7F', 'jo_o3VstU', '경기도 안양시 동안구'),
('site_W6troVT0NM', 'jo_AVUhvQ', '서울특별시 용산구'),
('site_SYyj39c4SH', 'jo_CSJWZW', '경기도 안양시 동안구'),
('site_4Bl7yI7d4j', 'jo_f99ri8', '대구광역시 북구'),
('site_SSSaQGh3MY', 'jo_SGtS3R', '서울특별시 성북구'),
('site_jThJDigQjK', 'jo_OYvPHl', '서울특별시 광진구'),
('site_qnhJOl0cVN', 'jo_AVUhvQ', '서울특별시 중구'),
('site_wKSt83T5d5', 'jo_SGtS3R', '서울특별시 중구'),
('site_hvAv1oQyXC', 'jo_bT1ZrM', '서울특별시 은평구'),
('site_4WXFjF0yij', 'jo_wodUgE', '서울특별시 노원구'),
('site_Kr87X6roKA', 'jo_SsghFO', '경기도 광명시'),
('site_CrKhJNTtV2', 'jo_o3VstU', '대전광역시 대덕구'),
('site_2ZFT4sP2UY', 'jo_omcb3Q', '대구광역시 남구'),
('site_ov0ngdYICF', 'jo_SGtS3R', '서울특별시 성북구'),
('site_Kha9GUC7cl', 'jo_bT1ZrM', '부산광역시 남구'),
('site_OOnuwzqcJ7', 'jo_L4rAwV', '경기도 안양시 동안구'),
('site_uZxLxJXtEB', 'jo_lSW8Md', '대전광역시 동구'),
('site_hBQ6uVnKWn', 'jo_zV37Pf', '서울특별시 노원구');
INSERT INTO job_offer_posting (job_offer_posting_id, requirement_job_class, offer_wage, required_career, booked, construction_site_id, closing_date) VALUES 
('JOP_3Typws', '포설공', '122000', 4, '0', 'site_wiU3IFESNP', '2023-10-03'), 
('JOP_GaKvbe', '포설공', '140000', 12, '0', 'site_wKSt83T5d5', '2023-10-20'), 
('JOP_iu2ulI', '콘크리트공', '131000', 18, '0', 'site_EamoiDj1Qi', '2023-10-23'), 
('JOP_0uLGkX', '제도사', '171000', 2, '0', 'site_mB4W7ZugwK', '2023-11-01'), 
('JOP_MCT1z0', '비계공', '101000', 18, '0', 'site_qnhJOl0cVN', '2023-09-15'), 
('JOP_1TbITA', '착암공', '120000', 6, '0', 'site_42BRyTRBOo', '2023-09-30'), 
('JOP_WxsNJK', '제도사', '167000', 5, '0', 'site_3P0iiIIJ6D', '2023-10-04'), 
('JOP_ng5wFZ', '조력공', '152000', 5, '0', 'site_DAeDigKahX', '2023-11-05'), 
('JOP_T2NN9Q', '화약취급공', '164000', 20, '0', 'site_l6a2PjtK8L', '2023-09-25'), 
('JOP_JujE7g', '철근공', '101000', 13, '0', 'site_voLdavRKKa', '2023-11-08'), 
('JOP_6jG9HI', '보통인부', '153000', 2, '0', 'site_Kha9GUC7cl', '2023-11-01'), 
('JOP_1n5scD', '화약취급공', '162000', 14, '0', 'site_jn5E68Ns6z', '2023-10-04'), 
('JOP_HqaBb5', '철골공', '145000', 5, '0', 'site_W6troVT0NM', '2023-10-10'), 
('JOP_AvaqPC', '보통인부', '123000', 13, '0', 'site_NV7IPkPmHf', '2023-10-18'), 
('JOP_o7ABIz', '조력공', '127000', 17, '0', 'site_Q5DtiDT0Hh', '2023-09-23'), 
('JOP_GyMpCt', '제도사', '109000', 3, '0', 'site_7EUNM7MFxx', '2023-10-30'), 
('JOP_DT4sfH', '특별인부', '179000', 6, '0', 'site_6S6FQ4p5fr', '2023-10-18'), 
('JOP_FEs92A', '조적공', '149000', 13, '0', 'site_rN7w9PhR8J', '2023-10-04'), 
('JOP_cpvCcz', '형틀목공', '143000', 0, '0', 'site_YNhwvwxROB', '2023-10-25'), 
('JOP_p8FnL4', '조적공', '155000', 10, '0', 'site_ftJxm1lZwL', '2023-10-19'), 
('JOP_ZBGamu', '철공', '118000', 1, '0', 'site_9fjeglLrga', '2023-09-27'), 
('JOP_jz6Iu5', '철공', '163000', 11, '0', 'site_EKi7Wij8Ui', '2023-10-14'), 
('JOP_2vMSn6', '작업반장', '188000', 3, '0', 'site_Jpf6Sp6ouM', '2023-11-07'), 
('JOP_vznPaK', '보통인부', '141000', 16, '0', 'site_enwnjglmwv', '2023-10-08'), 
('JOP_SN3eCN', '보링공', '172000', 3, '0', 'site_hvAv1oQyXC', '2023-11-08'), 
('JOP_O1RhRZ', '특별인부', '160000', 16, '0', 'site_l6a2PjtK8L', '2023-10-20'), 
('JOP_qY3Mui', '작업반장', '191000', 17, '0', 'site_Ya8V0YvcXB', '2023-10-09'), 
('JOP_nRPegG', '용접공', '177000', 15, '0', 'site_16UuHOETIo', '2023-11-07'), 
('JOP_l8BcQA', '작업반장', '125000', 8, '0', 'site_bkjmx1TXGx', '2023-10-26'), 
('JOP_LgE6PN', '포설공', '169000', 18, '0', 'site_wKSt83T5d5', '2023-09-27'), 
('JOP_lSXqgx', '용접공', '151000', 17, '0', 'site_rqYo3HPHrc', '2023-10-12'), 
('JOP_MYrwsw', '형틀목공', '143000', 1, '0', 'site_6S6FQ4p5fr', '2023-10-05'), 
('JOP_cm3blb', '철판공', '187000', 10, '0', 'site_7EUNM7MFxx', '2023-09-30'), 
('JOP_ZZIvZY', '철판공', '192000', 4, '0', 'site_bpypcKA5vo', '2023-09-27'), 
('JOP_FaMkl4', '조적공', '191000', 19, '0', 'site_fQZg9tv7hP', '2023-11-04'), 
('JOP_VxK9Go', '제도사', '122000', 11, '0', 'site_4WXFjF0yij', '2023-11-08'), 
('JOP_QdVKBK', '비계공', '109000', 2, '0', 'site_DzzjCa8yLN', '2023-10-20'), 
('JOP_hjeSam', '철공', '171000', 19, '0', 'site_DzzjCa8yLN', '2023-09-25'), 
('JOP_PzyErw', '포설공', '121000', 10, '0', 'site_nSbFPBI4qX', '2023-10-03'), 
('JOP_pp5mLO', '보통인부', '153000', 19, '0', 'site_wWvpnQqVhn', '2023-09-20'), 
('JOP_0IoNDV', '조적공', '135000', 5, '0', 'site_CrKhJNTtV2', '2023-11-09'), 
('JOP_RhxHxL', '철공', '198000', 8, '0', 'site_SYyj39c4SH', '2023-10-15'), 
('JOP_ZWzUQG', '형틀목공', '188000', 9, '0', 'site_hBQ6uVnKWn', '2023-09-28'), 
('JOP_4lm3jy', '할석공', '160000', 9, '0', 'site_NV7IPkPmHf', '2023-10-17'), 
('JOP_SEU4sG', '비계공', '194000', 7, '0', 'site_A5ItpHm0wb', '2023-10-03'), 
('JOP_mhYfCS', '제도사', '125000', 0, '0', 'site_rN7w9PhR8J', '2023-10-09'), 
('JOP_6biNBq', '착암공', '108000', 16, '0', 'site_EamoiDj1Qi', '2023-10-13'), 
('JOP_ldiMO7', '특별인부', '124000', 20, '0', 'site_EpeQ5vc683', '2023-10-14'), 
('JOP_WocRKT', '작업반장', '146000', 0, '0', 'site_CrKhJNTtV2', '2023-10-05'), 
('JOP_P3QESm', '조력공', '170000', 20, '0', 'site_qmiT4bqcd9', '2023-11-04'), 
('JOP_v17XkA', '보통인부', '149000', 15, '0', 'site_42BRyTRBOo', '2023-11-12'), 
('JOP_dxtP3H', '비계공', '180000', 7, '0', 'site_Kr87X6roKA', '2023-10-16'), 
('JOP_2reFQQ', '착암공', '149000', 14, '0', 'site_enwnjglmwv', '2023-10-05'), 
('JOP_po8ix0', '형틀목공', '187000', 19, '0', 'site_LplaWnJ1QL', '2023-11-12'), 
('JOP_kIJBWq', '특별인부', '182000', 18, '0', 'site_3P0iiIIJ6D', '2023-09-28'), 
('JOP_TSbhJM', '착암공', '161000', 5, '0', 'site_9911zgjSL6', '2023-10-07'), 
('JOP_jFHdHQ', '착암공', '185000', 5, '0', 'site_nSbFPBI4qX', '2023-10-14'), 
('JOP_Xd63iH', '보링공', '167000', 20, '0', 'site_D4OxXhNkm3', '2023-09-21'), 
('JOP_lc1Rvo', '화약취급공', '120000', 17, '0', 'site_bkjmx1TXGx', '2023-09-16'), 
('JOP_EaEZHL', '콘크리트공', '131000', 7, '0', 'site_nYGffWX40i', '2023-11-04'), 
('JOP_u0OWzr', '보통인부', '174000', 15, '0', 'site_fQZg9tv7hP', '2023-09-26'), 
('JOP_EEbyJl', '화약취급공', '193000', 14, '0', 'site_15tEpIw7fN', '2023-09-25'), 
('JOP_kbHrKv', '제도사', '139000', 17, '0', 'site_lXiEKPYCLt', '2023-11-12'), 
('JOP_H2lNP1', '포설공', '168000', 10, '0', 'site_EpeQ5vc683', '2023-10-23'), 
('JOP_jx3dlx', '보링공', '188000', 4, '0', 'site_CrKhJNTtV2', '2023-11-01'), 
('JOP_trQOqZ', '특별인부', '151000', 4, '0', 'site_4WXFjF0yij', '2023-10-20'), 
('JOP_OUKeko', '철판공', '112000', 0, '0', 'site_3P0iiIIJ6D', '2023-09-27'), 
('JOP_YadvUk', '포설공', '191000', 11, '0', 'site_R6wExw0T5D', '2023-09-30'), 
('JOP_O5VAFq', '조력공', '101000', 18, '0', 'site_8bX4NbBp1x', '2023-10-12'), 
('JOP_y3VQXp', '할석공', '184000', 6, '0', 'site_4WXFjF0yij', '2023-10-12'), 
('JOP_wXw4Ru', '철근공', '128000', 10, '0', 'site_9911zgjSL6', '2023-10-02'), 
('JOP_NpaGSr', '작업반장', '153000', 7, '0', 'site_Rnxu4ncLBL', '2023-11-09'), 
('JOP_ySW1Ah', '조적공', '170000', 10, '0', 'site_aUuIsuXMeY', '2023-09-25'), 
('JOP_tZgMQx', '용접공', '118000', 10, '0', 'site_enwnjglmwv', '2023-11-13'), 
('JOP_WtCKdD', '보링공', '170000', 2, '0', 'site_2kJYTwRM5b', '2023-11-08'), 
('JOP_dv0pVF', '철공', '126000', 17, '0', 'site_wKSt83T5d5', '2023-11-05'), 
('JOP_NqOUsM', '착암공', '114000', 16, '0', 'site_grqgLcbcgD', '2023-10-04'), 
('JOP_0C6on2', '용접공', '136000', 20, '0', 'site_ftJxm1lZwL', '2023-10-08'), 
('JOP_0RHhyC', '철공', '171000', 6, '0', 'site_Gkz2Ztldon', '2023-10-26'), 
('JOP_lTFtEn', '콘크리트공', '160000', 8, '0', 'site_8vkw7SSlUo', '2023-11-06'), 
('JOP_tWX5OJ', '형틀목공', '150000', 13, '0', 'site_M0stltI0q5', '2023-10-13'), 
('JOP_hBmTMJ', '비계공', '138000', 0, '0', 'site_kw6L2ABfDo', '2023-11-09'), 
('JOP_RDhD1x', '포설공', '172000', 2, '0', 'site_42BRyTRBOo', '2023-11-07'), 
('JOP_9moy76', '특별인부', '194000', 18, '0', 'site_Gkz2Ztldon', '2023-10-06'), 
('JOP_etG8xX', '철공', '197000', 5, '0', 'site_Kr87X6roKA', '2023-10-05'), 
('JOP_S34i0r', '비계공', '138000', 1, '0', 'site_15tEpIw7fN', '2023-11-09'), 
('JOP_ZmC391', '철근공', '154000', 17, '0', 'site_xVOCZM9Vl8', '2023-10-06'), 
('JOP_rneQBw', '비계공', '147000', 18, '0', 'site_g9UhFpMYbU', '2023-11-01'), 
('JOP_cKcwnm', '포설공', '145000', 17, '0', 'site_kw6L2ABfDo', '2023-09-22'), 
('JOP_V85cO0', '철공', '181000', 4, '0', 'site_Rnxu4ncLBL', '2023-10-20'), 
('JOP_KZKHmh', '포설공', '114000', 9, '0', 'site_nhqDHrsoUu', '2023-10-26'), 
('JOP_lsFvmD', '철공', '123000', 4, '0', 'site_xVOCZM9Vl8', '2023-09-17'), 
('JOP_HiLUBw', '용접공', '181000', 3, '0', 'site_lXiEKPYCLt', '2023-09-22'), 
('JOP_0TAbYx', '보링공', '169000', 14, '0', 'site_15tEpIw7fN', '2023-11-01'), 
('JOP_e68gw7', '착암공', '116000', 19, '0', 'site_hv8lcoLRZv', '2023-10-06'), 
('JOP_T6h26r', '포장공', '192000', 0, '0', 'site_nYGffWX40i', '2023-09-20'), 
('JOP_rzQrjm', '제도사', '183000', 13, '0', 'site_M0stltI0q5', '2023-10-30'), 
('JOP_AtK1G9', '용접공', '159000', 16, '0', 'site_EamoiDj1Qi', '2023-09-17'), 
('JOP_iyj77E', '포설공', '122000', 4, '0', 'site_hv8lcoLRZv', '2023-10-31'), 
('JOP_LWykcY', '보통인부', '145000', 19, '0', 'site_qmiT4bqcd9', '2023-11-02'), 
('JOP_Rw0pZd', '용접공', '142000', 9, '0', 'site_EKi7Wij8Ui', '2023-10-03'), 
('JOP_GaeZiu', '비계공', '128000', 2, '0', 'site_15tEpIw7fN', '2023-11-13'), 
('JOP_0YUqVA', '포장공', '198000', 7, '0', 'site_vkn1WkNmhz', '2023-09-17'), 
('JOP_04TRGM', '철공', '146000', 14, '0', 'site_WVLvgOBn0N', '2023-10-11'), 
('JOP_S54PXZ', '작업반장', '185000', 12, '0', 'site_0npOcQ06nI', '2023-09-25'), 
('JOP_qSlqsN', '비계공', '158000', 14, '0', 'site_IrYVmkjhfg', '2023-10-09'), 
('JOP_UB4Jzf', '철공', '145000', 16, '0', 'site_lXiEKPYCLt', '2023-11-03'), 
('JOP_nc863t', '포장공', '200000', 19, '0', 'site_EKi7Wij8Ui', '2023-10-05'), 
('JOP_xJrF4Y', '콘크리트공', '181000', 2, '0', 'site_nhqDHrsoUu', '2023-10-31'), 
('JOP_llANb9', '착암공', '165000', 6, '0', 'site_fQZg9tv7hP', '2023-10-10'), 
('JOP_xwGKUG', '특별인부', '197000', 0, '0', 'site_vkn1WkNmhz', '2023-10-05'), 
('JOP_5O70n6', '철공', '120000', 6, '0', 'site_Jpf6Sp6ouM', '2023-11-09'), 
('JOP_1f793K', '형틀목공', '169000', 16, '0', 'site_7EUNM7MFxx', '2023-10-05'), 
('JOP_ikmII4', '화약취급공', '179000', 19, '0', 'site_iSGikJkyuE', '2023-09-19'), 
('JOP_TrGcfR', '포설공', '187000', 18, '0', 'site_qnhJOl0cVN', '2023-09-20'), 
('JOP_ISgt29', '할석공', '189000', 19, '0', 'site_R6wExw0T5D', '2023-10-16'), 
('JOP_HAMT33', '보링공', '153000', 13, '0', 'site_6S6FQ4p5fr', '2023-10-09'), 
('JOP_u132MP', '조적공', '155000', 19, '0', 'site_EKi7Wij8Ui', '2023-11-10'), 
('JOP_vuJt2w', '작업반장', '177000', 14, '0', 'site_vkn1WkNmhz', '2023-11-12'), 
('JOP_PlTyZi', '포장공', '110000', 14, '0', 'site_wiU3IFESNP', '2023-10-03'), 
('JOP_QKHPyd', '포장공', '120000', 20, '0', 'site_M0stltI0q5', '2023-10-09'), 
('JOP_tBiCxY', '포장공', '163000', 3, '0', 'site_SSSaQGh3MY', '2023-09-21'), 
('JOP_rYzST6', '할석공', '108000', 19, '0', 'site_wiU3IFESNP', '2023-10-31'), 
('JOP_AddgoK', '철공', '112000', 10, '0', 'site_jThJDigQjK', '2023-09-21'), 
('JOP_yytJVj', '제도사', '100000', 19, '0', 'site_W6troVT0NM', '2023-10-16'), 
('JOP_vyPUIQ', '철골공', '187000', 8, '0', 'site_2kJYTwRM5b', '2023-09-22'), 
('JOP_wMz6qs', '포설공', '191000', 9, '0', 'site_Gug2P3J7P2', '2023-10-24'), 
('JOP_nMDxsQ', '특별인부', '157000', 17, '0', 'site_EKi7Wij8Ui', '2023-10-15'), 
('JOP_aX82ra', '콘크리트공', '179000', 19, '0', 'site_grqgLcbcgD', '2023-09-17'), 
('JOP_thPgXn', '보링공', '142000', 11, '0', 'site_R6wExw0T5D', '2023-09-18'), 
('JOP_qL9fe8', '비계공', '174000', 8, '0', 'site_8vkw7SSlUo', '2023-10-20'), 
('JOP_KuBk4I', '할석공', '147000', 4, '0', 'site_0npOcQ06nI', '2023-09-22'), 
('JOP_580iPf', '철공', '109000', 20, '0', 'site_1C3G6az8w4', '2023-10-11'), 
('JOP_axZapx', '보통인부', '186000', 14, '0', 'site_Kr87X6roKA', '2023-10-02'), 
('JOP_OcbA9e', '포설공', '148000', 9, '0', 'site_EpeQ5vc683', '2023-11-07'), 
('JOP_coNHXZ', '보링공', '155000', 6, '0', 'site_DAeDigKahX', '2023-10-30'), 
('JOP_73JCmf', '형틀목공', '102000', 5, '0', 'site_LplaWnJ1QL', '2023-09-19'), 
('JOP_hc85O5', '철판공', '164000', 2, '0', 'site_uZxLxJXtEB', '2023-09-19'), 
('JOP_nqmHNY', '조적공', '169000', 19, '0', 'site_hBQ6uVnKWn', '2023-09-17'), 
('JOP_MS9zy5', '용접공', '105000', 18, '0', 'site_A5ItpHm0wb', '2023-10-12'), 
('JOP_wsSEFG', '포설공', '183000', 6, '0', 'site_ftJxm1lZwL', '2023-11-11'), 
('JOP_M9wLaB', '비계공', '149000', 2, '0', 'site_fcr2gVuuF2', '2023-10-13'), 
('JOP_DrapNf', '철공', '104000', 5, '0', 'site_nYGffWX40i', '2023-10-30'), 
('JOP_t5dCe4', '포장공', '180000', 10, '0', 'site_ZKzG6w5Xxl', '2023-10-21'), 
('JOP_bvRNCe', '비계공', '143000', 8, '0', 'site_2ZFT4sP2UY', '2023-10-01'), 
('JOP_rsdsi7', '비계공', '139000', 3, '0', 'site_7EUNM7MFxx', '2023-10-05'), 
('JOP_6cfV5P', '조력공', '156000', 10, '0', 'site_3fyTgEPfDB', '2023-09-17'), 
('JOP_0oo3Vo', '철근공', '141000', 11, '0', 'site_sQYtBlWZ7F', '2023-10-27'), 
('JOP_wNFp6y', '철판공', '139000', 8, '0', 'site_R6wExw0T5D', '2023-10-17'), 
('JOP_Igb3pG', '용접공', '126000', 7, '0', 'site_wiU3IFESNP', '2023-10-23'), 
('JOP_me96HC', '철판공', '194000', 7, '0', 'site_OOnuwzqcJ7', '2023-10-16'), 
('JOP_TrnAtl', '콘크리트공', '179000', 15, '0', 'site_kIpkxpS7qU', '2023-10-01'), 
('JOP_sQ7Ntz', '보통인부', '194000', 3, '0', 'site_hv8lcoLRZv', '2023-09-16'), 
('JOP_Dhri6W', '제도사', '168000', 19, '0', 'site_EKi7Wij8Ui', '2023-09-15'), 
('JOP_QlEWiU', '제도사', '107000', 13, '0', 'site_9fjeglLrga', '2023-10-20'), 
('JOP_L75jnS', '철근공', '136000', 0, '0', 'site_sQYtBlWZ7F', '2023-10-16'), 
('JOP_BXEpm1', '철골공', '117000', 11, '0', 'site_8a0vFjG6ru', '2023-11-11'), 
('JOP_IX2nNr', '특별인부', '100000', 9, '0', 'site_NV7IPkPmHf', '2023-10-20'), 
('JOP_4hMmCF', '철근공', '174000', 19, '0', 'site_Vb28SqzEGm', '2023-10-22'), 
('JOP_Oijk9L', '특별인부', '169000', 16, '0', 'site_iSGikJkyuE', '2023-11-02'), 
('JOP_ohQ5bC', '콘크리트공', '156000', 9, '0', 'site_DAeDigKahX', '2023-09-24'), 
('JOP_vGTlBq', '조적공', '192000', 10, '0', 'site_g9UhFpMYbU', '2023-09-15'), 
('JOP_OlA67N', '특별인부', '174000', 12, '0', 'site_M0stltI0q5', '2023-10-29'), 
('JOP_WHhdJc', '형틀목공', '130000', 17, '0', 'site_fQ3NZWMnDV', '2023-09-16'), 
('JOP_rfWrox', '철골공', '121000', 10, '0', 'site_A5ItpHm0wb', '2023-11-03'), 
('JOP_EMvQCs', '철골공', '120000', 6, '0', 'site_SYyj39c4SH', '2023-10-27'), 
('JOP_R0H8TM', '화약취급공', '129000', 10, '0', 'site_cjBqTAsdWw', '2023-10-17'), 
('JOP_VNjPXS', '용접공', '107000', 20, '0', 'site_Kr87X6roKA', '2023-10-25'), 
('JOP_IpB9wI', '비계공', '176000', 6, '0', 'site_2ZFT4sP2UY', '2023-10-12'), 
('JOP_956i69', '콘크리트공', '118000', 5, '0', 'site_aUuIsuXMeY', '2023-11-11'), 
('JOP_aybhxt', '착암공', '131000', 9, '0', 'site_16UuHOETIo', '2023-10-19'), 
('JOP_lsiMWw', '포장공', '135000', 16, '0', 'site_hkozrUPKyn', '2023-10-13'), 
('JOP_BNdsBs', '용접공', '160000', 7, '0', 'site_rN7w9PhR8J', '2023-09-29'), 
('JOP_3kld1B', '보링공', '132000', 16, '0', 'site_qnhJOl0cVN', '2023-10-29'), 
('JOP_wcNn62', '철공', '180000', 13, '0', 'site_WVLvgOBn0N', '2023-10-04'), 
('JOP_pCzuFl', '포장공', '167000', 1, '0', 'site_Ya8V0YvcXB', '2023-10-03'), 
('JOP_5qHgcY', '철판공', '200000', 14, '0', 'site_7EUNM7MFxx', '2023-09-24'), 
('JOP_y2wBPT', '철골공', '172000', 15, '0', 'site_M0stltI0q5', '2023-09-30'), 
('JOP_2G35Aj', '화약취급공', '163000', 2, '0', 'site_kIpkxpS7qU', '2023-09-19'), 
('JOP_PNMZoW', '특별인부', '186000', 3, '0', 'site_lXiEKPYCLt', '2023-10-31'), 
('JOP_taDBqj', '할석공', '126000', 14, '0', 'site_SSSaQGh3MY', '2023-10-13'), 
('JOP_HMs3Lt', '철공', '164000', 19, '0', 'site_CrKhJNTtV2', '2023-09-24'), 
('JOP_zovNpX', '조적공', '142000', 16, '0', 'site_15tEpIw7fN', '2023-11-08'), 
('JOP_JjDMxV', '할석공', '175000', 15, '0', 'site_Rnxu4ncLBL', '2023-10-01'), 
('JOP_rOzS8G', '작업반장', '195000', 20, '0', 'site_UJha9wERqF', '2023-10-03'), 
('JOP_KD1eu8', '철판공', '123000', 20, '0', 'site_NV7IPkPmHf', '2023-10-16'), 
('JOP_jFKnhX', '철판공', '119000', 10, '0', 'site_xVOCZM9Vl8', '2023-11-10'), 
('JOP_hxzyqq', '보링공', '185000', 1, '0', 'site_nhqDHrsoUu', '2023-09-26'), 
('JOP_qE1ig0', '착암공', '180000', 7, '0', 'site_1C3G6az8w4', '2023-11-01'), 
('JOP_yoHmSp', '제도사', '110000', 19, '0', 'site_qmiT4bqcd9', '2023-10-12'), 
('JOP_4IWD1A', '할석공', '104000', 4, '0', 'site_mB4W7ZugwK', '2023-11-05'), 
('JOP_MM9nKi', '철골공', '170000', 6, '0', 'site_uZxLxJXtEB', '2023-10-12'), 
('JOP_bO2rhN', '철골공', '196000', 7, '0', 'site_NV7IPkPmHf', '2023-10-08'), 
('JOP_wNcKH9', '포장공', '140000', 1, '0', 'site_fQZg9tv7hP', '2023-10-04'), 
('JOP_EnNQjn', '특별인부', '112000', 10, '0', 'site_7EUNM7MFxx', '2023-10-16'), 
('JOP_0yJfrH', '작업반장', '179000', 20, '0', 'site_bpypcKA5vo', '2023-10-07'), 
('JOP_7p8R3b', '콘크리트공', '164000', 19, '0', 'site_LOMSUCoik1', '2023-10-19'), 
('JOP_GePEhL', '착암공', '160000', 17, '0', 'site_7EUNM7MFxx', '2023-09-17'), 
('JOP_qvNZMQ', '비계공', '151000', 13, '0', 'site_DzzjCa8yLN', '2023-11-03'), 
('JOP_59NH6O', '조적공', '116000', 16, '0', 'site_kw6L2ABfDo', '2023-09-15'), 
('JOP_I859cF', '보링공', '117000', 6, '0', 'site_wiU3IFESNP', '2024-01-11'), 
('JOP_FC5HMG', '작업반장', '112000', 2, '0', 'site_Jpf6Sp6ouM', '2023-12-20'), 
('JOP_VjinXJ', '제도사', '188000', 19, '0', 'site_Gug2P3J7P2', '2024-01-07'), 
('JOP_Hh3xba', '착암공', '125000', 0, '0', 'site_D4OxXhNkm3', '2023-12-20'), 
('JOP_hF0ToJ', '철근공', '126000', 15, '0', 'site_pwp5NXfPE9', '2023-12-15'), 
('JOP_mVcYpm', '철근공', '138000', 1, '0', 'site_M0stltI0q5', '2023-12-04'), 
('JOP_IIAmhX', '할석공', '199000', 12, '0', 'site_ExnZti9wA8', '2023-12-06'), 
('JOP_MQQXZs', '화약취급공', '136000', 1, '0', 'site_sQYtBlWZ7F', '2023-12-20'), 
('JOP_rmDtun', '포장공', '183000', 6, '0', 'site_qmiT4bqcd9', '2023-12-19'), 
('JOP_TqM02z', '비계공', '109000', 2, '0', 'site_nYGffWX40i', '2023-12-22'), 
('JOP_diSE5C', '철골공', '137000', 14, '0', 'site_IrYVmkjhfg', '2023-12-26'), 
('JOP_Ft2cWw', '철근공', '200000', 11, '0', 'site_voLdavRKKa', '2023-12-31'), 
('JOP_RhgFoo', '작업반장', '173000', 7, '0', 'site_wWvpnQqVhn', '2023-12-26'), 
('JOP_e18nqE', '보통인부', '183000', 0, '0', 'site_bpypcKA5vo', '2023-12-01'), 
('JOP_IJse7I', '철판공', '188000', 4, '0', 'site_9fjeglLrga', '2024-01-10'), 
('JOP_1EQYAS', '특별인부', '198000', 7, '0', 'site_8a0vFjG6ru', '2023-12-12'), 
('JOP_DU1V9U', '형틀목공', '125000', 7, '0', 'site_EamoiDj1Qi', '2024-01-09'), 
('JOP_8wIBGH', '보링공', '106000', 7, '0', 'site_0npOcQ06nI', '2023-12-13'), 
('JOP_awc71X', '보링공', '180000', 11, '0', 'site_rN7w9PhR8J', '2023-12-21'), 
('JOP_mAzmew', '형틀목공', '185000', 14, '0', 'site_OOnuwzqcJ7', '2023-11-17'), 
('JOP_Ry9Jvh', '철공', '125000', 20, '0', 'site_CUgdQb6zBn', '2023-11-13'), 
('JOP_XdmL4D', '보통인부', '136000', 4, '0', 'site_OOnuwzqcJ7', '2023-11-25'), 
('JOP_icCuEC', '착암공', '180000', 6, '0', 'site_LplaWnJ1QL', '2024-01-02'), 
('JOP_mVhV9E', '포장공', '123000', 9, '0', 'site_bkjmx1TXGx', '2024-01-11'), 
('JOP_vUavEN', '포장공', '112000', 7, '0', 'site_hvAv1oQyXC', '2023-11-25'), 
('JOP_NBxWHk', '착암공', '138000', 3, '0', 'site_jn5E68Ns6z', '2023-12-11'), 
('JOP_lEIsNl', '화약취급공', '189000', 0, '0', 'site_Gkz2Ztldon', '2023-11-18'), 
('JOP_9JMyZC', '철근공', '102000', 15, '0', 'site_244mgozGZE', '2024-01-05'), 
('JOP_Rd8v5z', '조적공', '121000', 1, '0', 'site_OOnuwzqcJ7', '2023-12-10'), 
('JOP_oVniPO', '형틀목공', '177000', 4, '0', 'site_Ya8V0YvcXB', '2023-12-26'), 
('JOP_EIIWAB', '특별인부', '112000', 10, '0', 'site_nYGffWX40i', '2023-12-29'), 
('JOP_bSdh98', '포설공', '159000', 4, '0', 'site_qmiT4bqcd9', '2023-12-14'), 
('JOP_ilDxr1', '착암공', '127000', 20, '0', 'site_jn5E68Ns6z', '2023-12-12'), 
('JOP_wmajxQ', '보통인부', '128000', 5, '0', 'site_cjBqTAsdWw', '2024-01-04'), 
('JOP_USgtmk', '화약취급공', '186000', 9, '0', 'site_EamoiDj1Qi', '2023-11-28'), 
('JOP_OlSl3U', '콘크리트공', '134000', 20, '0', 'site_OOnuwzqcJ7', '2023-12-04'), 
('JOP_kz2BE8', '특별인부', '200000', 0, '0', 'site_o1IuvsY1XD', '2023-12-04'), 
('JOP_M6AAoH', '화약취급공', '155000', 20, '0', 'site_g9UhFpMYbU', '2023-11-18'), 
('JOP_MhYCJS', '조력공', '159000', 15, '0', 'site_qmiT4bqcd9', '2024-01-10'), 
('JOP_UEp693', '비계공', '151000', 14, '0', 'site_CrKhJNTtV2', '2023-12-16'), 
('JOP_AwTLFZ', '조력공', '182000', 2, '0', 'site_Y8CHJNPVZV', '2023-12-25'), 
('JOP_TYi7Mf', '형틀목공', '143000', 3, '0', 'site_xTcMOTEmTn', '2023-12-29'), 
('JOP_gnLvll', '조적공', '181000', 16, '0', 'site_nYGffWX40i', '2024-01-10'), 
('JOP_hdQBb1', '특별인부', '173000', 19, '0', 'site_9911zgjSL6', '2023-12-13'), 
('JOP_UmTo7H', '포장공', '144000', 16, '0', 'site_OOnuwzqcJ7', '2023-12-02'), 
('JOP_i8gLGr', '포장공', '179000', 20, '0', 'site_LOMSUCoik1', '2023-11-19'), 
('JOP_kX1G0L', '포장공', '146000', 19, '0', 'site_DAeDigKahX', '2024-01-07'), 
('JOP_cFWYlO', '철판공', '195000', 5, '0', 'site_DAeDigKahX', '2023-12-03'), 
('JOP_FGovYq', '용접공', '193000', 6, '0', 'site_A5ItpHm0wb', '2023-11-15'), 
('JOP_GtW0DI', '콘크리트공', '122000', 10, '0', 'site_4Bl7yI7d4j', '2023-12-26'), 
('JOP_UEwrUc', '철근공', '182000', 7, '0', 'site_EamoiDj1Qi', '2024-01-08'), 
('JOP_9Vf8v1', '보링공', '171000', 10, '0', 'site_2ZFT4sP2UY', '2023-11-25'), 
('JOP_shI7Dq', '보통인부', '110000', 15, '0', 'site_ExnZti9wA8', '2023-12-08'), 
('JOP_YLZBek', '조적공', '103000', 2, '0', 'site_W6troVT0NM', '2023-11-22'), 
('JOP_N3aSwo', '조력공', '182000', 16, '0', 'site_6S6FQ4p5fr', '2023-12-12'), 
('JOP_56fhvg', '철근공', '187000', 17, '0', 'site_bpypcKA5vo', '2023-12-20'), 
('JOP_GSvnR6', '철판공', '178000', 17, '0', 'site_DzzjCa8yLN', '2023-11-14'), 
('JOP_jlHRKT', '포설공', '137000', 4, '0', 'site_WVLvgOBn0N', '2023-12-14'), 
('JOP_aUKyP3', '보통인부', '143000', 17, '0', 'site_sQYtBlWZ7F', '2023-12-18'), 
('JOP_t62VGB', '철판공', '120000', 4, '0', 'site_voLdavRKKa', '2023-11-27'), 
('JOP_9PjRNf', '포장공', '200000', 17, '0', 'site_Ya8V0YvcXB', '2023-11-19'), 
('JOP_g0iDdS', '철판공', '162000', 4, '0', 'site_rqYo3HPHrc', '2023-11-24'), 
('JOP_FxwR0C', '비계공', '131000', 0, '0', 'site_Y8CHJNPVZV', '2023-12-11'), 
('JOP_oIxczy', '콘크리트공', '149000', 4, '0', 'site_Kha9GUC7cl', '2023-12-02'), 
('JOP_8Icsqd', '착암공', '121000', 19, '0', 'site_SYyj39c4SH', '2023-11-18'), 
('JOP_qSodbq', '조력공', '115000', 12, '0', 'site_8a0vFjG6ru', '2023-12-14'), 
('JOP_yZU4zX', '착암공', '196000', 17, '0', 'site_Ya8V0YvcXB', '2023-12-20'), 
('JOP_cnQuYY', '용접공', '121000', 5, '0', 'site_nhqDHrsoUu', '2023-11-19'), 
('JOP_zEi1Ls', '철판공', '129000', 7, '0', 'site_sQYtBlWZ7F', '2023-12-25'), 
('JOP_qu8i1R', '착암공', '110000', 20, '0', 'site_l6a2PjtK8L', '2024-01-08'), 
('JOP_vd3GIc', '조적공', '108000', 14, '0', 'site_Rnxu4ncLBL', '2023-12-25'), 
('JOP_im33eV', '철판공', '159000', 9, '0', 'site_xTcMOTEmTn', '2023-11-19'), 
('JOP_h67Qvd', '할석공', '158000', 11, '0', 'site_qmiT4bqcd9', '2023-11-17'), 
('JOP_NMYed0', '할석공', '100000', 6, '0', 'site_9fjeglLrga', '2023-12-25'), 
('JOP_nEU2hC', '착암공', '101000', 17, '0', 'site_6S6FQ4p5fr', '2023-11-13'), 
('JOP_InWVWf', '보링공', '194000', 19, '0', 'site_4Bl7yI7d4j', '2023-12-27'), 
('JOP_dgaL4j', '형틀목공', '147000', 6, '0', 'site_aUuIsuXMeY', '2023-12-26'), 
('JOP_oXBnhW', '착암공', '108000', 19, '0', 'site_nYGffWX40i', '2024-01-06'), 
('JOP_7odlxe', '특별인부', '117000', 12, '0', 'site_0npOcQ06nI', '2023-11-27'), 
('JOP_kApsIG', '제도사', '144000', 17, '0', 'site_rqYo3HPHrc', '2023-12-24'), 
('JOP_nhPVAe', '콘크리트공', '128000', 6, '0', 'site_wiU3IFESNP', '2023-12-10'), 
('JOP_Afr3G6', '비계공', '185000', 9, '0', 'site_LOMSUCoik1', '2023-12-12'), 
('JOP_HF381c', '철골공', '100000', 17, '0', 'site_D4OxXhNkm3', '2023-12-10'), 
('JOP_44iHRZ', '철근공', '171000', 18, '0', 'site_16UuHOETIo', '2023-12-04'), 
('JOP_KF63SY', '특별인부', '134000', 9, '0', 'site_ZKzG6w5Xxl', '2023-12-05'), 
('JOP_VBq8Yq', '제도사', '111000', 15, '0', 'site_lXiEKPYCLt', '2023-11-24'), 
('JOP_3ASBKn', '철골공', '105000', 5, '0', 'site_kw6L2ABfDo', '2023-12-11'), 
('JOP_UNi5Q5', '철판공', '193000', 20, '0', 'site_LplaWnJ1QL', '2023-12-12'), 
('JOP_54KRyr', '철공', '150000', 14, '0', 'site_bpypcKA5vo', '2023-12-31'), 
('JOP_Dzn0XK', '할석공', '163000', 4, '0', 'site_Q5DtiDT0Hh', '2024-01-05'), 
('JOP_hBdABu', '할석공', '181000', 0, '0', 'site_1C3G6az8w4', '2023-11-23'), 
('JOP_0Emw39', '형틀목공', '131000', 7, '0', 'site_lXiEKPYCLt', '2024-01-01'), 
('JOP_kH4T1D', '화약취급공', '160000', 17, '0', 'site_Vb28SqzEGm', '2023-12-15'), 
('JOP_9oWoNo', '용접공', '105000', 9, '0', 'site_kw6L2ABfDo', '2024-01-07'), 
('JOP_OJJMJy', '콘크리트공', '170000', 17, '0', 'site_o1IuvsY1XD', '2023-12-05'), 
('JOP_JSGeEi', '특별인부', '123000', 2, '0', 'site_3fyTgEPfDB', '2023-11-15'), 
('JOP_otbC3Y', '조력공', '159000', 0, '0', 'site_hv8lcoLRZv', '2023-11-13'), 
('JOP_z3Suka', '철판공', '168000', 15, '0', 'site_o1IuvsY1XD', '2023-12-24'), 
('JOP_sBr568', '철골공', '132000', 10, '0', 'site_7EUNM7MFxx', '2024-01-01'), 
('JOP_CWyBOo', '비계공', '123000', 14, '0', 'site_MvpxnZrDyM', '2023-12-25'), 
('JOP_0akryM', '보통인부', '125000', 0, '0', 'site_jn5E68Ns6z', '2023-12-29'), 
('JOP_MkbMbY', '특별인부', '150000', 0, '0', 'site_8a0vFjG6ru', '2023-11-30'), 
('JOP_EQeJcU', '보통인부', '172000', 5, '0', 'site_ZKzG6w5Xxl', '2023-12-28'), 
('JOP_QtbErX', '보통인부', '172000', 20, '0', 'site_LOMSUCoik1', '2023-12-14'), 
('JOP_trfFqC', '용접공', '176000', 7, '0', 'site_NV7IPkPmHf', '2023-11-18'), 
('JOP_W8iNr9', '조력공', '125000', 13, '0', 'site_ov0ngdYICF', '2023-12-01'), 
('JOP_4o2J2a', '보통인부', '135000', 1, '0', 'site_EKi7Wij8Ui', '2024-01-05'), 
('JOP_wdSwN8', '착암공', '122000', 14, '0', 'site_M0stltI0q5', '2023-12-03'), 
('JOP_rdTOOc', '철판공', '154000', 17, '0', 'site_cjBqTAsdWw', '2024-01-07'), 
('JOP_pggtta', '철근공', '164000', 2, '0', 'site_2ZFT4sP2UY', '2023-12-12'), 
('JOP_AALHDf', '포설공', '108000', 19, '0', 'site_Q5DtiDT0Hh', '2024-01-05'), 
('JOP_4QmAKP', '포설공', '133000', 14, '0', 'site_iDCyHI17UT', '2023-11-17'), 
('JOP_OkTbne', '형틀목공', '127000', 19, '0', 'site_lXiEKPYCLt', '2023-12-07'), 
('JOP_LKpXiS', '착암공', '189000', 17, '0', 'site_rqYo3HPHrc', '2023-11-14'), 
('JOP_W9DlGk', '콘크리트공', '127000', 9, '0', 'site_4Bl7yI7d4j', '2023-12-16'), 
('JOP_BH6PIm', '조적공', '178000', 17, '0', 'site_qmiT4bqcd9', '2024-01-05'), 
('JOP_VEkPUz', '조적공', '174000', 17, '0', 'site_42BRyTRBOo', '2024-01-01'), 
('JOP_RkB0IQ', '철골공', '118000', 16, '0', 'site_CUgdQb6zBn', '2023-12-12'), 
('JOP_hUJVSe', '포설공', '187000', 1, '0', 'site_244mgozGZE', '2023-12-14'), 
('JOP_ULu9UK', '형틀목공', '126000', 19, '0', 'site_hvAv1oQyXC', '2023-12-04'), 
('JOP_v4yJVE', '용접공', '103000', 15, '0', 'site_LplaWnJ1QL', '2023-11-17'), 
('JOP_VBy09B', '포장공', '196000', 15, '0', 'site_jm7NbL2tM1', '2024-01-05'), 
('JOP_FFrDnQ', '작업반장', '101000', 7, '0', 'site_grqgLcbcgD', '2023-12-05'), 
('JOP_Regnts', '포설공', '100000', 3, '0', 'site_MvpxnZrDyM', '2023-11-14'), 
('JOP_c1GM1g', '형틀목공', '145000', 1, '0', 'site_4Bl7yI7d4j', '2023-12-03'), 
('JOP_MKE7OZ', '포설공', '172000', 11, '0', 'site_Kr87X6roKA', '2023-11-22'), 
('JOP_IRlPtJ', '철판공', '164000', 17, '0', 'site_mB4W7ZugwK', '2023-12-25'), 
('JOP_T6mpiI', '작업반장', '114000', 15, '0', 'site_42BRyTRBOo', '2023-12-24'), 
('JOP_ZCg344', '포장공', '175000', 19, '0', 'site_Gkz2Ztldon', '2023-12-08'), 
('JOP_G2xonS', '콘크리트공', '105000', 16, '0', 'site_nYGffWX40i', '2023-11-25'), 
('JOP_PGwdFu', '특별인부', '192000', 16, '0', 'site_M0stltI0q5', '2023-11-15'), 
('JOP_4Ap94V', '조적공', '135000', 8, '0', 'site_42BRyTRBOo', '2023-12-27'), 
('JOP_yQJvhd', '화약취급공', '186000', 20, '0', 'site_LplaWnJ1QL', '2023-12-19'), 
('JOP_UiPoWn', '특별인부', '113000', 10, '0', 'site_bkjmx1TXGx', '2024-01-05'), 
('JOP_S7MRvN', '포설공', '180000', 7, '0', 'site_UJha9wERqF', '2024-01-01'), 
('JOP_zvbNll', '철골공', '143000', 2, '0', 'site_MvpxnZrDyM', '2023-11-30'), 
('JOP_BmRqGt', '제도사', '125000', 19, '0', 'site_jThJDigQjK', '2024-01-10'), 
('JOP_4tqiBp', '철골공', '155000', 14, '0', 'site_YNhwvwxROB', '2023-11-17'), 
('JOP_MB7n1P', '제도사', '179000', 11, '0', 'site_Jpf6Sp6ouM', '2023-12-07'), 
('JOP_SoTSNZ', '용접공', '169000', 15, '0', 'site_kw6L2ABfDo', '2023-12-11'), 
('JOP_6EqpSC', '조력공', '133000', 5, '0', 'site_nSbFPBI4qX', '2023-12-26'), 
('JOP_dURXS1', '제도사', '155000', 12, '0', 'site_pwp5NXfPE9', '2023-12-30'), 
('JOP_diMkJE', '용접공', '165000', 4, '0', 'site_enwnjglmwv', '2024-01-11'), 
('JOP_T14x1W', '조적공', '134000', 3, '0', 'site_R6wExw0T5D', '2023-11-29'), 
('JOP_iTmYYa', '철근공', '166000', 8, '0', 'site_EKi7Wij8Ui', '2023-11-27'), 
('JOP_N4hdsP', '보링공', '195000', 16, '0', 'site_WVLvgOBn0N', '2024-01-03'), 
('JOP_nPnNjA', '특별인부', '193000', 20, '0', 'site_2kJYTwRM5b', '2023-12-02'), 
('JOP_2aWvFK', '특별인부', '130000', 4, '0', 'site_jThJDigQjK', '2023-11-15'), 
('JOP_W01np3', '조력공', '104000', 18, '0', 'site_fcr2gVuuF2', '2023-11-14'), 
('JOP_fYUrjy', '착암공', '119000', 7, '0', 'site_jn5E68Ns6z', '2023-12-30'), 
('JOP_FzH1Ty', '철근공', '132000', 13, '0', 'site_wWvpnQqVhn', '2024-01-11'), 
('JOP_xGxKPo', '철근공', '103000', 13, '0', 'site_eq75gGoMVZ', '2023-12-09'), 
('JOP_JQ9SlC', '철공', '156000', 8, '0', 'site_3fyTgEPfDB', '2023-12-21'), 
('JOP_ykE45S', '포설공', '148000', 17, '0', 'site_IrYVmkjhfg', '2023-12-28'), 
('JOP_5euS8D', '보통인부', '130000', 2, '0', 'site_kw6L2ABfDo', '2023-12-21'), 
('JOP_w3q8HC', '철판공', '132000', 12, '0', 'site_kw6L2ABfDo', '2023-11-19'), 
('JOP_NMbKkr', '포장공', '105000', 4, '0', 'site_Y8CHJNPVZV', '2024-01-09'), 
('JOP_iDyS1C', '포설공', '183000', 2, '0', 'site_CrKhJNTtV2', '2024-01-09'), 
('JOP_YpVlTD', '조력공', '149000', 15, '0', 'site_nSbFPBI4qX', '2023-11-25'), 
('JOP_xBOHfV', '철골공', '129000', 11, '0', 'site_Kha9GUC7cl', '2023-12-15'), 
('JOP_dNIyiT', '포설공', '199000', 15, '0', 'site_mB4W7ZugwK', '2024-01-01'), 
('JOP_IYQHP0', '철공', '148000', 9, '0', 'site_jm7NbL2tM1', '2023-12-09'), 
('JOP_sTtS0V', '철판공', '173000', 9, '0', 'site_DAeDigKahX', '2023-12-01'), 
('JOP_IYpH9o', '포설공', '187000', 13, '0', 'site_jn5E68Ns6z', '2024-01-05'), 
('JOP_rYi2e3', '화약취급공', '124000', 5, '0', 'site_2ZFT4sP2UY', '2023-12-05'), 
('JOP_JsLh4a', '보통인부', '117000', 3, '0', 'site_SSSaQGh3MY', '2023-12-06'), 
('JOP_UdomLa', '철골공', '197000', 4, '0', 'site_bpypcKA5vo', '2023-12-24'), 
('JOP_oFV0fB', '조력공', '144000', 0, '0', 'site_Jpf6Sp6ouM', '2023-11-25'), 
('JOP_qZQ2t3', '철골공', '158000', 17, '0', 'site_nSbFPBI4qX', '2023-12-25'), 
('JOP_RpSInQ', '콘크리트공', '197000', 14, '0', 'site_ExnZti9wA8', '2023-12-14'), 
('JOP_t3XQ60', '철골공', '115000', 5, '0', 'site_nhqDHrsoUu', '2023-12-22'), 
('JOP_hjn9c8', '화약취급공', '175000', 4, '0', 'site_D4OxXhNkm3', '2023-12-10'), 
('JOP_GURGTL', '착암공', '175000', 20, '0', 'site_SYyj39c4SH', '2023-11-16'), 
('JOP_3dc3Dm', '철판공', '183000', 10, '0', 'site_Ya8V0YvcXB', '2023-12-12'), 
('JOP_3Mdgma', '용접공', '197000', 15, '0', 'site_CUgdQb6zBn', '2023-11-13'), 
('JOP_hxZD0M', '보통인부', '184000', 18, '0', 'site_enwnjglmwv', '2024-01-10'), 
('JOP_nJZemG', '보통인부', '139000', 1, '0', 'site_W6troVT0NM', '2024-01-09'), 
('JOP_a4gx0w', '비계공', '103000', 2, '0', 'site_uZxLxJXtEB', '2024-01-03'), 
('JOP_D3BaKn', '제도사', '196000', 18, '0', 'site_SSSaQGh3MY', '2023-12-15'), 
('JOP_AD5anj', '포설공', '194000', 12, '0', 'site_wKSt83T5d5', '2023-11-20'), 
('JOP_Kd7aQa', '비계공', '136000', 12, '0', 'site_2kJYTwRM5b', '2024-01-05'), 
('JOP_ootbs1', '철골공', '119000', 0, '0', 'site_DzzjCa8yLN', '2023-12-21'), 
('JOP_pFQv4M', '콘크리트공', '145000', 3, '0', 'site_ZKzG6w5Xxl', '2023-12-02'), 
('JOP_MoNEVH', '철판공', '147000', 16, '0', 'site_hkozrUPKyn', '2024-01-07'), 
('JOP_qff1Vm', '조력공', '195000', 19, '0', 'site_UJha9wERqF', '2023-11-22'), 
('JOP_JszrSF', '용접공', '143000', 8, '0', 'site_pwp5NXfPE9', '2023-11-17'), 
('JOP_V1eJhT', '포장공', '142000', 6, '0', 'site_R6wExw0T5D', '2023-11-20'), 
('JOP_O2ar13', '조력공', '147000', 13, '0', 'site_8bX4NbBp1x', '2023-12-19'), 
('JOP_n84vjq', '포설공', '130000', 7, '0', 'site_Q5DtiDT0Hh', '2023-12-20'), 
('JOP_mWlBOc', '조력공', '191000', 16, '0', 'site_9911zgjSL6', '2023-11-15'), 
('JOP_XAya8b', '포장공', '193000', 13, '0', 'site_xVOCZM9Vl8', '2023-11-19'), 
('JOP_IaVxXo', '보링공', '127000', 6, '0', 'site_M0stltI0q5', '2024-01-10'), 
('JOP_hUPJZF', '비계공', '192000', 7, '0', 'site_kRDe3n7DKn', '2023-11-20'), 
('JOP_1gkHFn', '보링공', '196000', 4, '0', 'site_A5ItpHm0wb', '2024-01-09'), 
('JOP_C4NPOK', '작업반장', '108000', 7, '0', 'site_fcr2gVuuF2', '2023-11-20'), 
('JOP_XKBxb3', '작업반장', '118000', 1, '0', 'site_iDCyHI17UT', '2023-12-10'), 
('JOP_z1zn3T', '착암공', '200000', 15, '0', 'site_hBQ6uVnKWn', '2023-12-30'), 
('JOP_UAB16R', '보링공', '128000', 9, '0', 'site_1C3G6az8w4', '2023-11-16'), 
('JOP_syOlXJ', '철판공', '146000', 0, '0', 'site_ftJxm1lZwL', '2023-12-09'), 
('JOP_2MTnau', '철판공', '147000', 4, '0', 'site_OOnuwzqcJ7', '2023-12-26'), 
('JOP_pKrtRa', '착암공', '106000', 12, '0', 'site_DzzjCa8yLN', '2023-11-14'), 
('JOP_c3FFRv', '비계공', '109000', 10, '0', 'site_nYGffWX40i', '2023-12-01'), 
('JOP_ZFSCsO', '비계공', '144000', 1, '0', 'site_Kr87X6roKA', '2023-12-03'), 
('JOP_a5iSgq', '할석공', '188000', 17, '0', 'site_16UuHOETIo', '2023-11-18'), 
('JOP_uyASnk', '제도사', '123000', 12, '0', 'site_D4OxXhNkm3', '2023-12-06'), 
('JOP_RHN4cj', '용접공', '121000', 18, '0', 'site_bkjmx1TXGx', '2024-01-02'), 
('JOP_TKOMgS', '조력공', '110000', 8, '0', 'site_fQ3NZWMnDV', '2023-12-12'), 
('JOP_UT8IhU', '작업반장', '161000', 6, '0', 'site_sQYtBlWZ7F', '2023-11-27'), 
('JOP_geP9YM', '비계공', '182000', 17, '0', 'site_nYGffWX40i', '2023-11-29'), 
('JOP_b4e6Za', '보통인부', '135000', 5, '0', 'site_nhqDHrsoUu', '2023-12-24'), 
('JOP_1kwtQr', '보링공', '135000', 20, '0', 'site_EKi7Wij8Ui', '2023-12-04'), 
('JOP_DLTNLo', '철근공', '132000', 9, '0', 'site_Q5DtiDT0Hh', '2023-11-17'), 
('JOP_4XF6q0', '비계공', '134000', 12, '0', 'site_A5ItpHm0wb', '2023-11-28'), 
('JOP_p42wBx', '용접공', '117000', 19, '0', 'site_nSbFPBI4qX', '2023-12-20'), 
('JOP_HthoEa', '조력공', '155000', 1, '0', 'site_9fjeglLrga', '2024-01-11'), 
('JOP_QCf71a', '작업반장', '171000', 16, '0', 'site_SYyj39c4SH', '2023-12-21'), 
('JOP_EqxAYj', '작업반장', '108000', 6, '0', 'site_iDCyHI17UT', '2023-11-15'), 
('JOP_5u8LZE', '조력공', '193000', 16, '0', 'site_8a0vFjG6ru', '2023-11-22'), 
('JOP_I6DSKu', '철근공', '190000', 10, '0', 'site_mB4W7ZugwK', '2023-12-20'), 
('JOP_9ee7kC', '보통인부', '165000', 8, '0', 'site_DzzjCa8yLN', '2024-01-07'), 
('JOP_08pFLD', '비계공', '173000', 8, '0', 'site_cjBqTAsdWw', '2023-11-28'), 
('JOP_Bsfu3J', '용접공', '162000', 3, '0', 'site_SYyj39c4SH', '2023-11-29'), 
('JOP_il5i2K', '작업반장', '121000', 9, '0', 'site_iSGikJkyuE', '2023-12-25'), 
('JOP_x5d2NQ', '용접공', '102000', 13, '0', 'site_rqYo3HPHrc', '2023-12-19'), 
('JOP_CRDz8d', '철판공', '172000', 5, '0', 'site_bpypcKA5vo', '2023-12-11'), 
('JOP_3JFOgV', '형틀목공', '107000', 0, '0', 'site_EamoiDj1Qi', '2023-11-16'), 
('JOP_BvNKsG', '조적공', '194000', 17, '0', 'site_sQYtBlWZ7F', '2024-01-09'), 
('JOP_tJHXjn', '화약취급공', '165000', 13, '0', 'site_kIpkxpS7qU', '2023-11-13'), 
('JOP_SF7c7O', '형틀목공', '142000', 10, '0', 'site_Kr87X6roKA', '2023-11-16'), 
('JOP_iQgsCJ', '특별인부', '144000', 5, '0', 'site_9911zgjSL6', '2023-11-19'), 
('JOP_M099bT', '조적공', '144000', 11, '0', 'site_4WXFjF0yij', '2023-12-25'), 
('JOP_JfKTCG', '비계공', '198000', 8, '0', 'site_0npOcQ06nI', '2023-11-28'), 
('JOP_Cg42VP', '할석공', '120000', 18, '0', 'site_1C3G6az8w4', '2023-12-24'), 
('JOP_MNIpNk', '제도사', '177000', 13, '0', 'site_hkozrUPKyn', '2023-12-10'), 
('JOP_88CPir', '제도사', '105000', 14, '0', 'site_rN7w9PhR8J', '2023-11-28'), 
('JOP_2kapuv', '콘크리트공', '143000', 16, '0', 'site_eq75gGoMVZ', '2023-12-14'), 
('JOP_NLPYcT', '보링공', '200000', 5, '0', 'site_jThJDigQjK', '2023-12-02'), 
('JOP_MHYM5q', '포설공', '195000', 0, '0', 'site_fcr2gVuuF2', '2023-12-25'), 
('JOP_8TCSiG', '특별인부', '131000', 6, '0', 'site_hBQ6uVnKWn', '2024-01-01'), 
('JOP_IVenTr', '콘크리트공', '165000', 4, '0', 'site_grqgLcbcgD', '2023-11-28'), 
('JOP_zLhvGi', '착암공', '200000', 20, '0', 'site_wiU3IFESNP', '2023-12-03'), 
('JOP_OSMeYR', '보통인부', '106000', 9, '0', 'site_2ZFT4sP2UY', '2023-11-18'), 
('JOP_D2iuGn', '착암공', '133000', 19, '0', 'site_hv8lcoLRZv', '2023-12-18'), 
('JOP_MZSCBM', '조적공', '191000', 20, '0', 'site_Gug2P3J7P2', '2023-12-16'), 
('JOP_HNMhMk', '포장공', '150000', 7, '0', 'site_9fjeglLrga', '2023-12-21'), 
('JOP_w7rIZD', '조력공', '180000', 16, '0', 'site_Y8CHJNPVZV', '2023-12-15'), 
('JOP_CfZMHv', '용접공', '145000', 10, '0', 'site_wKSt83T5d5', '2023-11-28'), 
('JOP_AhwfoQ', '할석공', '148000', 0, '0', 'site_fQZg9tv7hP', '2023-11-21'), 
('JOP_fvSmUB', '특별인부', '112000', 8, '0', 'site_hBQ6uVnKWn', '2023-11-18'), 
('JOP_cMfEN8', '할석공', '175000', 4, '0', 'site_IrYVmkjhfg', '2023-11-27'), 
('JOP_WdGMHX', '철공', '135000', 2, '0', 'site_fQ3NZWMnDV', '2023-11-17'), 
('JOP_e4RfkZ', '형틀목공', '179000', 2, '0', 'site_iSGikJkyuE', '2023-12-30'), 
('JOP_hYuPtl', '작업반장', '181000', 15, '0', 'site_hBQ6uVnKWn', '2023-12-05'), 
('JOP_3VQq4s', '철판공', '147000', 0, '0', 'site_voLdavRKKa', '2023-12-27'), 
('JOP_rzrjtl', '화약취급공', '143000', 9, '0', 'site_iDCyHI17UT', '2023-12-18'), 
('JOP_QFw740', '철판공', '154000', 12, '0', 'site_qmiT4bqcd9', '2023-11-15'), 
('JOP_wuUgFm', '철판공', '140000', 16, '0', 'site_wWvpnQqVhn', '2023-12-31'), 
('JOP_oObIpt', '철공', '179000', 14, '0', 'site_ov0ngdYICF', '2023-12-28'), 
('JOP_AgaeVy', '화약취급공', '109000', 10, '0', 'site_SSSaQGh3MY', '2023-12-13'), 
('JOP_BQ5L7A', '철골공', '129000', 14, '0', 'site_hv8lcoLRZv', '2024-01-02'), 
('JOP_fHz5jD', '할석공', '183000', 7, '0', 'site_hkozrUPKyn', '2023-12-29'), 
('JOP_2ZJSZ3', '포장공', '172000', 3, '0', 'site_fcr2gVuuF2', '2024-01-07'), 
('JOP_lb0Cyh', '용접공', '124000', 10, '0', 'site_LOMSUCoik1', '2023-11-25'), 
('JOP_DbxcAP', '할석공', '195000', 16, '0', 'site_9911zgjSL6', '2023-12-03'), 
('JOP_6nmPHK', '철골공', '188000', 7, '0', 'site_Q5DtiDT0Hh', '2023-12-18'), 
('JOP_nPDt9b', '철공', '192000', 8, '0', 'site_Gug2P3J7P2', '2023-11-25'), 
('JOP_iWFsBs', '보링공', '114000', 0, '0', 'site_Ya8V0YvcXB', '2023-12-17'), 
('JOP_jeqeQo', '할석공', '137000', 0, '0', 'site_ov0ngdYICF', '2023-12-06'), 
('JOP_Nu50NR', '화약취급공', '133000', 8, '0', 'site_kIpkxpS7qU', '2023-12-27'), 
('JOP_h4Houv', '콘크리트공', '156000', 3, '0', 'site_kRDe3n7DKn', '2024-01-10'), 
('JOP_JyHc1t', '착암공', '136000', 2, '0', 'site_kIpkxpS7qU', '2023-11-13'), 
('JOP_8kkDdX', '콘크리트공', '194000', 6, '0', 'site_1C3G6az8w4', '2023-12-29'), 
('JOP_p614VE', '용접공', '197000', 7, '0', 'site_SYyj39c4SH', '2023-11-13'), 
('JOP_ccmL5G', '착암공', '108000', 11, '0', 'site_ZKzG6w5Xxl', '2023-12-30'), 
('JOP_AXAVNz', '조적공', '167000', 13, '0', 'site_Q5DtiDT0Hh', '2023-11-17'), 
('JOP_bhSnMD', '철골공', '175000', 7, '0', 'site_9fjeglLrga', '2024-01-06'), 
('JOP_ieJF0i', '형틀목공', '153000', 18, '0', 'site_nYGffWX40i', '2023-11-23'), 
('JOP_Y31zqW', '보링공', '123000', 19, '0', 'site_IrYVmkjhfg', '2023-11-13'), 
('JOP_oYx811', '할석공', '181000', 18, '0', 'site_hv8lcoLRZv', '2023-12-31'), 
('JOP_LwjKkM', '화약취급공', '200000', 16, '0', 'site_9fjeglLrga', '2023-12-07'), 
('JOP_SBH7nK', '콘크리트공', '178000', 19, '0', 'site_kw6L2ABfDo', '2023-11-18'), 
('JOP_EPd0z3', '형틀목공', '113000', 11, '0', 'site_CrKhJNTtV2', '2023-11-22'), 
('JOP_hwwsNm', '철판공', '177000', 3, '0', 'site_cjBqTAsdWw', '2023-11-24'), 
('JOP_Q5PeU8', '화약취급공', '135000', 2, '0', 'site_M0stltI0q5', '2024-01-01'), 
('JOP_XHz4FJ', '제도사', '122000', 12, '0', 'site_mB4W7ZugwK', '2023-12-23'), 
('JOP_h5LDYI', '철판공', '168000', 4, '0', 'site_qnhJOl0cVN', '2024-01-09'), 
('JOP_YWcxy8', '용접공', '184000', 18, '0', 'site_OOnuwzqcJ7', '2023-11-14'), 
('JOP_MwSncw', '형틀목공', '172000', 18, '0', 'site_6S6FQ4p5fr', '2023-12-10'), 
('JOP_ozccVC', '보링공', '111000', 16, '0', 'site_SSSaQGh3MY', '2023-12-29'), 
('JOP_U25l5w', '특별인부', '117000', 15, '0', 'site_mB4W7ZugwK', '2024-01-04'), 
('JOP_rXmzZr', '착암공', '159000', 6, '0', 'site_ov0ngdYICF', '2023-12-11'), 
('JOP_ICNmZp', '철공', '160000', 19, '0', 'site_cjBqTAsdWw', '2023-12-06'), 
('JOP_I47wmL', '착암공', '183000', 10, '0', 'site_enwnjglmwv', '2023-12-26'), 
('JOP_gQBUbK', '특별인부', '104000', 3, '0', 'site_rqYo3HPHrc', '2023-11-19'), 
('JOP_ceJYod', '조력공', '167000', 3, '0', 'site_fQZg9tv7hP', '2023-12-27'), 
('JOP_wb0crh', '조력공', '173000', 18, '0', 'site_YNhwvwxROB', '2023-12-04'), 
('JOP_PISsKY', '특별인부', '170000', 18, '0', 'site_sQYtBlWZ7F', '2023-12-25'), 
('JOP_bbsR7e', '착암공', '127000', 15, '0', 'site_ExnZti9wA8', '2024-01-02'), 
('JOP_oGd1eB', '포장공', '183000', 15, '0', 'site_lXiEKPYCLt', '2023-11-24'), 
('JOP_OMcCyu', '콘크리트공', '110000', 1, '0', 'site_Jpf6Sp6ouM', '2023-12-25'), 
('JOP_mxsTsC', '철판공', '190000', 19, '0', 'site_2kJYTwRM5b', '2023-12-31'), 
('JOP_zLIxMb', '보통인부', '161000', 14, '0', 'site_CUgdQb6zBn', '2023-12-24'), 
('JOP_LIu4il', '형틀목공', '181000', 17, '0', 'site_ov0ngdYICF', '2023-12-22'), 
('JOP_VJotuo', '조력공', '121000', 11, '0', 'site_ExnZti9wA8', '2023-12-18'), 
('JOP_lo4TIt', '포장공', '105000', 3, '0', 'site_15tEpIw7fN', '2023-11-30'), 
('JOP_HKYzyC', '할석공', '189000', 2, '0', 'site_hkozrUPKyn', '2024-01-06'), 
('JOP_0KlaJ9', '작업반장', '193000', 0, '0', 'site_M0stltI0q5', '2023-11-17'), 
('JOP_dNDQUU', '철공', '124000', 12, '0', 'site_YNhwvwxROB', '2023-12-07'), 
('JOP_m0FiSh', '용접공', '151000', 8, '0', 'site_aUuIsuXMeY', '2023-11-16'), 
('JOP_zN9hl7', '특별인부', '186000', 6, '0', 'site_0npOcQ06nI', '2023-12-27'), 
('JOP_OYP5GO', '특별인부', '138000', 12, '0', 'site_Kha9GUC7cl', '2023-12-12'), 
('JOP_lW1eI3', '조적공', '165000', 3, '0', 'site_EpeQ5vc683', '2023-11-25'), 
('JOP_rD1bdo', '포장공', '159000', 10, '0', 'site_Gkz2Ztldon', '2023-12-09'), 
('JOP_xUp2ZM', '특별인부', '154000', 7, '0', 'site_16UuHOETIo', '2023-12-30'), 
('JOP_OFTJat', '철공', '174000', 13, '0', 'site_WVLvgOBn0N', '2023-12-10'), 
('JOP_JzZIDp', '콘크리트공', '111000', 18, '0', 'site_bpypcKA5vo', '2024-01-07'), 
('JOP_KPZJOx', '조적공', '116000', 13, '0', 'site_o1IuvsY1XD', '2023-12-03'), 
('JOP_ileE0n', '특별인부', '190000', 14, '0', 'site_DAeDigKahX', '2023-12-10'), 
('JOP_sJ54KP', '포장공', '110000', 10, '0', 'site_jm7NbL2tM1', '2023-12-16'), 
('JOP_smGlf9', '보통인부', '111000', 19, '0', 'site_16UuHOETIo', '2023-12-27'), 
('JOP_ZhjHWc', '비계공', '140000', 1, '0', 'site_W6troVT0NM', '2023-12-25'), 
('JOP_xEEua5', '철골공', '125000', 7, '0', 'site_EamoiDj1Qi', '2023-12-29'), 
('JOP_aioR7C', '철근공', '189000', 12, '0', 'site_hvAv1oQyXC', '2023-11-17'), 
('JOP_UufRgk', '보링공', '132000', 9, '0', 'site_Y8CHJNPVZV', '2023-12-13'), 
('JOP_TnLwin', '화약취급공', '159000', 19, '0', 'site_CrKhJNTtV2', '2023-12-07'), 
('JOP_T8EUKG', '철근공', '199000', 3, '0', 'site_UJha9wERqF', '2023-12-19'), 
('JOP_BKPiSc', '특별인부', '125000', 0, '0', 'site_enwnjglmwv', '2023-11-20'), 
('JOP_XOYBpX', '포설공', '174000', 16, '0', 'site_9911zgjSL6', '2023-11-28'), 
('JOP_CZSRny', '제도사', '123000', 9, '0', 'site_Vb28SqzEGm', '2023-11-25'), 
('JOP_ARi846', '할석공', '121000', 10, '0', 'site_3fyTgEPfDB', '2023-11-27'), 
('JOP_TbrIyf', '조적공', '151000', 16, '0', 'site_nSbFPBI4qX', '2023-12-31'), 
('JOP_c5v3hy', '비계공', '121000', 3, '0', 'site_EKi7Wij8Ui', '2023-12-04'), 
('JOP_7Lyl0N', '형틀목공', '200000', 4, '0', 'site_OOnuwzqcJ7', '2024-01-08'), 
('JOP_p9s5J1', '콘크리트공', '154000', 4, '0', 'site_iSGikJkyuE', '2023-12-27'), 
('JOP_v4rRvb', '화약취급공', '125000', 20, '0', 'site_fcr2gVuuF2', '2023-12-20'), 
('JOP_MfA4RK', '철골공', '178000', 2, '0', 'site_jm7NbL2tM1', '2024-01-09'), 
('JOP_myFvU9', '할석공', '110000', 8, '0', 'site_15tEpIw7fN', '2024-01-06'), 
('JOP_z9x8hJ', '조적공', '123000', 12, '0', 'site_Gug2P3J7P2', '2024-01-04'), 
('JOP_TmH3JA', '제도사', '179000', 7, '0', 'site_4WXFjF0yij', '2023-12-16'), 
('JOP_DcKVwY', '포설공', '195000', 16, '0', 'site_wWvpnQqVhn', '2023-12-24'), 
('JOP_bIvpmZ', '철근공', '126000', 11, '0', 'site_ZKzG6w5Xxl', '2024-01-01'), 
('JOP_fS6UUs', '포장공', '114000', 9, '0', 'site_OOnuwzqcJ7', '2023-12-04'), 
('JOP_kw6RDF', '제도사', '130000', 4, '0', 'site_hv8lcoLRZv', '2023-12-25'), 
('JOP_lvV4Tk', '형틀목공', '184000', 5, '0', 'site_wiU3IFESNP', '2023-11-14'), 
('JOP_1iKYlO', '보링공', '123000', 11, '0', 'site_9fjeglLrga', '2023-12-01'), 
('JOP_vv2NRY', '포설공', '145000', 2, '0', 'site_Gkz2Ztldon', '2023-12-11'), 
('JOP_LxcSgy', '형틀목공', '180000', 20, '0', 'site_mB4W7ZugwK', '2023-11-14'), 
('JOP_iJcEas', '할석공', '195000', 1, '0', 'site_bkjmx1TXGx', '2023-12-26'), 
('JOP_6Ff6bj', '조적공', '161000', 12, '0', 'site_LOMSUCoik1', '2023-12-01'), 
('JOP_8nusRN', '비계공', '100000', 13, '0', 'site_CrKhJNTtV2', '2024-01-07'), 
('JOP_P3tkeT', '용접공', '160000', 20, '0', 'site_SYyj39c4SH', '2023-11-19'), 
('JOP_Yz0GYK', '철골공', '170000', 18, '0', 'site_Gkz2Ztldon', '2023-11-26'), 
('JOP_dKJNTH', '포장공', '151000', 2, '0', 'site_Vb28SqzEGm', '2024-01-02'), 
('JOP_Bdld9k', '보링공', '175000', 14, '0', 'site_3P0iiIIJ6D', '2023-12-11'), 
('JOP_3zUgRa', '철골공', '119000', 5, '0', 'site_6S6FQ4p5fr', '2023-11-19'), 
('JOP_zewuU6', '보통인부', '127000', 20, '0', 'site_kIpkxpS7qU', '2023-12-15'), 
('JOP_3Qk2nU', '조력공', '112000', 20, '0', 'site_SYyj39c4SH', '2023-12-19'), 
('JOP_1gqIl5', '제도사', '156000', 10, '0', 'site_42BRyTRBOo', '2024-01-05'), 
('JOP_K6Lw7F', '화약취급공', '154000', 0, '0', 'site_nSbFPBI4qX', '2023-11-13'), 
('JOP_RBjQOO', '형틀목공', '128000', 17, '0', 'site_Y8CHJNPVZV', '2024-01-06'), 
('JOP_1UCj2H', '철판공', '130000', 5, '0', 'site_Vb28SqzEGm', '2023-11-26'), 
('JOP_9IPNKr', '비계공', '151000', 3, '0', 'site_eq75gGoMVZ', '2023-12-13'), 
('JOP_K6Evxi', '형틀목공', '117000', 17, '0', 'site_4Bl7yI7d4j', '2023-12-14'), 
('JOP_ijfvRX', '철판공', '129000', 4, '0', 'site_Gkz2Ztldon', '2023-12-06'), 
('JOP_ZMQZ72', '철골공', '182000', 4, '0', 'site_16UuHOETIo', '2024-01-08'), 
('JOP_NyuB9W', '작업반장', '140000', 9, '0', 'site_8vkw7SSlUo', '2023-12-01'), 
('JOP_wgp1I9', '철근공', '165000', 10, '0', 'site_nhqDHrsoUu', '2023-11-23'), 
('JOP_j01rMh', '용접공', '125000', 6, '0', 'site_xVOCZM9Vl8', '2023-11-30'), 
('JOP_QRqTUE', '특별인부', '182000', 5, '0', 'site_SSSaQGh3MY', '2023-12-11'), 
('JOP_vYVyJm', '조적공', '199000', 5, '0', 'site_rN7w9PhR8J', '2024-01-11'), 
('JOP_bqk6DT', '조력공', '131000', 17, '0', 'site_CUgdQb6zBn', '2023-12-12'), 
('JOP_zI35tM', '포설공', '133000', 16, '0', 'site_Q5DtiDT0Hh', '2023-11-28'), 
('JOP_hGcWtq', '철판공', '159000', 7, '0', 'site_aUuIsuXMeY', '2023-12-11'), 
('JOP_uYJWZN', '포장공', '133000', 16, '0', 'site_Kha9GUC7cl', '2023-11-27'), 
('JOP_81Y4dr', '보통인부', '138000', 5, '0', 'site_eq75gGoMVZ', '2023-11-17'), 
('JOP_E11LHR', '특별인부', '174000', 2, '0', 'site_SYyj39c4SH', '2024-01-06'), 
('JOP_h5vzf7', '특별인부', '177000', 13, '0', 'site_8vkw7SSlUo', '2023-12-21'), 
('JOP_QEpGP4', '착암공', '111000', 0, '0', 'site_Ya8V0YvcXB', '2023-12-19'), 
('JOP_4J6Tb5', '철골공', '168000', 18, '0', 'site_9fjeglLrga', '2023-12-29'), 
('JOP_DiLE1O', '보링공', '158000', 14, '0', 'site_7EUNM7MFxx', '2023-12-07'), 
('JOP_Sx641v', '콘크리트공', '158000', 14, '0', 'site_MvpxnZrDyM', '2023-12-16'), 
('JOP_smgzwq', '할석공', '193000', 7, '0', 'site_8bX4NbBp1x', '2023-12-19'), 
('JOP_ExjZt5', '착암공', '168000', 10, '0', 'site_g9UhFpMYbU', '2023-12-11'), 
('JOP_KL03Wo', '철근공', '169000', 10, '0', 'site_YNhwvwxROB', '2023-12-20'), 
('JOP_3NvFOA', '철근공', '166000', 10, '0', 'site_Y8CHJNPVZV', '2024-01-11'), 
('JOP_q5Txod', '포장공', '188000', 11, '0', 'site_EamoiDj1Qi', '2024-01-10'), 
('JOP_oIHOsb', '보통인부', '172000', 10, '0', 'site_hkozrUPKyn', '2023-12-25'), 
('JOP_RRXGhX', '제도사', '104000', 10, '0', 'site_1C3G6az8w4', '2023-12-02'), 
('JOP_UCZfmC', '콘크리트공', '159000', 20, '0', 'site_wiU3IFESNP', '2023-11-16'), 
('JOP_t7mpKd', '철공', '199000', 7, '0', 'site_6S6FQ4p5fr', '2023-12-26'), 
('JOP_Y7Rt6z', '철근공', '141000', 8, '0', 'site_ZKzG6w5Xxl', '2024-01-07'), 
('JOP_bAxJvJ', '보통인부', '135000', 0, '0', 'site_cjBqTAsdWw', '2024-01-09'), 
('JOP_9NrAWa', '화약취급공', '130000', 12, '0', 'site_kRDe3n7DKn', '2023-11-23'), 
('JOP_uZLJd9', '철공', '111000', 4, '0', 'site_cjBqTAsdWw', '2023-11-28'), 
('JOP_3kqeTy', '제도사', '161000', 1, '0', 'site_o1IuvsY1XD', '2023-12-11'), 
('JOP_7BsWeZ', '비계공', '168000', 19, '0', 'site_hvAv1oQyXC', '2023-12-23'), 
('JOP_WDjnNc', '보통인부', '181000', 6, '0', 'site_o1IuvsY1XD', '2023-12-28'), 
('JOP_dEmqU3', '작업반장', '163000', 7, '0', 'site_3P0iiIIJ6D', '2024-01-08'), 
('JOP_3esAnL', '착암공', '158000', 0, '0', 'site_4Bl7yI7d4j', '2023-12-17'), 
('JOP_GbuRUx', '철판공', '137000', 15, '0', 'site_42BRyTRBOo', '2023-11-24'), 
('JOP_io7vAi', '조력공', '100000', 18, '0', 'site_iDCyHI17UT', '2023-12-02'), 
('JOP_GSzjxN', '보링공', '191000', 2, '0', 'site_Gug2P3J7P2', '2023-11-22'), 
('JOP_bsZcCx', '철근공', '121000', 4, '0', 'site_EKi7Wij8Ui', '2023-12-04'), 
('JOP_KZxeUJ', '용접공', '157000', 12, '0', 'site_SSSaQGh3MY', '2023-12-16'), 
('JOP_GtBQR5', '콘크리트공', '155000', 4, '0', 'site_Gug2P3J7P2', '2024-01-04'), 
('JOP_Olq7ft', '비계공', '130000', 4, '0', 'site_CrKhJNTtV2', '2023-12-22'), 
('JOP_zjAxqp', '할석공', '136000', 16, '0', 'site_pwp5NXfPE9', '2024-01-10'), 
('JOP_5l2oaV', '철공', '107000', 17, '0', 'site_244mgozGZE', '2024-01-09'), 
('JOP_1P5Ydp', '보링공', '196000', 4, '0', 'site_42BRyTRBOo', '2023-11-13'), 
('JOP_7G8xBs', '포장공', '137000', 5, '0', 'site_jThJDigQjK', '2023-12-18'), 
('JOP_rHh4Wh', '제도사', '157000', 10, '0', 'site_kIpkxpS7qU', '2023-11-18'), 
('JOP_vJHZN7', '철근공', '141000', 19, '0', 'site_4Bl7yI7d4j', '2023-12-17'), 
('JOP_6x7dRV', '할석공', '145000', 3, '0', 'site_Vb28SqzEGm', '2023-11-24'), 
('JOP_TmL45x', '조적공', '133000', 9, '0', 'site_vkn1WkNmhz', '2023-12-22'), 
('JOP_tTy8Zo', '작업반장', '196000', 8, '0', 'site_wKSt83T5d5', '2023-11-29'), 
('JOP_n9SjVr', '할석공', '128000', 10, '0', 'site_hkozrUPKyn', '2024-01-09'), 
('JOP_1ezGzl', '보링공', '129000', 4, '0', 'site_fQZg9tv7hP', '2024-01-03'), 
('JOP_JHMIb4', '화약취급공', '111000', 16, '0', 'site_Vb28SqzEGm', '2023-12-06'), 
('JOP_BpxJW6', '보통인부', '101000', 3, '0', 'site_jn5E68Ns6z', '2024-01-11'), 
('JOP_pNLMdo', '철근공', '185000', 12, '0', 'site_LplaWnJ1QL', '2023-12-19'), 
('JOP_9Aim3g', '비계공', '154000', 12, '0', 'site_kw6L2ABfDo', '2023-12-16'), 
('JOP_5t3hHW', '조적공', '146000', 14, '0', 'site_MvpxnZrDyM', '2023-12-04'), 
('JOP_zvkxFk', '용접공', '132000', 0, '0', 'site_LOMSUCoik1', '2024-01-08'), 
('JOP_RhT6kF', '콘크리트공', '135000', 16, '0', 'site_CUgdQb6zBn', '2023-12-12'), 
('JOP_Pogo6Z', '철골공', '141000', 6, '0', 'site_kIpkxpS7qU', '2024-01-10'), 
('JOP_aRGizW', '보링공', '195000', 19, '0', 'site_DzzjCa8yLN', '2023-11-22'), 
('JOP_qeNvWj', '철골공', '175000', 8, '0', 'site_jm7NbL2tM1', '2023-12-16'), 
('JOP_CkXu9i', '포장공', '125000', 15, '0', 'site_fQZg9tv7hP', '2023-12-31'), 
('JOP_7tQo0i', '용접공', '184000', 10, '0', 'site_Kr87X6roKA', '2024-01-01'), 
('JOP_g5eexb', '조력공', '188000', 3, '0', 'site_Jpf6Sp6ouM', '2023-12-28'), 
('JOP_WyasQ2', '콘크리트공', '152000', 13, '0', 'site_jm7NbL2tM1', '2023-12-17'), 
('JOP_0I1wt9', '특별인부', '176000', 5, '0', 'site_vkn1WkNmhz', '2024-01-10'), 
('JOP_6wZkxx', '철판공', '185000', 17, '0', 'site_eq75gGoMVZ', '2023-12-13'), 
('JOP_ZmzdSe', '조력공', '139000', 2, '0', 'site_fQZg9tv7hP', '2023-12-19'), 
('JOP_CFDRGy', '조력공', '115000', 2, '0', 'site_hkozrUPKyn', '2023-11-26'), 
('JOP_yP07St', '철판공', '136000', 4, '0', 'site_244mgozGZE', '2024-01-11'), 
('JOP_SQgi6e', '콘크리트공', '177000', 20, '0', 'site_LOMSUCoik1', '2023-12-28'), 
('JOP_QJ2zfF', '철공', '130000', 11, '0', 'site_D4OxXhNkm3', '2023-11-18'), 
('JOP_3r5AcZ', '화약취급공', '122000', 12, '0', 'site_DAeDigKahX', '2024-01-04'), 
('JOP_bHmXMx', '철공', '191000', 11, '0', 'site_eq75gGoMVZ', '2023-12-22'), 
('JOP_6dAQ7Y', '화약취급공', '149000', 15, '0', 'site_eq75gGoMVZ', '2023-12-27'), 
('JOP_vQ1Pmd', '용접공', '143000', 15, '0', 'site_A5ItpHm0wb', '2023-12-28'), 
('JOP_FYVKRl', '철골공', '145000', 5, '0', 'site_UJha9wERqF', '2023-12-19'), 
('JOP_g1eARm', '비계공', '125000', 4, '0', 'site_42BRyTRBOo', '2023-12-20'), 
('JOP_PikJZm', '보통인부', '120000', 19, '0', 'site_wiU3IFESNP', '2023-12-02'), 
('JOP_01tJAZ', '할석공', '152000', 16, '0', 'site_4Bl7yI7d4j', '2023-11-16'), 
('JOP_mJiuc6', '철공', '162000', 9, '0', 'site_IrYVmkjhfg', '2023-12-27'), 
('JOP_AdianO', '포설공', '148000', 3, '0', 'site_EamoiDj1Qi', '2024-01-08'), 
('JOP_jCaX7M', '포설공', '143000', 14, '0', 'site_wKSt83T5d5', '2024-01-02'), 
('JOP_L3otDS', '조적공', '199000', 19, '0', 'site_A5ItpHm0wb', '2023-11-26'), 
('JOP_2ocUpZ', '용접공', '116000', 9, '0', 'site_Gkz2Ztldon', '2023-11-19'), 
('JOP_eN3nYQ', '철근공', '126000', 11, '0', 'site_0npOcQ06nI', '2024-01-04'), 
('JOP_bMzQUd', '화약취급공', '124000', 10, '0', 'site_kIpkxpS7qU', '2023-12-09'), 
('JOP_WlUnfv', '철근공', '197000', 1, '0', 'site_CrKhJNTtV2', '2023-12-11'), 
('JOP_mOOa3u', '특별인부', '157000', 19, '0', 'site_DzzjCa8yLN', '2023-12-27'), 
('JOP_f6DABo', '보통인부', '194000', 3, '0', 'site_Gug2P3J7P2', '2024-01-05'), 
('JOP_rXWSmr', '비계공', '194000', 3, '0', 'site_42BRyTRBOo', '2023-12-01'), 
('JOP_nKvGqI', '콘크리트공', '166000', 9, '0', 'site_42BRyTRBOo', '2023-12-26'), 
('JOP_iIKCXc', '착암공', '192000', 5, '0', 'site_eq75gGoMVZ', '2023-12-19'), 
('JOP_pY8CDf', '특별인부', '122000', 19, '0', 'site_15tEpIw7fN', '2024-01-04'), 
('JOP_xzCP4h', '조적공', '157000', 6, '0', 'site_wWvpnQqVhn', '2024-01-06'), 
('JOP_a14ED3', '작업반장', '174000', 7, '0', 'site_cjBqTAsdWw', '2023-11-18'), 
('JOP_ad0F61', '철근공', '116000', 2, '0', 'site_grqgLcbcgD', '2024-01-01'), 
('JOP_2rHMhi', '화약취급공', '171000', 2, '0', 'site_vkn1WkNmhz', '2023-12-14'), 
('JOP_XceRA7', '포설공', '121000', 11, '0', 'site_rqYo3HPHrc', '2023-12-08'), 
('JOP_7c43Oc', '할석공', '128000', 2, '0', 'site_xVOCZM9Vl8', '2023-11-22'), 
('JOP_N3j0pk', '보통인부', '200000', 18, '0', 'site_rqYo3HPHrc', '2023-11-25'), 
('JOP_IvbOgz', '화약취급공', '163000', 15, '0', 'site_lXiEKPYCLt', '2023-11-18'), 
('JOP_6ax40x', '철근공', '172000', 2, '0', 'site_3P0iiIIJ6D', '2023-12-14'), 
('JOP_Qfr3yo', '용접공', '172000', 7, '0', 'site_bkjmx1TXGx', '2023-12-15'), 
('JOP_C0T6nX', '비계공', '143000', 3, '0', 'site_wiU3IFESNP', '2023-12-05'), 
('JOP_dWWU6E', '제도사', '142000', 7, '0', 'site_2kJYTwRM5b', '2023-12-30'), 
('JOP_H4mVbe', '용접공', '135000', 15, '0', 'site_pwp5NXfPE9', '2023-12-16'), 
('JOP_4dL1Iv', '특별인부', '160000', 7, '0', 'site_D4OxXhNkm3', '2023-12-29'), 
('JOP_65pZMw', '콘크리트공', '133000', 3, '0', 'site_fQZg9tv7hP', '2023-12-04'), 
('JOP_vvRGwG', '포설공', '115000', 8, '0', 'site_LOMSUCoik1', '2023-12-05'), 
('JOP_DJFyyO', '작업반장', '176000', 18, '0', 'site_ov0ngdYICF', '2023-11-26'), 
('JOP_hLjMq0', '철골공', '111000', 9, '0', 'site_Vb28SqzEGm', '2024-01-09'), 
('JOP_7AtcYs', '용접공', '166000', 14, '0', 'site_fcr2gVuuF2', '2023-11-16'), 
('JOP_9TG3ok', '비계공', '182000', 18, '0', 'site_sQYtBlWZ7F', '2024-01-08'), 
('JOP_7dPd0h', '화약취급공', '188000', 16, '0', 'site_iSGikJkyuE', '2024-01-07'), 
('JOP_xBY0Z2', '제도사', '185000', 13, '0', 'site_vkn1WkNmhz', '2023-11-24'), 
('JOP_DvRWle', '비계공', '116000', 5, '0', 'site_hvAv1oQyXC', '2023-12-06'), 
('JOP_5pgatW', '포설공', '104000', 20, '0', 'site_Y8CHJNPVZV', '2023-12-21'), 
('JOP_l17mtH', '할석공', '193000', 18, '0', 'site_ZKzG6w5Xxl', '2023-12-29'), 
('JOP_XShwWK', '보링공', '104000', 0, '0', 'site_CUgdQb6zBn', '2023-12-13'), 
('JOP_qdnVh6', '보링공', '164000', 19, '0', 'site_8bX4NbBp1x', '2023-12-21'), 
('JOP_fzgnUS', '보링공', '178000', 15, '0', 'site_0npOcQ06nI', '2024-01-07'), 
('JOP_2UDr0J', '보링공', '156000', 11, '0', 'site_Vb28SqzEGm', '2024-01-06'), 
('JOP_FiIiql', '철골공', '146000', 20, '0', 'site_kRDe3n7DKn', '2024-01-07'), 
('JOP_HZH9mg', '철판공', '113000', 20, '0', 'site_cjBqTAsdWw', '2024-01-10'), 
('JOP_ewqnGD', '화약취급공', '191000', 12, '0', 'site_xVOCZM9Vl8', '2023-12-13'), 
('JOP_51SCTa', '조적공', '173000', 2, '0', 'site_Y8CHJNPVZV', '2023-11-19'), 
('JOP_HIYqj8', '비계공', '159000', 14, '0', 'site_kRDe3n7DKn', '2023-11-26'), 
('JOP_iNkx9A', '착암공', '163000', 14, '0', 'site_ExnZti9wA8', '2023-11-24'), 
('JOP_YMpmKa', '철판공', '198000', 17, '0', 'site_LplaWnJ1QL', '2023-12-04'), 
('JOP_C4NoXC', '작업반장', '195000', 18, '0', 'site_8bX4NbBp1x', '2024-01-05'), 
('JOP_4ho52P', '할석공', '166000', 19, '0', 'site_MvpxnZrDyM', '2023-12-23'), 
('JOP_l3uvXa', '포설공', '114000', 16, '0', 'site_9911zgjSL6', '2023-12-31'), 
('JOP_reB27U', '조력공', '138000', 6, '0', 'site_nYGffWX40i', '2023-12-27'), 
('JOP_QKiiMP', '비계공', '197000', 6, '0', 'site_15tEpIw7fN', '2023-11-23'), 
('JOP_BGHsau', '할석공', '194000', 0, '0', 'site_7EUNM7MFxx', '2023-11-19'), 
('JOP_Qb0mNT', '조적공', '128000', 17, '0', 'site_SYyj39c4SH', '2023-11-30'), 
('JOP_fEriL7', '비계공', '170000', 12, '0', 'site_8vkw7SSlUo', '2023-11-15'), 
('JOP_mydd1V', '조적공', '101000', 17, '0', 'site_nhqDHrsoUu', '2023-12-07'), 
('JOP_sSBG4n', '착암공', '113000', 20, '0', 'site_hvAv1oQyXC', '2023-12-25'), 
('JOP_CgjnDL', '조력공', '155000', 9, '0', 'site_uZxLxJXtEB', '2023-11-15'), 
('JOP_PEDD84', '콘크리트공', '114000', 13, '0', 'site_4WXFjF0yij', '2023-11-20'), 
('JOP_YjHHnU', '비계공', '117000', 13, '0', 'site_3P0iiIIJ6D', '2023-12-24'), 
('JOP_2uR8Ik', '화약취급공', '190000', 19, '0', 'site_EamoiDj1Qi', '2023-12-19'), 
('JOP_A4NhH1', '조적공', '117000', 15, '0', 'site_hBQ6uVnKWn', '2023-11-23'), 
('JOP_jgVDRR', '보링공', '120000', 12, '0', 'site_8bX4NbBp1x', '2024-01-06'), 
('JOP_o7cpGm', '착암공', '153000', 14, '0', 'site_16UuHOETIo', '2024-01-11'), 
('JOP_8RiYHG', '제도사', '167000', 8, '0', 'site_cjBqTAsdWw', '2023-12-07'), 
('JOP_jyCDvc', '제도사', '110000', 0, '0', 'site_rN7w9PhR8J', '2023-12-25'), 
('JOP_yNz3q3', '착암공', '188000', 5, '0', 'site_nSbFPBI4qX', '2023-11-23'), 
('JOP_8cz7x9', '특별인부', '106000', 19, '0', 'site_ExnZti9wA8', '2024-01-01'), 
('JOP_O8MT6r', '착암공', '155000', 17, '0', 'site_jn5E68Ns6z', '2024-01-03'), 
('JOP_2H3DGm', '작업반장', '142000', 4, '0', 'site_mB4W7ZugwK', '2023-12-09'), 
('JOP_WbqiO1', '조적공', '130000', 16, '0', 'site_jm7NbL2tM1', '2024-01-01'), 
('JOP_bmkToz', '철판공', '163000', 19, '0', 'site_Y8CHJNPVZV', '2023-12-20'), 
('JOP_8zyl55', '포설공', '184000', 11, '0', 'site_Y8CHJNPVZV', '2024-01-08'), 
('JOP_ciJJPb', '철공', '137000', 6, '0', 'site_xTcMOTEmTn', '2024-01-11'), 
('JOP_0o66kK', '제도사', '151000', 15, '0', 'site_fcr2gVuuF2', '2023-12-27'), 
('JOP_UsOd68', '철골공', '133000', 13, '0', 'site_jThJDigQjK', '2023-11-20'), 
('JOP_e0sYmh', '화약취급공', '130000', 7, '0', 'site_SSSaQGh3MY', '2023-12-27'), 
('JOP_UXkS0C', '포설공', '183000', 11, '0', 'site_2ZFT4sP2UY', '2023-12-31'), 
('JOP_O9mAim', '조력공', '155000', 5, '0', 'site_Vb28SqzEGm', '2023-11-18'), 
('JOP_eL69Ru', '할석공', '109000', 14, '0', 'site_EpeQ5vc683', '2023-12-12'), 
('JOP_6URK9y', '용접공', '158000', 6, '0', 'site_2kJYTwRM5b', '2023-12-20'), 
('JOP_rQckHT', '철공', '176000', 16, '0', 'site_xVOCZM9Vl8', '2023-12-18'), 
('JOP_TVkQ7N', '비계공', '144000', 5, '0', 'site_Vb28SqzEGm', '2024-01-02'), 
('JOP_4qqRAs', '제도사', '147000', 3, '0', 'site_EpeQ5vc683', '2023-12-17'), 
('JOP_fXsJiM', '철공', '101000', 16, '0', 'site_ZKzG6w5Xxl', '2023-11-18'), 
('JOP_wguOUQ', '철근공', '109000', 12, '0', 'site_rqYo3HPHrc', '2023-11-13'), 
('JOP_XZwWz4', '비계공', '149000', 15, '0', 'site_WVLvgOBn0N', '2023-11-13'), 
('JOP_FPaYbS', '보링공', '176000', 14, '0', 'site_W6troVT0NM', '2023-11-21'), 
('JOP_kfzKZh', '보링공', '199000', 8, '0', 'site_wKSt83T5d5', '2024-01-08'), 
('JOP_IekEcX', '제도사', '103000', 1, '0', 'site_qmiT4bqcd9', '2023-11-16'), 
('JOP_oEiEWS', '포장공', '105000', 10, '0', 'site_wWvpnQqVhn', '2023-12-17'), 
('JOP_gRDQwk', '특별인부', '102000', 0, '0', 'site_xTcMOTEmTn', '2023-12-22'), 
('JOP_GnFr5Y', '보링공', '156000', 1, '0', 'site_lXiEKPYCLt', '2023-12-31'), 
('JOP_4XpRWx', '포설공', '166000', 7, '0', 'site_SSSaQGh3MY', '2023-12-25'), 
('JOP_D6IXHQ', '철골공', '165000', 8, '0', 'site_mB4W7ZugwK', '2023-11-30'), 
('JOP_AjnoBl', '조적공', '168000', 7, '0', 'site_wWvpnQqVhn', '2024-01-05'), 
('JOP_PxROJp', '보링공', '183000', 16, '0', 'site_grqgLcbcgD', '2023-12-13'), 
('JOP_2aDa9y', '보링공', '155000', 17, '0', 'site_kRDe3n7DKn', '2023-11-16'), 
('JOP_hSPBSj', '철판공', '118000', 9, '0', 'site_ov0ngdYICF', '2023-11-17'), 
('JOP_GdwGqS', '철공', '169000', 9, '0', 'site_Gkz2Ztldon', '2023-11-13'), 
('JOP_wmIbZW', '착암공', '148000', 14, '0', 'site_ftJxm1lZwL', '2023-12-28'), 
('JOP_3ybFcc', '제도사', '152000', 14, '0', 'site_OOnuwzqcJ7', '2023-12-12'), 
('JOP_TMuz0T', '보링공', '155000', 1, '0', 'site_sQYtBlWZ7F', '2023-12-22'), 
('JOP_PgAFOO', '제도사', '145000', 7, '0', 'site_mB4W7ZugwK', '2023-11-28'), 
('JOP_YPo08x', '철근공', '137000', 3, '0', 'site_kRDe3n7DKn', '2024-01-09'), 
('JOP_0HBkiE', '용접공', '186000', 0, '0', 'site_wKSt83T5d5', '2023-11-28'), 
('JOP_okalad', '콘크리트공', '191000', 4, '0', 'site_kw6L2ABfDo', '2023-11-26'), 
('JOP_lOdJ3f', '화약취급공', '101000', 12, '0', 'site_vkn1WkNmhz', '2024-01-07'), 
('JOP_9hyWom', '조적공', '109000', 17, '0', 'site_ftJxm1lZwL', '2024-01-10'), 
('JOP_VYlrP1', '철근공', '167000', 4, '0', 'site_4Bl7yI7d4j', '2023-12-04'), 
('JOP_b2EgaE', '착암공', '143000', 16, '0', 'site_wWvpnQqVhn', '2023-12-26'), 
('JOP_MolI9Y', '비계공', '124000', 6, '0', 'site_CrKhJNTtV2', '2023-11-20'), 
('JOP_MukaFv', '제도사', '191000', 0, '0', 'site_Vb28SqzEGm', '2023-12-19'), 
('JOP_M68YDb', '착암공', '107000', 19, '0', 'site_ZKzG6w5Xxl', '2023-12-17'), 
('JOP_ToTuRy', '보통인부', '125000', 20, '0', 'site_kIpkxpS7qU', '2024-01-01'), 
('JOP_z9WZCk', '특별인부', '190000', 11, '0', 'site_sQYtBlWZ7F', '2023-12-30'), 
('JOP_INR60I', '보링공', '154000', 14, '0', 'site_ov0ngdYICF', '2023-12-28'), 
('JOP_0zG2pX', '포설공', '158000', 9, '0', 'site_jn5E68Ns6z', '2023-12-02'), 
('JOP_m4L1zr', '화약취급공', '103000', 4, '0', 'site_sQYtBlWZ7F', '2023-12-19'), 
('JOP_pTyplG', '철골공', '198000', 4, '0', 'site_ZKzG6w5Xxl', '2023-12-01'), 
('JOP_6NPqqm', '철판공', '156000', 11, '0', 'site_8vkw7SSlUo', '2023-12-25'), 
('JOP_sLujV7', '형틀목공', '163000', 6, '0', 'site_D4OxXhNkm3', '2023-12-13'), 
('JOP_TeNwUh', '특별인부', '124000', 19, '0', 'site_M0stltI0q5', '2023-11-23'), 
('JOP_4g97KQ', '할석공', '159000', 10, '0', 'site_A5ItpHm0wb', '2023-11-24'), 
('JOP_QYnXul', '조적공', '149000', 1, '0', 'site_Vb28SqzEGm', '2023-12-09'), 
('JOP_2pRhnP', '포장공', '130000', 0, '0', 'site_Gug2P3J7P2', '2023-11-17'), 
('JOP_51yAJh', '포장공', '110000', 3, '0', 'site_NV7IPkPmHf', '2023-12-10'), 
('JOP_TpyxxC', '철근공', '128000', 20, '0', 'site_kRDe3n7DKn', '2024-01-02'), 
('JOP_hk67ZK', '철공', '186000', 4, '0', 'site_LplaWnJ1QL', '2023-12-18'), 
('JOP_69ICYV', '포설공', '175000', 6, '0', 'site_grqgLcbcgD', '2024-01-05'), 
('JOP_Mmkfar', '할석공', '188000', 3, '0', 'site_W6troVT0NM', '2023-11-25'), 
('JOP_k1Xgnf', '비계공', '165000', 4, '0', 'site_qnhJOl0cVN', '2024-01-05'), 
('JOP_zBXdrx', '콘크리트공', '172000', 12, '0', 'site_LplaWnJ1QL', '2023-12-06'), 
('JOP_XPjYFo', '보통인부', '154000', 12, '0', 'site_kIpkxpS7qU', '2023-12-21'), 
('JOP_OLbL7P', '포설공', '189000', 4, '0', 'site_ExnZti9wA8', '2023-12-17'), 
('JOP_FUXxZU', '포설공', '155000', 1, '0', 'site_eq75gGoMVZ', '2024-01-09'), 
('JOP_IygzVZ', '보링공', '153000', 0, '0', 'site_iDCyHI17UT', '2023-12-23'), 
('JOP_jQxV7l', '작업반장', '134000', 10, '0', 'site_DzzjCa8yLN', '2024-01-01'), 
('JOP_EyQkuV', '착암공', '142000', 18, '0', 'site_wiU3IFESNP', '2023-12-15'), 
('JOP_ZHDzGe', '철근공', '132000', 2, '0', 'site_jn5E68Ns6z', '2023-12-07'), 
('JOP_uIpL9h', '보링공', '123000', 1, '0', 'site_ov0ngdYICF', '2023-12-07'), 
('JOP_PzzQ8i', '조력공', '139000', 6, '0', 'site_hkozrUPKyn', '2023-12-04'), 
('JOP_PkV9xT', '보링공', '142000', 2, '0', 'site_wWvpnQqVhn', '2023-12-30'), 
('JOP_7TjG7o', '착암공', '176000', 3, '0', 'site_DzzjCa8yLN', '2023-12-31'), 
('JOP_38s004', '조적공', '106000', 18, '0', 'site_9911zgjSL6', '2023-12-16'), 
('JOP_ZYSBmc', '조적공', '168000', 0, '0', 'site_Gkz2Ztldon', '2023-11-30'), 
('JOP_h8QM6m', '작업반장', '166000', 3, '0', 'site_A5ItpHm0wb', '2023-11-17'), 
('JOP_roVGIP', '작업반장', '184000', 2, '0', 'site_hv8lcoLRZv', '2023-12-28'), 
('JOP_Oq5Itv', '화약취급공', '139000', 18, '0', 'site_EpeQ5vc683', '2023-12-16'), 
('JOP_LsJZn6', '포설공', '105000', 0, '0', 'site_SYyj39c4SH', '2023-12-05'), 
('JOP_JJzCUL', '철골공', '180000', 19, '0', 'site_g9UhFpMYbU', '2023-12-14'), 
('JOP_OG10Y0', '형틀목공', '140000', 8, '0', 'site_DAeDigKahX', '2023-11-18'), 
('JOP_XFvOMy', '형틀목공', '156000', 3, '0', 'site_lXiEKPYCLt', '2023-12-13'), 
('JOP_LiUdjJ', '제도사', '131000', 4, '0', 'site_fcr2gVuuF2', '2023-11-22'), 
('JOP_1lqDM2', '철공', '144000', 6, '0', 'site_hBQ6uVnKWn', '2023-12-18'), 
('JOP_t9pEXV', '철공', '120000', 18, '0', 'site_9911zgjSL6', '2023-12-04'), 
('JOP_p3jLGw', '조력공', '159000', 11, '0', 'site_hBQ6uVnKWn', '2024-01-05'), 
('JOP_LvdyPQ', '작업반장', '120000', 12, '0', 'site_qnhJOl0cVN', '2023-12-07'), 
('JOP_IZtfTn', '철근공', '117000', 14, '0', 'site_16UuHOETIo', '2023-12-12'), 
('JOP_ESdeDo', '포장공', '120000', 10, '0', 'site_DAeDigKahX', '2023-11-26'), 
('JOP_3jlfZg', '조적공', '125000', 6, '0', 'site_o1IuvsY1XD', '2023-12-27'), 
('JOP_iWn2ev', '작업반장', '192000', 19, '0', 'site_M0stltI0q5', '2023-11-18'), 
('JOP_AvJu8K', '철근공', '115000', 17, '0', 'site_UJha9wERqF', '2023-12-14'), 
('JOP_zDJxNo', '포설공', '188000', 15, '0', 'site_hv8lcoLRZv', '2023-12-20'), 
('JOP_612kXz', '보통인부', '183000', 12, '0', 'site_nhqDHrsoUu', '2023-11-15'), 
('JOP_DWnot2', '화약취급공', '135000', 1, '0', 'site_A5ItpHm0wb', '2023-12-24'), 
('JOP_ZEl7Xq', '조적공', '183000', 10, '0', 'site_fQ3NZWMnDV', '2023-12-29'), 
('JOP_XaYpyh', '제도사', '196000', 1, '0', 'site_vkn1WkNmhz', '2023-12-10'), 
('JOP_RKnIZU', '보링공', '140000', 5, '0', 'site_fQZg9tv7hP', '2023-12-26'), 
('JOP_eN82ub', '할석공', '139000', 3, '0', 'site_Q5DtiDT0Hh', '2023-12-13'), 
('JOP_ImsxEd', '철공', '160000', 9, '0', 'site_OOnuwzqcJ7', '2023-11-29'), 
('JOP_JnAzmb', '용접공', '194000', 9, '0', 'site_Gkz2Ztldon', '2023-11-25'), 
('JOP_yxFCx1', '제도사', '190000', 7, '0', 'site_iSGikJkyuE', '2024-01-10'), 
('JOP_iDU6WC', '포장공', '183000', 17, '0', 'site_0npOcQ06nI', '2023-12-11'), 
('JOP_j2rRAo', '화약취급공', '191000', 11, '0', 'site_ov0ngdYICF', '2023-12-23'), 
('JOP_jkV0qh', '작업반장', '110000', 5, '0', 'site_DAeDigKahX', '2023-12-21'), 
('JOP_MIZhMO', '보통인부', '181000', 14, '0', 'site_3fyTgEPfDB', '2023-12-23'), 
('JOP_1Q9XLo', '착암공', '179000', 18, '0', 'site_wiU3IFESNP', '2023-12-06'), 
('JOP_IwkipI', '형틀목공', '167000', 14, '0', 'site_wKSt83T5d5', '2023-12-22'), 
('JOP_5bx7Kt', '착암공', '114000', 20, '0', 'site_42BRyTRBOo', '2023-11-13'), 
('JOP_kjHdSX', '조력공', '152000', 4, '0', 'site_hkozrUPKyn', '2023-12-28'), 
('JOP_LbEE2m', '조적공', '176000', 3, '0', 'site_1C3G6az8w4', '2023-12-13'), 
('JOP_aSybT4', '조력공', '126000', 17, '0', 'site_iDCyHI17UT', '2023-11-26'), 
('JOP_lgC5OQ', '특별인부', '143000', 10, '0', 'site_CrKhJNTtV2', '2024-01-06'), 
('JOP_m8TUp9', '제도사', '169000', 5, '0', 'site_CUgdQb6zBn', '2023-11-18'), 
('JOP_czX1Ow', '조적공', '155000', 3, '0', 'site_ov0ngdYICF', '2023-11-26'), 
('JOP_IWYBsQ', '특별인부', '147000', 12, '0', 'site_YNhwvwxROB', '2024-01-09'), 
('JOP_d5bL5Z', '철골공', '151000', 11, '0', 'site_7EUNM7MFxx', '2023-12-12'), 
('JOP_JzJwqy', '조적공', '199000', 12, '0', 'site_wKSt83T5d5', '2023-11-26'), 
('JOP_OBpALC', '특별인부', '174000', 9, '0', 'site_ftJxm1lZwL', '2023-11-29'), 
('JOP_pKIOKM', '조적공', '195000', 18, '0', 'site_2ZFT4sP2UY', '2024-01-10'), 
('JOP_utANgb', '제도사', '155000', 6, '0', 'site_o1IuvsY1XD', '2023-12-14'), 
('JOP_Uk6Jfa', '제도사', '125000', 15, '0', 'site_D4OxXhNkm3', '2023-12-20'), 
('JOP_gZ1BCQ', '콘크리트공', '159000', 15, '0', 'site_l6a2PjtK8L', '2023-12-30'), 
('JOP_3zKXCw', '착암공', '130000', 10, '0', 'site_qnhJOl0cVN', '2023-12-02'), 
('JOP_NR436Q', '작업반장', '170000', 13, '0', 'site_hvAv1oQyXC', '2023-12-23'), 
('JOP_aW4P9y', '철공', '182000', 13, '0', 'site_UJha9wERqF', '2023-11-21'), 
('JOP_KxhiRD', '제도사', '139000', 14, '0', 'site_fQ3NZWMnDV', '2023-12-21'), 
('JOP_OvRE8d', '포장공', '178000', 17, '0', 'site_8vkw7SSlUo', '2024-01-07'), 
('JOP_FrRmD7', '용접공', '151000', 10, '0', 'site_eq75gGoMVZ', '2023-12-03'), 
('JOP_MGyDIb', '화약취급공', '155000', 2, '0', 'site_fQ3NZWMnDV', '2024-01-11'), 
('JOP_JiTMWD', '특별인부', '165000', 19, '0', 'site_wWvpnQqVhn', '2023-12-17'), 
('JOP_p1LP5F', '조적공', '102000', 15, '0', 'site_LOMSUCoik1', '2024-01-02'), 
('JOP_pXsAor', '철골공', '101000', 5, '0', 'site_D4OxXhNkm3', '2023-11-14'), 
('JOP_L9X2w4', '화약취급공', '191000', 12, '0', 'site_9fjeglLrga', '2023-12-25'), 
('JOP_Gdwl63', '비계공', '168000', 20, '0', 'site_uZxLxJXtEB', '2023-12-10'), 
('JOP_hIASrj', '철골공', '162000', 14, '0', 'site_Q5DtiDT0Hh', '2023-11-28'), 
('JOP_iYveTP', '포설공', '110000', 12, '0', 'site_o1IuvsY1XD', '2023-12-28'), 
('JOP_JtH9yd', '화약취급공', '104000', 9, '0', 'site_4Bl7yI7d4j', '2023-12-11'), 
('JOP_LR6zRk', '제도사', '151000', 5, '0', 'site_8vkw7SSlUo', '2023-12-29'), 
('JOP_QyQiKJ', '제도사', '127000', 13, '0', 'site_EpeQ5vc683', '2024-01-02'), 
('JOP_WOabiE', '철골공', '119000', 4, '0', 'site_hBQ6uVnKWn', '2023-12-28'), 
('JOP_vLe6ET', '철골공', '171000', 13, '0', 'site_SSSaQGh3MY', '2023-12-13'), 
('JOP_y1Tzle', '조력공', '113000', 4, '0', 'site_xTcMOTEmTn', '2024-01-10'), 
('JOP_IBRsyf', '작업반장', '173000', 4, '0', 'site_hkozrUPKyn', '2023-12-08'), 
('JOP_3VjP0r', '보링공', '140000', 19, '0', 'site_2ZFT4sP2UY', '2023-11-26'), 
('JOP_TetKXq', '작업반장', '152000', 18, '0', 'site_9911zgjSL6', '2023-12-18'), 
('JOP_iDDufZ', '콘크리트공', '150000', 8, '0', 'site_A5ItpHm0wb', '2023-12-17'), 
('JOP_mlXKR5', '철공', '109000', 4, '0', 'site_A5ItpHm0wb', '2024-01-04'), 
('JOP_9zxLku', '특별인부', '173000', 7, '0', 'site_YNhwvwxROB', '2024-01-07'), 
('JOP_iIeDtB', '특별인부', '188000', 15, '0', 'site_SSSaQGh3MY', '2024-01-03'), 
('JOP_wDg0if', '용접공', '176000', 10, '0', 'site_xVOCZM9Vl8', '2023-11-23'), 
('JOP_MSHPP7', '특별인부', '176000', 12, '0', 'site_o1IuvsY1XD', '2023-12-31'), 
('JOP_ZfzqBK', '작업반장', '194000', 12, '0', 'site_EpeQ5vc683', '2023-12-31'), 
('JOP_9yqsrL', '착암공', '161000', 4, '0', 'site_cjBqTAsdWw', '2023-12-05'), 
('JOP_GvUXNj', '화약취급공', '180000', 14, '0', 'site_Y8CHJNPVZV', '2024-01-03'), 
('JOP_OuS8HP', '용접공', '144000', 1, '0', 'site_ZKzG6w5Xxl', '2023-12-21'), 
('JOP_b3sK0i', '철골공', '109000', 4, '0', 'site_vkn1WkNmhz', '2024-01-06'), 
('JOP_EJvlRv', '화약취급공', '196000', 13, '0', 'site_YNhwvwxROB', '2024-01-05'), 
('JOP_1veFHL', '철골공', '191000', 18, '0', 'site_iSGikJkyuE', '2023-12-01'), 
('JOP_b68gRh', '작업반장', '186000', 1, '0', 'site_EpeQ5vc683', '2023-11-13'), 
('JOP_hyYrUf', '철판공', '109000', 5, '0', 'site_mB4W7ZugwK', '2023-12-24'), 
('JOP_7eTSSj', '비계공', '171000', 18, '0', 'site_uZxLxJXtEB', '2023-12-11'), 
('JOP_xDXe6W', '특별인부', '113000', 20, '0', 'site_9911zgjSL6', '2023-12-12'), 
('JOP_qiuHGp', '형틀목공', '104000', 11, '0', 'site_8bX4NbBp1x', '2024-01-03'), 
('JOP_TT5sCs', '할석공', '143000', 7, '0', 'site_CUgdQb6zBn', '2023-11-18'), 
('JOP_DpX5Sg', '용접공', '152000', 0, '0', 'site_MvpxnZrDyM', '2023-12-10'), 
('JOP_KnKCpe', '특별인부', '181000', 6, '0', 'site_xTcMOTEmTn', '2023-12-16'), 
('JOP_LL6kiI', '조력공', '145000', 17, '0', 'site_YNhwvwxROB', '2024-01-03'), 
('JOP_TMtKmB', '특별인부', '121000', 20, '0', 'site_UJha9wERqF', '2023-12-15'), 
('JOP_6dkwfj', '보통인부', '158000', 4, '0', 'site_wiU3IFESNP', '2024-01-11'), 
('JOP_fZcDMJ', '철골공', '117000', 0, '0', 'site_kRDe3n7DKn', '2023-11-25'), 
('JOP_dokyf2', '용접공', '116000', 8, '0', 'site_ExnZti9wA8', '2023-12-13'), 
('JOP_aZi26c', '제도사', '114000', 5, '0', 'site_EamoiDj1Qi', '2023-11-15'), 
('JOP_2uv6tL', '철골공', '139000', 3, '0', 'site_8a0vFjG6ru', '2023-12-26'), 
('JOP_6kVXye', '보링공', '109000', 19, '0', 'site_bkjmx1TXGx', '2024-01-06'), 
('JOP_Qe02e2', '포장공', '108000', 11, '0', 'site_g9UhFpMYbU', '2023-11-26'), 
('JOP_dzESt0', '포설공', '185000', 10, '0', 'site_ExnZti9wA8', '2023-11-21'), 
('JOP_3hNRA0', '철근공', '119000', 4, '0', 'site_grqgLcbcgD', '2023-11-14'), 
('JOP_9pfHLn', '착암공', '135000', 11, '0', 'site_R6wExw0T5D', '2023-12-11'), 
('JOP_l9z89T', '철공', '173000', 0, '0', 'site_kRDe3n7DKn', '2023-11-22'), 
('JOP_WDBgJz', '콘크리트공', '198000', 20, '0', 'site_jn5E68Ns6z', '2023-11-28'), 
('JOP_5hf1Mx', '화약취급공', '128000', 2, '0', 'site_16UuHOETIo', '2023-11-20'), 
('JOP_zgr9n1', '용접공', '196000', 8, '0', 'site_LOMSUCoik1', '2023-12-04'), 
('JOP_fdw9B8', '용접공', '200000', 15, '0', 'site_fcr2gVuuF2', '2024-01-08'), 
('JOP_MF7EeP', '포장공', '174000', 18, '0', 'site_fQZg9tv7hP', '2023-12-02'), 
('JOP_iWqsbB', '철판공', '136000', 15, '0', 'site_4WXFjF0yij', '2023-12-30'), 
('JOP_RRjmAA', '포장공', '146000', 5, '0', 'site_qmiT4bqcd9', '2023-11-29'), 
('JOP_PXBEt3', '콘크리트공', '131000', 5, '0', 'site_UJha9wERqF', '2023-11-16'), 
('JOP_ew1TKw', '형틀목공', '100000', 20, '0', 'site_jThJDigQjK', '2024-01-08'), 
('JOP_OIil29', '보통인부', '153000', 11, '0', 'site_DzzjCa8yLN', '2023-11-21'), 
('JOP_qK5ZrO', '착암공', '129000', 13, '0', 'site_2ZFT4sP2UY', '2023-12-11'), 
('JOP_Hq26oT', '형틀목공', '168000', 15, '0', 'site_0npOcQ06nI', '2023-12-25'), 
('JOP_hFWz5o', '철근공', '198000', 10, '0', 'site_nYGffWX40i', '2023-12-12'), 
('JOP_CW5ETQ', '철근공', '164000', 3, '0', 'site_YNhwvwxROB', '2023-11-19'), 
('JOP_pBgdpx', '철판공', '152000', 0, '0', 'site_EKi7Wij8Ui', '2023-12-18'), 
('JOP_hXFHWM', '철근공', '161000', 15, '0', 'site_16UuHOETIo', '2023-12-07'), 
('JOP_yDKUHf', '철공', '109000', 1, '0', 'site_DzzjCa8yLN', '2023-11-27'), 
('JOP_rT8qIJ', '철근공', '120000', 11, '0', 'site_9fjeglLrga', '2023-11-15'), 
('JOP_prBaui', '보링공', '151000', 13, '0', 'site_IrYVmkjhfg', '2023-12-25'), 
('JOP_9NEW8H', '조적공', '120000', 17, '0', 'site_CUgdQb6zBn', '2023-12-16'), 
('JOP_VNtdW8', '철판공', '183000', 3, '0', 'site_CUgdQb6zBn', '2023-12-19'), 
('JOP_UVC92Z', '비계공', '190000', 5, '0', 'site_WVLvgOBn0N', '2024-01-03'), 
('JOP_C15UfZ', '보통인부', '155000', 19, '0', 'site_nSbFPBI4qX', '2023-12-13'), 
('JOP_29Ta19', '비계공', '159000', 15, '0', 'site_3P0iiIIJ6D', '2024-01-01'), 
('JOP_JJYE9f', '콘크리트공', '125000', 12, '0', 'site_M0stltI0q5', '2023-11-25'), 
('JOP_wHFtcf', '철판공', '139000', 15, '0', 'site_pwp5NXfPE9', '2024-01-01'), 
('JOP_9pp0Vg', '철골공', '130000', 13, '0', 'site_nhqDHrsoUu', '2023-11-16'), 
('JOP_GQ4Dho', '용접공', '158000', 15, '0', 'site_l6a2PjtK8L', '2023-12-05'), 
('JOP_Tm7or2', '제도사', '182000', 3, '0', 'site_fcr2gVuuF2', '2023-11-23'), 
('JOP_2eeqSZ', '화약취급공', '125000', 11, '0', 'site_mB4W7ZugwK', '2023-11-18'), 
('JOP_Nx1YlV', '철근공', '159000', 2, '0', 'site_W6troVT0NM', '2023-12-25'), 
('JOP_MDZOvy', '조력공', '125000', 13, '0', 'site_WVLvgOBn0N', '2023-11-20'), 
('JOP_NHfvpD', '철공', '150000', 8, '0', 'site_cjBqTAsdWw', '2023-12-29'), 
('JOP_uWHG4f', '보링공', '184000', 6, '0', 'site_6S6FQ4p5fr', '2023-12-22'), 
('JOP_Jo4D78', '철판공', '106000', 2, '0', 'site_mB4W7ZugwK', '2023-11-26'), 
('JOP_xjYmks', '형틀목공', '183000', 5, '0', 'site_Kha9GUC7cl', '2023-11-18'), 
('JOP_IHkjBq', '작업반장', '142000', 17, '0', 'site_IrYVmkjhfg', '2024-01-04'), 
('JOP_MI4BIS', '작업반장', '166000', 6, '0', 'site_ov0ngdYICF', '2023-12-27'), 
('JOP_mYFY3f', '포장공', '156000', 0, '0', 'site_mB4W7ZugwK', '2023-12-11'), 
('JOP_bmsbeN', '철판공', '108000', 11, '0', 'site_2ZFT4sP2UY', '2023-12-01'), 
('JOP_wLzsyZ', '포설공', '157000', 4, '0', 'site_ftJxm1lZwL', '2023-12-27'), 
('JOP_a475K8', '철판공', '162000', 7, '0', 'site_ov0ngdYICF', '2023-12-04'), 
('JOP_tP57wt', '조력공', '133000', 19, '0', 'site_ExnZti9wA8', '2023-12-03'), 
('JOP_DR4xu2', '조적공', '108000', 5, '0', 'site_iDCyHI17UT', '2023-12-19'), 
('JOP_rjgo8A', '보링공', '103000', 5, '0', 'site_nYGffWX40i', '2023-12-07'), 
('JOP_lrMf1z', '조적공', '187000', 12, '0', 'site_aUuIsuXMeY', '2023-11-30'), 
('JOP_xU1WLQ', '보통인부', '142000', 2, '0', 'site_fcr2gVuuF2', '2023-12-18'), 
('JOP_t41GHw', '착암공', '200000', 5, '0', 'site_0npOcQ06nI', '2023-12-07'), 
('JOP_qnzUEj', '포설공', '118000', 19, '0', 'site_o1IuvsY1XD', '2024-01-03'), 
('JOP_uC2xKl', '제도사', '145000', 10, '0', 'site_uZxLxJXtEB', '2023-11-22'), 
('JOP_EKaRMr', '포설공', '181000', 8, '0', 'site_iSGikJkyuE', '2023-11-24'), 
('JOP_jVynYt', '철골공', '138000', 1, '0', 'site_bkjmx1TXGx', '2023-12-28'), 
('JOP_Y9IF9M', '비계공', '153000', 17, '0', 'site_fQ3NZWMnDV', '2023-12-31'), 
('JOP_JjKnOm', '철골공', '198000', 20, '0', 'site_hkozrUPKyn', '2023-12-20'), 
('JOP_pkB41m', '착암공', '120000', 0, '0', 'site_EpeQ5vc683', '2023-12-26'), 
('JOP_7u0kqO', '화약취급공', '108000', 15, '0', 'site_16UuHOETIo', '2024-01-09'), 
('JOP_XbvjGE', '철근공', '115000', 2, '0', 'site_ExnZti9wA8', '2023-11-28'), 
('JOP_5PYBy4', '철근공', '177000', 8, '0', 'site_3fyTgEPfDB', '2023-12-10'), 
('JOP_50eFBy', '철골공', '147000', 19, '0', 'site_LOMSUCoik1', '2023-12-11'), 
('JOP_spPmFW', '포설공', '162000', 0, '0', 'site_0npOcQ06nI', '2023-11-28'), 
('JOP_WBNm2p', '철판공', '110000', 7, '0', 'site_YNhwvwxROB', '2023-12-08'), 
('JOP_ptP1ww', '착암공', '140000', 10, '0', 'site_EamoiDj1Qi', '2023-12-02'), 
('JOP_6A7arI', '철공', '127000', 3, '0', 'site_fQZg9tv7hP', '2023-11-26'), 
('JOP_wOYgHY', '포설공', '184000', 2, '0', 'site_wKSt83T5d5', '2023-11-22'), 
('JOP_xddmLH', '조력공', '200000', 9, '0', 'site_IrYVmkjhfg', '2024-01-10'), 
('JOP_XgwNCf', '비계공', '154000', 10, '0', 'site_9911zgjSL6', '2023-12-09'), 
('JOP_z9Pwfe', '보통인부', '119000', 12, '0', 'site_mB4W7ZugwK', '2023-12-30'), 
('JOP_FOVtJg', '화약취급공', '105000', 5, '0', 'site_nSbFPBI4qX', '2023-11-18'), 
('JOP_GciCTT', '조력공', '178000', 6, '0', 'site_0npOcQ06nI', '2023-12-23'), 
('JOP_k506I0', '보링공', '150000', 5, '0', 'site_cjBqTAsdWw', '2023-11-30'), 
('JOP_E8Wkla', '착암공', '150000', 3, '0', 'site_SYyj39c4SH', '2023-11-30'), 
('JOP_n2HE0V', '포설공', '111000', 7, '0', 'site_4WXFjF0yij', '2023-11-24'), 
('JOP_b46xS2', '형틀목공', '145000', 9, '0', 'site_CrKhJNTtV2', '2023-11-28'), 
('JOP_WgdEer', '조력공', '192000', 5, '0', 'site_M0stltI0q5', '2023-11-14'), 
('JOP_steWY3', '보통인부', '147000', 3, '0', 'site_ov0ngdYICF', '2023-11-28'), 
('JOP_Vchv5x', '착암공', '197000', 18, '0', 'site_M0stltI0q5', '2023-12-26'), 
('JOP_Zshkcp', '화약취급공', '107000', 18, '0', 'site_qmiT4bqcd9', '2023-12-03'), 
('JOP_aWqufK', '할석공', '147000', 2, '0', 'site_Y8CHJNPVZV', '2023-12-12'), 
('JOP_lQ0tKl', '포장공', '165000', 18, '0', 'site_Q5DtiDT0Hh', '2023-12-09'), 
('JOP_TekLas', '작업반장', '165000', 2, '0', 'site_3P0iiIIJ6D', '2023-12-26'), 
('JOP_FRrN1P', '형틀목공', '147000', 2, '0', 'site_hv8lcoLRZv', '2023-12-10'), 
('JOP_Qb4Zq5', '포설공', '150000', 20, '0', 'site_fQ3NZWMnDV', '2023-12-23'), 
('JOP_o2JSS2', '조력공', '172000', 3, '0', 'site_0npOcQ06nI', '2023-11-19'), 
('JOP_e5eSiq', '철판공', '200000', 12, '0', 'site_rN7w9PhR8J', '2024-01-03'), 
('JOP_pTjISP', '보통인부', '139000', 14, '0', 'site_lXiEKPYCLt', '2023-11-26'), 
('JOP_PWkzex', '철골공', '102000', 0, '0', 'site_nSbFPBI4qX', '2023-12-09'), 
('JOP_Auo4kz', '조력공', '169000', 2, '0', 'site_2ZFT4sP2UY', '2024-01-09'), 
('JOP_KYZoQr', '포장공', '126000', 17, '0', 'site_A5ItpHm0wb', '2023-12-24'), 
('JOP_wtUkjh', '보통인부', '110000', 19, '0', 'site_Vb28SqzEGm', '2023-12-11'), 
('JOP_GMJBrJ', '포장공', '152000', 6, '0', 'site_Gug2P3J7P2', '2024-01-01'), 
('JOP_r0kCPm', '포설공', '164000', 7, '0', 'site_Jpf6Sp6ouM', '2023-11-18'), 
('JOP_u9ZXye', '포설공', '154000', 20, '0', 'site_eq75gGoMVZ', '2023-12-01'), 
('JOP_Z6PouR', '철근공', '159000', 14, '0', 'site_hBQ6uVnKWn', '2023-11-30'), 
('JOP_FQjKm2', '조적공', '129000', 17, '0', 'site_Jpf6Sp6ouM', '2024-01-05'), 
('JOP_IWPCbL', '포장공', '130000', 15, '0', 'site_LOMSUCoik1', '2023-12-12'), 
('JOP_I33r0G', '철판공', '162000', 5, '0', 'site_3fyTgEPfDB', '2023-11-18'), 
('JOP_1D5bcA', '콘크리트공', '188000', 11, '0', 'site_9911zgjSL6', '2023-12-11'), 
('JOP_BOapim', '작업반장', '159000', 11, '0', 'site_g9UhFpMYbU', '2023-12-20'), 
('JOP_gdtWcQ', '철골공', '109000', 4, '0', 'site_DAeDigKahX', '2023-12-25'), 
('JOP_uogJhZ', '화약취급공', '181000', 20, '0', 'site_ftJxm1lZwL', '2023-11-26'), 
('JOP_B6Dnd6', '착암공', '124000', 7, '0', 'site_Kr87X6roKA', '2023-12-22'), 
('JOP_Qx47Ai', '착암공', '150000', 1, '0', 'site_SSSaQGh3MY', '2023-12-29'), 
('JOP_bW9slx', '작업반장', '136000', 17, '0', 'site_9fjeglLrga', '2023-12-26'), 
('JOP_H8FgOE', '조력공', '173000', 19, '0', 'site_SSSaQGh3MY', '2023-12-02'), 
('JOP_9WBepq', '조적공', '110000', 1, '0', 'site_fcr2gVuuF2', '2023-11-27'), 
('JOP_Zdw2qy', '제도사', '145000', 7, '0', 'site_MvpxnZrDyM', '2023-12-06'), 
('JOP_NgnsTN', '착암공', '113000', 19, '0', 'site_3fyTgEPfDB', '2023-12-15'), 
('JOP_fpT8GW', '착암공', '104000', 18, '0', 'site_wiU3IFESNP', '2023-11-28'), 
('JOP_svLHDr', '제도사', '110000', 11, '0', 'site_EpeQ5vc683', '2023-12-14'), 
('JOP_gnxeB4', '특별인부', '187000', 17, '0', 'site_EKi7Wij8Ui', '2023-12-17'), 
('JOP_ITMRjW', '보링공', '154000', 5, '0', 'site_fcr2gVuuF2', '2023-11-17'), 
('JOP_SPnX8U', '포장공', '192000', 12, '0', 'site_15tEpIw7fN', '2024-01-09'), 
('JOP_bcCqGm', '조적공', '158000', 0, '0', 'site_IrYVmkjhfg', '2023-12-31'), 
('JOP_utyZix', '철판공', '117000', 10, '0', 'site_Gug2P3J7P2', '2023-12-04'), 
('JOP_p0eNyX', '형틀목공', '154000', 3, '0', 'site_jm7NbL2tM1', '2023-12-16'), 
('JOP_NFuCBf', '비계공', '129000', 1, '0', 'site_nhqDHrsoUu', '2023-12-21'), 
('JOP_PSgxqG', '제도사', '127000', 7, '0', 'site_vkn1WkNmhz', '2023-11-23'), 
('JOP_B6wrbo', '보통인부', '130000', 7, '0', 'site_R6wExw0T5D', '2023-12-07'), 
('JOP_nUTp8S', '철근공', '191000', 11, '0', 'site_nSbFPBI4qX', '2023-12-13'), 
('JOP_H4VZS6', '철골공', '162000', 17, '0', 'site_aUuIsuXMeY', '2023-12-24'), 
('JOP_myud5o', '철공', '129000', 11, '0', 'site_SYyj39c4SH', '2023-12-12'), 
('JOP_g0iCjJ', '조적공', '140000', 14, '0', 'site_g9UhFpMYbU', '2023-12-15'), 
('JOP_J2ksG9', '비계공', '142000', 12, '0', 'site_16UuHOETIo', '2023-12-18'), 
('JOP_RWtmVd', '조력공', '137000', 12, '0', 'site_jn5E68Ns6z', '2023-12-30'), 
('JOP_urQHlk', '철공', '147000', 7, '0', 'site_9911zgjSL6', '2023-12-10'), 
('JOP_nPk5r7', '착암공', '132000', 11, '0', 'site_nSbFPBI4qX', '2023-12-17'), 
('JOP_FF2oGu', '조력공', '174000', 5, '0', 'site_EpeQ5vc683', '2023-12-13'), 
('JOP_PoPU5w', '착암공', '160000', 11, '0', 'site_iSGikJkyuE', '2024-01-03'), 
('JOP_EHxTzL', '포장공', '156000', 19, '0', 'site_EpeQ5vc683', '2023-12-19'), 
('JOP_qp6rsb', '용접공', '113000', 16, '0', 'site_ov0ngdYICF', '2023-12-01'), 
('JOP_YmlzEX', '철골공', '143000', 5, '0', 'site_mB4W7ZugwK', '2024-01-10'), 
('JOP_jfR3MB', '화약취급공', '142000', 17, '0', 'site_sQYtBlWZ7F', '2024-01-08'), 
('JOP_I6uBKj', '철공', '113000', 10, '0', 'site_R6wExw0T5D', '2023-12-07'), 
('JOP_GGMIWt', '철근공', '175000', 12, '0', 'site_4Bl7yI7d4j', '2023-12-09'), 
('JOP_FPT4kp', '포장공', '116000', 1, '0', 'site_nSbFPBI4qX', '2023-11-25'), 
('JOP_U6ZXY4', '특별인부', '100000', 9, '0', 'site_fcr2gVuuF2', '2023-11-29'), 
('JOP_wDRbsW', '작업반장', '103000', 15, '0', 'site_A5ItpHm0wb', '2023-12-02'), 
('JOP_tzkiAR', '착암공', '141000', 1, '0', 'site_hkozrUPKyn', '2024-01-07'), 
('JOP_vkUuVN', '보링공', '199000', 6, '0', 'site_aUuIsuXMeY', '2023-11-24'), 
('JOP_uFm3IA', '포장공', '165000', 5, '0', 'site_D4OxXhNkm3', '2023-12-27'), 
('JOP_vcxGB1', '제도사', '161000', 20, '0', 'site_iSGikJkyuE', '2023-11-30'), 
('JOP_2FNQ1V', '철공', '161000', 4, '0', 'site_nYGffWX40i', '2023-12-15'), 
('JOP_ErHWcL', '형틀목공', '116000', 1, '0', 'site_qnhJOl0cVN', '2023-12-16'), 
('JOP_qY2ATh', '용접공', '184000', 2, '0', 'site_nhqDHrsoUu', '2023-12-01'), 
('JOP_z6WfVy', '철공', '127000', 13, '0', 'site_hBQ6uVnKWn', '2023-12-28'), 
('JOP_bKMkbn', '콘크리트공', '163000', 7, '0', 'site_iSGikJkyuE', '2023-11-16'), 
('JOP_SyGt8L', '용접공', '112000', 18, '0', 'site_bkjmx1TXGx', '2023-12-15'), 
('JOP_ky8tYB', '형틀목공', '160000', 17, '0', 'site_9911zgjSL6', '2023-12-10'), 
('JOP_Sn7cR3', '특별인부', '105000', 13, '0', 'site_Vb28SqzEGm', '2023-12-11'), 
('JOP_lNXyWS', '철판공', '189000', 2, '0', 'site_l6a2PjtK8L', '2023-11-29'), 
('JOP_T6VzJW', '보링공', '134000', 10, '0', 'site_ZKzG6w5Xxl', '2023-12-10'), 
('JOP_6yqGEa', '보링공', '126000', 1, '0', 'site_jThJDigQjK', '2023-12-28'), 
('JOP_zbXu6O', '조적공', '113000', 14, '0', 'site_qmiT4bqcd9', '2023-11-29'), 
('JOP_zCCdNo', '제도사', '174000', 1, '0', 'site_iSGikJkyuE', '2023-12-06'), 
('JOP_jUN6aI', '화약취급공', '134000', 6, '0', 'site_jm7NbL2tM1', '2023-12-15'), 
('JOP_gJeKl2', '용접공', '166000', 7, '0', 'site_NV7IPkPmHf', '2023-11-16'), 
('JOP_vrrxIQ', '철공', '158000', 17, '0', 'site_Q5DtiDT0Hh', '2023-12-26'), 
('JOP_pHOnyC', '보통인부', '138000', 20, '0', 'site_CrKhJNTtV2', '2023-11-19'), 
('JOP_fCTnDJ', '형틀목공', '102000', 7, '0', 'site_3P0iiIIJ6D', '2023-11-17'), 
('JOP_R3AqI2', '화약취급공', '133000', 0, '0', 'site_Gug2P3J7P2', '2023-12-12'), 
('JOP_nYL7Pm', '조력공', '171000', 7, '0', 'site_Q5DtiDT0Hh', '2023-12-14'), 
('JOP_KdAJkM', '조력공', '103000', 9, '0', 'site_qmiT4bqcd9', '2023-11-18'), 
('JOP_YgmEbe', '특별인부', '107000', 11, '0', 'site_EamoiDj1Qi', '2024-01-03'), 
('JOP_E77p8v', '철근공', '113000', 7, '0', 'site_9911zgjSL6', '2023-12-30'), 
('JOP_IitmQG', '조력공', '199000', 5, '0', 'site_hv8lcoLRZv', '2023-12-22'), 
('JOP_rwEqx0', '보통인부', '150000', 17, '0', 'site_9911zgjSL6', '2023-11-20'), 
('JOP_XCSSft', '보통인부', '118000', 19, '0', 'site_Vb28SqzEGm', '2023-11-15'), 
('JOP_uGKkny', '보통인부', '157000', 2, '0', 'site_SSSaQGh3MY', '2024-01-04'), 
('JOP_evjnO8', '형틀목공', '110000', 1, '0', 'site_Kha9GUC7cl', '2023-12-31'), 
('JOP_Mj4jRB', '용접공', '192000', 18, '0', 'site_Kr87X6roKA', '2024-01-10'), 
('JOP_kb9hGP', '특별인부', '122000', 12, '0', 'site_nhqDHrsoUu', '2023-11-29'), 
('JOP_jgGaWq', '보통인부', '146000', 3, '0', 'site_Y8CHJNPVZV', '2023-12-16'), 
('JOP_eFBkrX', '할석공', '181000', 13, '0', 'site_Ya8V0YvcXB', '2024-01-07'), 
('JOP_xFroCg', '조력공', '114000', 19, '0', 'site_16UuHOETIo', '2023-12-05'), 
('JOP_zIPpNy', '화약취급공', '170000', 4, '0', 'site_jn5E68Ns6z', '2023-12-11'), 
('JOP_bDt5JG', '작업반장', '197000', 5, '0', 'site_kIpkxpS7qU', '2024-01-10'), 
('JOP_5d2VVM', '철골공', '173000', 8, '0', 'site_Kha9GUC7cl', '2023-12-29'), 
('JOP_qjXj8q', '보통인부', '115000', 11, '0', 'site_o1IuvsY1XD', '2023-12-06'), 
('JOP_WIkbPO', '포설공', '118000', 12, '0', 'site_DAeDigKahX', '2024-01-05'), 
('JOP_IV2Gft', '비계공', '103000', 0, '0', 'site_EKi7Wij8Ui', '2024-01-09'), 
('JOP_duRIhn', '철공', '197000', 4, '0', 'site_ov0ngdYICF', '2023-12-01'), 
('JOP_pUOxTR', '포설공', '143000', 15, '0', 'site_Kha9GUC7cl', '2023-12-13'), 
('JOP_mhskLX', '포설공', '138000', 12, '0', 'site_Ya8V0YvcXB', '2023-11-25'), 
('JOP_ljvDGp', '보링공', '177000', 6, '0', 'site_OOnuwzqcJ7', '2024-01-09'), 
('JOP_rD3zbf', '보링공', '152000', 14, '0', 'site_Kr87X6roKA', '2023-12-30'), 
('JOP_IIZhxs', '형틀목공', '113000', 0, '0', 'site_8vkw7SSlUo', '2023-12-02'), 
('JOP_oM1XaG', '형틀목공', '107000', 10, '0', 'site_hvAv1oQyXC', '2023-11-15'), 
('JOP_dWrpAr', '제도사', '122000', 4, '0', 'site_bpypcKA5vo', '2023-12-21'), 
('JOP_oUenvR', '철근공', '163000', 3, '0', 'site_iDCyHI17UT', '2023-11-29'), 
('JOP_X88OGU', '비계공', '166000', 15, '0', 'site_qnhJOl0cVN', '2023-12-07'), 
('JOP_X4epOD', '콘크리트공', '134000', 3, '0', 'site_kRDe3n7DKn', '2023-12-29'), 
('JOP_zY7X8K', '조력공', '177000', 12, '0', 'site_IrYVmkjhfg', '2023-11-25'), 
('JOP_6896QJ', '조력공', '160000', 13, '0', 'site_rqYo3HPHrc', '2023-12-26'), 
('JOP_BojLKE', '착암공', '168000', 6, '0', 'site_jm7NbL2tM1', '2023-11-25'), 
('JOP_dNG6iz', '콘크리트공', '139000', 17, '0', 'site_CrKhJNTtV2', '2023-11-27'), 
('JOP_vos3sG', '제도사', '194000', 10, '0', 'site_42BRyTRBOo', '2024-01-02'), 
('JOP_2lllsI', '화약취급공', '179000', 17, '0', 'site_2ZFT4sP2UY', '2023-12-24'), 
('JOP_Xrkw3B', '조력공', '102000', 5, '0', 'site_nSbFPBI4qX', '2023-12-14'), 
('JOP_lEi4il', '보링공', '121000', 4, '0', 'site_R6wExw0T5D', '2023-12-26'), 
('JOP_Lz9jiF', '할석공', '136000', 1, '0', 'site_lXiEKPYCLt', '2023-12-09'), 
('JOP_dqHvLu', '화약취급공', '181000', 0, '0', 'site_3P0iiIIJ6D', '2023-11-20'), 
('JOP_oE49Ob', '철근공', '179000', 11, '0', 'site_CrKhJNTtV2', '2023-11-20'), 
('JOP_0Y6gIw', '철골공', '182000', 14, '0', 'site_fcr2gVuuF2', '2023-11-21'), 
('JOP_KSiqu3', '조력공', '136000', 11, '0', 'site_3P0iiIIJ6D', '2023-11-16'), 
('JOP_xrGDe6', '보통인부', '100000', 12, '0', 'site_kRDe3n7DKn', '2023-11-21'), 
('JOP_77WFPc', '특별인부', '159000', 2, '0', 'site_kw6L2ABfDo', '2024-01-06'), 
('JOP_q0qKsA', '조력공', '163000', 14, '0', 'site_WVLvgOBn0N', '2023-11-27'), 
('JOP_9ZeBxm', '철판공', '107000', 18, '0', 'site_ov0ngdYICF', '2023-11-27'), 
('JOP_IGyEwZ', '형틀목공', '184000', 7, '0', 'site_nSbFPBI4qX', '2023-12-06'), 
('JOP_sUifDp', '포장공', '193000', 15, '0', 'site_CrKhJNTtV2', '2023-12-06'), 
('JOP_jVDN9y', '철판공', '155000', 16, '0', 'site_eq75gGoMVZ', '2023-12-17'), 
('JOP_C9VmPy', '조력공', '136000', 10, '0', 'site_ZKzG6w5Xxl', '2023-11-18'), 
('JOP_PXUHw4', '화약취급공', '185000', 2, '0', 'site_ftJxm1lZwL', '2023-12-12'), 
('JOP_vPGy2j', '보링공', '199000', 3, '0', 'site_3fyTgEPfDB', '2024-01-09'), 
('JOP_kw2aGC', '철공', '153000', 10, '0', 'site_nhqDHrsoUu', '2023-12-31'), 
('JOP_68dD6E', '보링공', '189000', 18, '0', 'site_Kha9GUC7cl', '2023-11-30'), 
('JOP_fU6dhq', '작업반장', '112000', 0, '0', 'site_8a0vFjG6ru', '2023-12-27'), 
('JOP_QXB9FY', '조력공', '132000', 9, '0', 'site_DAeDigKahX', '2023-12-14'), 
('JOP_qSPvwq', '화약취급공', '176000', 2, '0', 'site_lXiEKPYCLt', '2023-12-04'), 
('JOP_6gKFBS', '철판공', '193000', 12, '0', 'site_g9UhFpMYbU', '2023-12-03'), 
('JOP_069L1Y', '할석공', '155000', 15, '0', 'site_LOMSUCoik1', '2024-01-07'), 
('JOP_3zB086', '제도사', '140000', 18, '0', 'site_NV7IPkPmHf', '2024-01-06'), 
('JOP_BvSKos', '포설공', '183000', 19, '0', 'site_o1IuvsY1XD', '2024-01-09'), 
('JOP_m9zyn1', '철판공', '199000', 18, '0', 'site_kRDe3n7DKn', '2023-11-30'), 
('JOP_9GTHr9', '조적공', '130000', 1, '0', 'site_vkn1WkNmhz', '2023-11-30'), 
('JOP_y8kjXD', '철판공', '176000', 17, '0', 'site_D4OxXhNkm3', '2023-11-15'), 
('JOP_IWocQ1', '비계공', '150000', 11, '0', 'site_DAeDigKahX', '2023-12-21'), 
('JOP_SmvzNV', '특별인부', '127000', 5, '0', 'site_Vb28SqzEGm', '2023-12-03'), 
('JOP_VFUfgH', '용접공', '129000', 9, '0', 'site_Y8CHJNPVZV', '2023-12-25'), 
('JOP_zzLH3l', '특별인부', '134000', 14, '0', 'site_WVLvgOBn0N', '2023-12-06'), 
('JOP_qJCYpQ', '특별인부', '184000', 0, '0', 'site_rN7w9PhR8J', '2023-12-16'), 
('JOP_TR8Qoc', '화약취급공', '141000', 8, '0', 'site_1C3G6az8w4', '2023-12-01'), 
('JOP_bKNcsk', '조적공', '156000', 9, '0', 'site_UJha9wERqF', '2024-01-01'), 
('JOP_RfvDeT', '작업반장', '134000', 1, '0', 'site_kRDe3n7DKn', '2023-12-30'), 
('JOP_wsyLO2', '할석공', '186000', 14, '0', 'site_0npOcQ06nI', '2023-12-21'), 
('JOP_p8Ucak', '포장공', '116000', 12, '0', 'site_8a0vFjG6ru', '2023-11-18'), 
('JOP_81kIvN', '특별인부', '179000', 18, '0', 'site_fQZg9tv7hP', '2023-11-14'), 
('JOP_xFt7rF', '철근공', '153000', 3, '0', 'site_nSbFPBI4qX', '2023-12-25'), 
('JOP_bGfzus', '철골공', '106000', 14, '0', 'site_kRDe3n7DKn', '2024-01-03'), 
('JOP_FAso8D', '조적공', '101000', 2, '0', 'site_42BRyTRBOo', '2023-11-29'), 
('JOP_9WVvzn', '화약취급공', '146000', 20, '0', 'site_LOMSUCoik1', '2023-11-25'), 
('JOP_4MwVi2', '보통인부', '184000', 6, '0', 'site_kIpkxpS7qU', '2023-12-10'), 
('JOP_bdbO6v', '비계공', '146000', 16, '0', 'site_Kr87X6roKA', '2023-12-25'), 
('JOP_rrVfzg', '포장공', '173000', 18, '0', 'site_aUuIsuXMeY', '2023-12-18'), 
('JOP_ZxS9cj', '착암공', '142000', 4, '0', 'site_EKi7Wij8Ui', '2023-11-25'), 
('JOP_6I9hFW', '특별인부', '175000', 12, '0', 'site_wiU3IFESNP', '2024-01-03'), 
('JOP_IpagjL', '포설공', '178000', 6, '0', 'site_vkn1WkNmhz', '2023-12-11'), 
('JOP_918E4I', '작업반장', '137000', 10, '0', 'site_EamoiDj1Qi', '2023-11-23'), 
('JOP_Uq4RmP', '특별인부', '165000', 19, '0', 'site_wiU3IFESNP', '2023-11-14'), 
('JOP_sZa2ud', '철공', '192000', 8, '0', 'site_4WXFjF0yij', '2023-12-30'), 
('JOP_juIulO', '제도사', '122000', 11, '0', 'site_CrKhJNTtV2', '2023-11-20'), 
('JOP_Wrp2pv', '형틀목공', '146000', 9, '0', 'site_uZxLxJXtEB', '2023-11-17'), 
('JOP_lbSR2E', '제도사', '169000', 13, '0', 'site_LOMSUCoik1', '2024-01-07'), 
('JOP_pFyYGB', '철공', '175000', 16, '0', 'site_Kha9GUC7cl', '2023-12-09'), 
('JOP_V2tHuo', '포장공', '189000', 11, '0', 'site_DAeDigKahX', '2023-12-08'), 
('JOP_OyWMmA', '포설공', '103000', 5, '0', 'site_WVLvgOBn0N', '2024-01-11'), 
('JOP_QyyCdc', '철골공', '103000', 3, '0', 'site_CrKhJNTtV2', '2023-11-19'), 
('JOP_eBisI8', '포설공', '103000', 9, '0', 'site_nYGffWX40i', '2023-11-17'), 
('JOP_gkkTTf', '포장공', '158000', 3, '0', 'site_mB4W7ZugwK', '2024-01-11'), 
('JOP_YTVis4', '비계공', '192000', 2, '0', 'site_eq75gGoMVZ', '2023-12-05'), 
('JOP_OLVR8W', '포설공', '128000', 0, '0', 'site_rN7w9PhR8J', '2024-01-01'), 
('JOP_eIlzk7', '철골공', '101000', 3, '0', 'site_mB4W7ZugwK', '2023-12-31'), 
('JOP_nFQIaS', '착암공', '174000', 2, '0', 'site_LplaWnJ1QL', '2024-01-08'), 
('JOP_HDz5wO', '포장공', '163000', 8, '0', 'site_WVLvgOBn0N', '2023-11-17'), 
('JOP_250X3Q', '제도사', '197000', 16, '0', 'site_LOMSUCoik1', '2024-01-03'), 
('JOP_YFcc25', '특별인부', '118000', 15, '0', 'site_ExnZti9wA8', '2023-12-08'), 
('JOP_oHoOGv', '형틀목공', '179000', 7, '0', 'site_jThJDigQjK', '2023-12-13'), 
('JOP_UKF040', '콘크리트공', '141000', 8, '0', 'site_SSSaQGh3MY', '2023-11-25'), 
('JOP_UVLazq', '보링공', '137000', 2, '0', 'site_16UuHOETIo', '2023-11-22'), 
('JOP_pZJzNA', '보통인부', '182000', 19, '0', 'site_wWvpnQqVhn', '2023-11-28'), 
('JOP_TKBDHF', '제도사', '103000', 8, '0', 'site_kRDe3n7DKn', '2023-12-10'), 
('JOP_CSi0Ai', '용접공', '145000', 9, '0', 'site_A5ItpHm0wb', '2023-11-19'), 
('JOP_X6AYbL', '할석공', '174000', 11, '0', 'site_DAeDigKahX', '2023-12-11'), 
('JOP_bnWb59', '보통인부', '121000', 10, '0', 'site_kIpkxpS7qU', '2024-01-01'), 
('JOP_GuxiKm', '조적공', '183000', 8, '0', 'site_NV7IPkPmHf', '2023-12-17'), 
('JOP_V7AhJ1', '작업반장', '143000', 11, '0', 'site_16UuHOETIo', '2023-12-01'), 
('JOP_0fCMfT', '제도사', '159000', 17, '0', 'site_voLdavRKKa', '2023-12-23'), 
('JOP_IUHKx0', '화약취급공', '188000', 13, '0', 'site_l6a2PjtK8L', '2023-12-18'), 
('JOP_KC01W3', '조적공', '181000', 3, '0', 'site_nSbFPBI4qX', '2023-11-18'), 
('JOP_7IvFEa', '콘크리트공', '176000', 12, '0', 'site_hv8lcoLRZv', '2024-01-03'), 
('JOP_wtkVRb', '제도사', '115000', 16, '0', 'site_iDCyHI17UT', '2023-11-25'), 
('JOP_yi0gS7', '용접공', '118000', 6, '0', 'site_fQZg9tv7hP', '2023-12-27'), 
('JOP_BUJ6Gv', '보링공', '133000', 3, '0', 'site_wiU3IFESNP', '2023-11-23'), 
('JOP_iybjcQ', '작업반장', '117000', 7, '0', 'site_CrKhJNTtV2', '2023-12-10'), 
('JOP_f5UE0M', '포설공', '116000', 6, '0', 'site_fQ3NZWMnDV', '2023-11-22'), 
('JOP_mSjnrV', '비계공', '143000', 3, '0', 'site_D4OxXhNkm3', '2023-12-28'), 
('JOP_nBuaDT', '콘크리트공', '148000', 2, '0', 'site_nSbFPBI4qX', '2023-12-21'), 
('JOP_oyGOXR', '포장공', '164000', 1, '0', 'site_LplaWnJ1QL', '2023-12-13'), 
('JOP_h5SKyn', '포장공', '142000', 17, '0', 'site_rqYo3HPHrc', '2023-12-19'), 
('JOP_2KihZs', '보링공', '113000', 3, '0', 'site_42BRyTRBOo', '2023-12-27'), 
('JOP_Paaq6u', '용접공', '110000', 14, '0', 'site_15tEpIw7fN', '2023-11-27'), 
('JOP_e0z9dT', '화약취급공', '169000', 15, '0', 'site_mB4W7ZugwK', '2023-11-21'), 
('JOP_Afj0iO', '조적공', '184000', 13, '0', 'site_l6a2PjtK8L', '2023-12-30'), 
('JOP_Ua9U1B', '포설공', '198000', 8, '0', 'site_WVLvgOBn0N', '2023-12-15'), 
('JOP_JYD7Ak', '할석공', '193000', 14, '0', 'site_kIpkxpS7qU', '2023-12-21'), 
('JOP_OObcuO', '포설공', '161000', 7, '0', 'site_sQYtBlWZ7F', '2023-11-17'), 
('JOP_UrKFCN', '작업반장', '108000', 7, '0', 'site_aUuIsuXMeY', '2024-01-08'), 
('JOP_EPixye', '특별인부', '195000', 0, '0', 'site_jn5E68Ns6z', '2023-12-21'), 
('JOP_MWIYny', '비계공', '170000', 17, '0', 'site_jThJDigQjK', '2023-12-07'), 
('JOP_XfAOCd', '착암공', '114000', 4, '0', 'site_Ya8V0YvcXB', '2024-01-04');
INSERT INTO job_seek_posting (job_seek_posting_id, js_id, offer_wage, booked, closing_date) VALUES 
('JSP_ZoGfDn', 'GEC7v5', '185000', '0', '2023-12-06'), 
('JSP_Wv1vv5', 'IyKjRY', '186000', '0', '2023-12-06'), 
('JSP_Ug19Y3', 'mD2v3g', '130000', '0', '2024-01-05'), 
('JSP_ZoLcVA', 'YzmyLu', '164000', '0', '2023-12-09'), 
('JSP_V8Et6K', 'BBPS73', '174000', '0', '2023-11-26'), 
('JSP_tKC6fG', 'cxZaTO', '148000', '0', '2024-01-04'), 
('JSP_n7eRs3', 'mD2v3g', '165000', '0', '2023-12-16'), 
('JSP_jXAg2q', 'icnMiY', '168000', '0', '2023-12-17'), 
('JSP_simRHo', 'qakaGq', '134000', '0', '2023-12-27'), 
('JSP_q9Xovh', 'cxZaTO', '174000', '0', '2023-12-11'), 
('JSP_Ldr65h', 'NTWLmk', '166000', '0', '2023-11-25'), 
('JSP_Dbm75O', 'I2SJxB', '130000', '0', '2023-12-18'), 
('JSP_AlhXLS', 'SUECjq', '156000', '0', '2023-11-13'), 
('JSP_LCicQk', '7Z90UR', '110000', '0', '2023-11-14'), 
('JSP_PPadHe', '3aBRYP', '175000', '0', '2023-12-08'), 
('JSP_nWnVN5', 'uCNzYq', '181000', '0', '2023-12-05'), 
('JSP_CeKY8e', '1H6x0u', '171000', '0', '2023-12-18'), 
('JSP_nyRHDt', 'QyOAtN', '122000', '0', '2023-12-21'), 
('JSP_0s3Kx4', 'rmR1lK', '122000', '0', '2023-12-05'), 
('JSP_ivPS4r', 'FkWhzj', '134000', '0', '2023-12-27'), 
('JSP_ZimrCF', 'Oq5e3N', '132000', '0', '2023-12-13'), 
('JSP_Q57rD5', 'O6yBOV', '183000', '0', '2023-11-30'), 
('JSP_HeWV4A', '1DW3WJ', '111000', '0', '2024-01-10'), 
('JSP_14jWQm', 'yHyVTR', '111000', '0', '2023-12-07'), 
('JSP_FZU0aw', 'Lftx4f', '130000', '0', '2024-01-06'), 
('JSP_BWcQrE', 'cWRxzq', '180000', '0', '2023-12-08'), 
('JSP_7zU5EG', 'nOW0GH', '183000', '0', '2024-01-01'), 
('JSP_3Iog1p', 'wMdVle', '193000', '0', '2023-12-02'), 
('JSP_jz2sIx', 'YzmyLu', '124000', '0', '2024-01-03'), 
('JSP_B82Nd7', 'PLHebk', '183000', '0', '2023-11-17'), 
('JSP_7ANHUp', 'llCK0S', '178000', '0', '2023-11-25'), 
('JSP_chalGl', 'qiEMB4', '146000', '0', '2023-12-12'), 
('JSP_LA0vsg', 'IWrIbr', '113000', '0', '2023-12-16'), 
('JSP_bwl12a', 'vgzFo2', '193000', '0', '2024-01-09'), 
('JSP_n00eYT', 'rmR1lK', '162000', '0', '2023-12-11'), 
('JSP_BF7mmX', 'u0ftTi', '136000', '0', '2023-12-24'), 
('JSP_anD3rh', '2C50zG', '137000', '0', '2023-11-27'), 
('JSP_C9po49', 'YKdO9q', '142000', '0', '2023-11-27'), 
('JSP_FaNUR4', 'cQyra5', '106000', '0', '2023-12-18'), 
('JSP_2x6DAS', 'cQyra5', '132000', '0', '2024-01-09'), 
('JSP_pX8nJ1', 'nOmHCU', '176000', '0', '2023-11-17'), 
('JSP_rEMR7z', '4Dda5p', '138000', '0', '2023-11-14'), 
('JSP_ZJ6ADZ', 'xd7Gir', '129000', '0', '2023-12-05'), 
('JSP_ZPAGr6', 'LmiKJZ', '195000', '0', '2023-11-18'), 
('JSP_L8kdp2', 'VRWmxS', '120000', '0', '2024-01-03'), 
('JSP_nImH0s', 'pBy0LA', '138000', '0', '2023-12-16'), 
('JSP_ETJe80', 'SUECjq', '125000', '0', '2023-12-13'), 
('JSP_4FaoID', 'GgYKXb', '123000', '0', '2023-12-22'), 
('JSP_ajnEpu', 'I2SJxB', '166000', '0', '2023-12-07'), 
('JSP_DcDU2w', '9GjM7Y', '115000', '0', '2024-01-04'), 
('JSP_95diIZ', 'Lftx4f', '123000', '0', '2023-11-27'), 
('JSP_VYFh3p', 'yHyVTR', '138000', '0', '2023-12-19'), 
('JSP_2OX5GQ', 'yHyVTR', '111000', '0', '2023-11-18'), 
('JSP_FlVobI', 'fpyDZU', '171000', '0', '2023-12-10'), 
('JSP_6hWUqW', 'YzmyLu', '135000', '0', '2023-12-18'), 
('JSP_4aPvX9', 'LJi5TG', '164000', '0', '2023-12-17'), 
('JSP_Ul2lDO', 'hddZzU', '176000', '0', '2023-12-09'), 
('JSP_nXuryB', 'PLHebk', '106000', '0', '2023-12-09'), 
('JSP_XHoo6e', '7KVj52', '110000', '0', '2023-12-22'), 
('JSP_zwyKvg', 'xk2cbo', '182000', '0', '2024-01-09'), 
('JSP_Wk9oRB', 'B1Np6q', '161000', '0', '2023-11-26'), 
('JSP_jUYHn5', 'XLMemJ', '193000', '0', '2023-12-29'), 
('JSP_klaBn3', 'cuYpdt', '172000', '0', '2023-12-20'), 
('JSP_1lMQFt', 'icnMiY', '129000', '0', '2023-12-06'), 
('JSP_vAKFaE', 'AoEJj2', '147000', '0', '2023-12-17'), 
('JSP_bzamEv', 'icnMiY', '136000', '0', '2023-12-08'), 
('JSP_J5fuKu', '7KVj52', '166000', '0', '2023-11-30'), 
('JSP_pQYrJH', 'Nzgt4n', '106000', '0', '2023-12-11'), 
('JSP_qbxSif', 'QyOAtN', '183000', '0', '2023-12-04'), 
('JSP_PsIsK3', 'qiEMB4', '147000', '0', '2023-12-09'), 
('JSP_LjPpTt', 'fX4aWl', '126000', '0', '2023-11-13'), 
('JSP_aFjyi4', 'JIVWdZ', '192000', '0', '2023-12-14'), 
('JSP_IvY0Jo', 'IyKjRY', '176000', '0', '2023-11-21'), 
('JSP_6m3OGc', 'I2SJxB', '113000', '0', '2023-11-15'), 
('JSP_6LpvvJ', 'Ca7Drv', '180000', '0', '2023-12-25'), 
('JSP_RwpxTe', 'qiEMB4', '157000', '0', '2023-12-12'), 
('JSP_PaEqSh', 'hddZzU', '179000', '0', '2023-11-27'), 
('JSP_Wx698i', 'O6yBOV', '194000', '0', '2023-12-14'), 
('JSP_0cRdxy', 'nOW0GH', '169000', '0', '2023-11-17'), 
('JSP_BVlgBl', '2C50zG', '183000', '0', '2023-11-17'), 
('JSP_nbUmBv', 'LJi5TG', '187000', '0', '2024-01-06'), 
('JSP_EQvjzw', 'cxZaTO', '114000', '0', '2023-12-14'), 
('JSP_V3MJ5K', 'IyKjRY', '116000', '0', '2023-12-09'), 
('JSP_Y2FezJ', 'GEC7v5', '127000', '0', '2023-12-10'), 
('JSP_AsivBa', 'hIUK8N', '129000', '0', '2023-11-15'), 
('JSP_92Inib', 'IyKjRY', '116000', '0', '2023-11-14'), 
('JSP_Nkd53H', 'kmuDol', '185000', '0', '2023-11-22'), 
('JSP_GUBuKZ', 'cWRxzq', '168000', '0', '2023-12-12'), 
('JSP_gWgTzH', '7ApyLP', '168000', '0', '2023-12-18'), 
('JSP_9BcKF8', 'u0ftTi', '146000', '0', '2024-01-08'), 
('JSP_GaO4Q9', 'F6EOpK', '180000', '0', '2023-11-28'), 
('JSP_Cj9YKg', 'eVEb1C', '128000', '0', '2024-01-03'), 
('JSP_JXXYSU', 'BBPS73', '167000', '0', '2024-01-10'), 
('JSP_rzxuMM', 'uCNzYq', '148000', '0', '2024-01-01'), 
('JSP_V9qyBe', 'cCwbht', '117000', '0', '2023-12-03'), 
('JSP_iIXvjK', 'mD2v3g', '154000', '0', '2023-12-03'), 
('JSP_SDZsbR', 'I2SJxB', '102000', '0', '2023-11-23'), 
('JSP_12gDLI', '7Z90UR', '113000', '0', '2023-11-17'), 
('JSP_BjgHuk', 'O6yBOV', '169000', '0', '2023-12-16'), 
('JSP_kIrlwQ', '4Dda5p', '104000', '0', '2024-01-08'), 
('JSP_UmLIir', '4Dda5p', '144000', '0', '2024-01-05'), 
('JSP_EJvchN', 'GEC7v5', '146000', '0', '2023-12-21'), 
('JSP_XjPGwY', 'hIUK8N', '181000', '0', '2023-12-11'), 
('JSP_7mU9Ej', '52xQe0', '101000', '0', '2023-12-16'), 
('JSP_nPVdVo', '2C50zG', '132000', '0', '2023-11-13'), 
('JSP_1Q6BO8', 'Lftx4f', '159000', '0', '2023-12-26'), 
('JSP_OUfd0v', 'AoEJj2', '121000', '0', '2023-12-09'), 
('JSP_C3bWCn', '7aZtkN', '157000', '0', '2023-12-13'), 
('JSP_A2MCvs', 'GEC7v5', '187000', '0', '2023-12-29'), 
('JSP_Rj0llC', 'yHyVTR', '113000', '0', '2024-01-11'), 
('JSP_DwMegD', 'cWRxzq', '189000', '0', '2023-12-16'), 
('JSP_ABiUEV', '52xQe0', '108000', '0', '2024-01-05'), 
('JSP_F0QX9S', 'PLHebk', '131000', '0', '2023-11-26'), 
('JSP_skpmvo', 'icnMiY', '158000', '0', '2023-12-26'), 
('JSP_jS0J2u', 'ZRSU5t', '170000', '0', '2023-11-20'), 
('JSP_Ro9hEl', 'IWrIbr', '167000', '0', '2023-12-04'), 
('JSP_dxK8k5', 'wMdVle', '188000', '0', '2023-12-04'), 
('JSP_f5gYG9', 'F6EOpK', '152000', '0', '2023-12-28'), 
('JSP_0Kq7xB', 'LJi5TG', '111000', '0', '2023-11-21'), 
('JSP_TQr8VR', 'NTWLmk', '182000', '0', '2024-01-01'), 
('JSP_hh7umV', '52xQe0', '185000', '0', '2023-11-24'), 
('JSP_YYj24Z', 'HsSfOT', '187000', '0', '2023-12-27'), 
('JSP_oWuF6s', 'VRWmxS', '176000', '0', '2023-12-27'), 
('JSP_RkwMHe', 'LJi5TG', '143000', '0', '2024-01-09'), 
('JSP_ZvmQ0P', 'PLHebk', '176000', '0', '2023-12-21'), 
('JSP_d8G8vQ', '8F5VKD', '177000', '0', '2023-12-22'), 
('JSP_OpB1jK', 'u0ftTi', '153000', '0', '2024-01-04'), 
('JSP_1AuIcB', 'u0ftTi', '119000', '0', '2023-12-13'), 
('JSP_DNxDK2', '3NBYcW', '195000', '0', '2023-12-07'), 
('JSP_BhWxOs', 'nOmHCU', '199000', '0', '2023-12-08'), 
('JSP_L5YSEe', 'Th8yOE', '114000', '0', '2023-11-24'), 
('JSP_EomQSB', 'yHyVTR', '140000', '0', '2023-12-04'), 
('JSP_YxpyfF', 'Ow8tTm', '174000', '0', '2023-11-28'), 
('JSP_zDG27Z', '2C50zG', '147000', '0', '2023-12-27'), 
('JSP_tK9VDw', '7KVj52', '112000', '0', '2024-01-02'), 
('JSP_JzdMNL', '1H6x0u', '175000', '0', '2023-11-18'), 
('JSP_VaPbIQ', 'tdHUkZ', '162000', '0', '2023-12-27'), 
('JSP_oewXu0', 'w6TWs8', '176000', '0', '2023-12-10'), 
('JSP_sQlLFx', 'cxZaTO', '105000', '0', '2023-12-29'), 
('JSP_0cEVqG', 'RE8Orh', '102000', '0', '2024-01-01'), 
('JSP_Xh5bQW', 'DlQVmm', '118000', '0', '2024-01-06'), 
('JSP_VDeu3n', 'JakwRl', '183000', '0', '2023-11-21'), 
('JSP_m4i8gd', 'pBy0LA', '176000', '0', '2023-12-13'), 
('JSP_7Hl8pn', 'LmiKJZ', '167000', '0', '2024-01-06'), 
('JSP_WlXEAY', 'fX4aWl', '118000', '0', '2023-12-24'), 
('JSP_Jcifqs', 'abx8N5', '133000', '0', '2023-12-06'), 
('JSP_dCJZEB', '0ZcXPl', '134000', '0', '2023-12-18'), 
('JSP_uod3Te', 'aVW7wZ', '145000', '0', '2023-12-21'), 
('JSP_4q43ew', 'Ow8tTm', '129000', '0', '2023-12-24'), 
('JSP_9PrX9J', 'XLMemJ', '166000', '0', '2023-12-27'), 
('JSP_3NAfgx', 'fpyDZU', '149000', '0', '2023-11-28'), 
('JSP_iF5IN1', 'Lftx4f', '154000', '0', '2024-01-03'), 
('JSP_gdKzvu', 'ZRSU5t', '100000', '0', '2024-01-05'), 
('JSP_nwItKl', 'cxZaTO', '106000', '0', '2023-12-20'), 
('JSP_yYrrQ4', 'BBPS73', '103000', '0', '2023-12-14'), 
('JSP_8ICYVm', '4Dda5p', '182000', '0', '2023-12-21'), 
('JSP_VedWM0', 'Vy5Kiz', '117000', '0', '2023-11-21'), 
('JSP_hIBUpC', 'JIVWdZ', '163000', '0', '2024-01-01'), 
('JSP_35JRYa', 'Ow8tTm', '122000', '0', '2023-12-01'), 
('JSP_xuMD6k', 'AwbWSf', '103000', '0', '2023-12-10'), 
('JSP_MVP5sa', '7aZtkN', '188000', '0', '2023-12-25'), 
('JSP_uJ55we', 'JIVWdZ', '140000', '0', '2023-12-16'), 
('JSP_MhiV6x', 'HsSfOT', '199000', '0', '2023-11-29'), 
('JSP_6Gpjxx', 'HsSfOT', '146000', '0', '2024-01-10'), 
('JSP_tI1BeG', 'TGEfsx', '196000', '0', '2024-01-06'), 
('JSP_xIJxAd', 'rmR1lK', '103000', '0', '2023-12-13'), 
('JSP_aeDnM0', 'uCNzYq', '146000', '0', '2023-11-21'), 
('JSP_At3Mia', 'qiEMB4', '105000', '0', '2023-11-26'), 
('JSP_V4c1il', 'YzmyLu', '163000', '0', '2023-11-14'), 
('JSP_G41xfF', '0ZcXPl', '155000', '0', '2024-01-02'), 
('JSP_csRgP0', 'JIVWdZ', '178000', '0', '2023-11-17'), 
('JSP_WsvFs2', 'CEtqbG', '171000', '0', '2023-11-19'), 
('JSP_4JXVhb', 'fX4aWl', '126000', '0', '2023-12-22'), 
('JSP_g46wOo', 'DlQVmm', '106000', '0', '2023-12-11'), 
('JSP_kIpwnu', 'tdHUkZ', '129000', '0', '2023-12-30'), 
('JSP_6y8O2q', 'AoEJj2', '119000', '0', '2023-12-03'), 
('JSP_uyE1Cf', 'JIVWdZ', '152000', '0', '2024-01-06'), 
('JSP_EXIXNZ', 'BBPS73', '176000', '0', '2023-11-28'), 
('JSP_TWAlLR', 'miucmE', '196000', '0', '2023-12-31'), 
('JSP_6rnRLS', '3aBRYP', '129000', '0', '2024-01-01'), 
('JSP_U3HwpD', 'IyKjRY', '105000', '0', '2023-12-25'), 
('JSP_Gym38h', 'Vzhtsj', '137000', '0', '2023-12-22'), 
('JSP_ggcteL', 'LJi5TG', '114000', '0', '2023-11-29'), 
('JSP_LZ7zvy', 'cQyra5', '162000', '0', '2024-01-09'), 
('JSP_gC8Z5C', 'NTWLmk', '155000', '0', '2023-12-28'), 
('JSP_QUbvS8', 'LfzoVV', '132000', '0', '2023-12-19'), 
('JSP_hUoJtf', 'tdHUkZ', '140000', '0', '2023-12-21'), 
('JSP_7UdVoB', 'RE8Orh', '149000', '0', '2023-12-02'), 
('JSP_QBOicm', 'cWRxzq', '188000', '0', '2023-12-23'), 
('JSP_8d7IMO', 'Vy5Kiz', '136000', '0', '2023-12-10'), 
('JSP_YVohxt', 'mD2v3g', '186000', '0', '2024-01-11'), 
('JSP_BKHeKU', '4dpg7F', '156000', '0', '2023-12-01'), 
('JSP_u0M7wE', 'mhNGlp', '171000', '0', '2023-11-28'), 
('JSP_7yiqDc', 'miucmE', '173000', '0', '2023-11-16'), 
('JSP_Jmz5wM', 'BBPS73', '139000', '0', '2023-11-27'), 
('JSP_oibtPj', '1DW3WJ', '142000', '0', '2023-12-19'), 
('JSP_2qlD1L', '0ZcXPl', '189000', '0', '2024-01-11'), 
('JSP_0vewcK', 'RE8Orh', '160000', '0', '2023-12-04'), 
('JSP_KgYGTn', 'vgzFo2', '102000', '0', '2023-12-27'), 
('JSP_lxBL37', 'qiEMB4', '116000', '0', '2024-01-03'), 
('JSP_1yXamW', 'HsSfOT', '191000', '0', '2023-11-22'), 
('JSP_lcm2IH', 'B1Np6q', '158000', '0', '2023-12-24'), 
('JSP_bEyzyT', 'Vy5Kiz', '146000', '0', '2023-12-25'), 
('JSP_kr4CiS', 'qiEMB4', '130000', '0', '2023-12-27'), 
('JSP_CYABLT', 'vgzFo2', '124000', '0', '2023-12-19'), 
('JSP_ioWUXf', 'GgYKXb', '118000', '0', '2023-11-27'), 
('JSP_miEGzW', 'SCOCAe', '179000', '0', '2023-11-20'), 
('JSP_Yoz4Ff', 'nOmHCU', '131000', '0', '2023-12-08'), 
('JSP_UAmzO8', 'cxZaTO', '107000', '0', '2023-12-22'), 
('JSP_ULyg40', 'TGEfsx', '106000', '0', '2023-11-24'), 
('JSP_bkHaIP', 'YKdO9q', '149000', '0', '2024-01-06'), 
('JSP_HWi5TW', 'SCOCAe', '146000', '0', '2024-01-06'), 
('JSP_z1PnWB', 'eVEb1C', '170000', '0', '2023-11-14'), 
('JSP_S5KrBu', 'LJi5TG', '195000', '0', '2023-12-11'), 
('JSP_ANLXMn', 'kmuDol', '144000', '0', '2023-11-22'), 
('JSP_7Ly6dy', 'GgYKXb', '166000', '0', '2024-01-09'), 
('JSP_8QYeBE', 'c1VVsY', '149000', '0', '2024-01-02'), 
('JSP_lU9WoC', 'qiEMB4', '128000', '0', '2023-12-11'), 
('JSP_7diVnc', '7KVj52', '127000', '0', '2023-11-24'), 
('JSP_3nMqeP', 'Lftx4f', '141000', '0', '2023-12-19'), 
('JSP_bRgUiz', 'QyOAtN', '147000', '0', '2023-12-06'), 
('JSP_xtCZ8D', 'wCeQt2', '188000', '0', '2024-01-01'), 
('JSP_auEVNC', 'llCK0S', '154000', '0', '2023-12-11'), 
('JSP_VegQRU', 'JIVWdZ', '110000', '0', '2023-12-11'), 
('JSP_dzFbmv', 'ZRSU5t', '159000', '0', '2024-01-07'), 
('JSP_6MSSkm', 'LmiKJZ', '165000', '0', '2024-01-07'), 
('JSP_P6Qb3n', 'wCeQt2', '161000', '0', '2023-11-20'), 
('JSP_6XzPnd', '2C50zG', '137000', '0', '2024-01-03'), 
('JSP_r0e2r9', 'u0ftTi', '186000', '0', '2023-12-20'), 
('JSP_Sgkfzz', '7ApyLP', '123000', '0', '2023-12-08'), 
('JSP_HzZHr1', 'Vzhtsj', '144000', '0', '2023-11-24'), 
('JSP_4CKlum', 'tQ1luv', '129000', '0', '2023-11-14'), 
('JSP_qu8vbI', 'uCNzYq', '172000', '0', '2024-01-01'), 
('JSP_SV0vD1', 'VRWmxS', '106000', '0', '2023-11-24'), 
('JSP_yO8xa0', '4Dda5p', '184000', '0', '2024-01-03'), 
('JSP_BBUJDN', 'nOmHCU', '195000', '0', '2023-12-15'), 
('JSP_PpoD6N', 'YKdO9q', '101000', '0', '2024-01-06'), 
('JSP_KifpjT', 'vgzFo2', '101000', '0', '2023-11-26'), 
('JSP_QauFzG', 'JIVWdZ', '136000', '0', '2023-11-16'), 
('JSP_WbVMk5', 'qakaGq', '191000', '0', '2023-12-22'), 
('JSP_FT8hyY', 'F6EOpK', '145000', '0', '2023-12-17'), 
('JSP_fzGUYx', 'aVW7wZ', '181000', '0', '2023-12-24'), 
('JSP_If1W6V', '4dpg7F', '105000', '0', '2024-01-11'), 
('JSP_ttVi2e', 'rmR1lK', '187000', '0', '2023-12-10'), 
('JSP_qIvasG', 'HsSfOT', '193000', '0', '2023-11-27'), 
('JSP_2onHmi', 'TGEfsx', '196000', '0', '2023-12-11'), 
('JSP_W7U1Ua', 'LfzoVV', '146000', '0', '2023-12-18'), 
('JSP_OVdiVi', '9kVQGn', '198000', '0', '2023-11-15'), 
('JSP_h7MuRH', 'Ow8tTm', '164000', '0', '2023-11-15'), 
('JSP_Ord3zR', 'NTWLmk', '107000', '0', '2024-01-01'), 
('JSP_0R6vry', 'Vy5Kiz', '172000', '0', '2024-01-05'), 
('JSP_JmWdV1', 'B1Np6q', '106000', '0', '2023-12-31'), 
('JSP_Fk2bZH', 'HjoqUb', '145000', '0', '2023-11-30'), 
('JSP_UsO63m', 'rmR1lK', '107000', '0', '2023-12-22'), 
('JSP_p3BtlH', 'AoEJj2', '158000', '0', '2023-12-03'), 
('JSP_wKJfVW', 'IyKjRY', '127000', '0', '2023-11-28'), 
('JSP_qE6P62', 'xk2cbo', '120000', '0', '2024-01-10'), 
('JSP_b6ishR', '0ZcXPl', '179000', '0', '2023-12-09'), 
('JSP_l8E3M3', 'kmuDol', '117000', '0', '2023-11-23'), 
('JSP_SVbKOv', 'hddZzU', '141000', '0', '2023-12-05'), 
('JSP_rgutPx', 'JakwRl', '103000', '0', '2023-12-05'), 
('JSP_3qAYe9', 'HjoqUb', '155000', '0', '2023-11-23'), 
('JSP_EMoCmc', 'cuYpdt', '145000', '0', '2023-11-18'), 
('JSP_2zW2U1', 'HsSfOT', '162000', '0', '2023-12-25'), 
('JSP_sHj1FB', 'JakwRl', '130000', '0', '2023-12-05'), 
('JSP_6eDN6B', 'uCNzYq', '112000', '0', '2023-11-29'), 
('JSP_IBoqkX', 'cCwbht', '142000', '0', '2023-12-14'), 
('JSP_oA71QP', 'IWrIbr', '196000', '0', '2023-12-17'), 
('JSP_Lf0Igt', 'yHyVTR', '155000', '0', '2023-11-21'), 
('JSP_CPBAq0', 'pBy0LA', '143000', '0', '2023-12-25'), 
('JSP_Bvumf2', 'qiEMB4', '167000', '0', '2023-12-30'), 
('JSP_c8fuZ3', '52xQe0', '172000', '0', '2023-11-30'), 
('JSP_CLbwyd', 'qakaGq', '152000', '0', '2023-11-23'), 
('JSP_O4ME57', 'miucmE', '171000', '0', '2023-12-29'), 
('JSP_P6Vcor', 'Th8yOE', '116000', '0', '2023-11-30'), 
('JSP_6pJUWw', 'fpyDZU', '142000', '0', '2023-12-01'), 
('JSP_PkxhgV', 'pBy0LA', '103000', '0', '2023-12-23'), 
('JSP_5hFA2k', '7Z90UR', '137000', '0', '2023-12-10'), 
('JSP_6zxrSO', 'NTWLmk', '182000', '0', '2023-12-12'), 
('JSP_hIuURx', 'llCK0S', '169000', '0', '2023-12-23'), 
('JSP_pdWrr3', '3NBYcW', '107000', '0', '2023-12-07'), 
('JSP_GPm8WZ', 'XLMemJ', '167000', '0', '2023-12-07'), 
('JSP_VxPWqN', 'XLMemJ', '183000', '0', '2023-12-20'), 
('JSP_1etgJO', '3NBYcW', '134000', '0', '2023-11-21'), 
('JSP_n8iyXw', 'IWrIbr', '166000', '0', '2023-11-26'), 
('JSP_9CV68v', '7KVj52', '149000', '0', '2023-12-28'), 
('JSP_dqelNQ', 'NTWLmk', '126000', '0', '2024-01-06'), 
('JSP_Fjp4Ou', 'QyOAtN', '160000', '0', '2023-12-19'), 
('JSP_AygdUq', '2C50zG', '123000', '0', '2023-12-23'), 
('JSP_l4l5Gh', 'qiEMB4', '172000', '0', '2024-01-03'), 
('JSP_y9xKRk', '1H6x0u', '122000', '0', '2023-11-29'), 
('JSP_aWOsUr', '7aZtkN', '112000', '0', '2024-01-10'), 
('JSP_oCtFZh', 'UxBUNQ', '101000', '0', '2023-12-17'), 
('JSP_WWJuuC', '7KVj52', '196000', '0', '2023-12-11'), 
('JSP_08h637', 'wMdVle', '180000', '0', '2023-12-24'), 
('JSP_2k39Cg', '3NBYcW', '154000', '0', '2023-11-19'), 
('JSP_z2kLOM', 'Oq5e3N', '146000', '0', '2024-01-02'), 
('JSP_rYggSi', 'qE4wV7', '121000', '0', '2023-12-20'), 
('JSP_Fihp0O', '1H6x0u', '103000', '0', '2023-12-14'), 
('JSP_V0SpQc', 'cWRxzq', '184000', '0', '2023-12-12');
INSERT INTO contract (contract_id, contract_wage, js_id, construction_site_id, contract_date) VALUES 
('contract_7t4pZV', '149', 'SCOCAe', 'site_ov0ngdYICF', '2023-11-05'),
('contract_s6F6wz', '110', 'YKdO9q', 'site_qmiT4bqcd9', '2023-11-07'),
('contract_EMdUiL', '194', 'BBPS73', 'site_sQYtBlWZ7F', '2023-10-06'),
('contract_wBbhoR', '105', 'O6yBOV', 'site_kw6L2ABfDo', '2023-10-03'),
('contract_usDpNY', '200', 'Oq5e3N', 'site_wKSt83T5d5', '2023-10-29'),
('contract_vC6imJ', '170', 'RiJ7Km', 'site_pwp5NXfPE9', '2023-10-24'),
('contract_AXPKLL', '128', 'O6yBOV', 'site_CrKhJNTtV2', '2023-10-10'),
('contract_VYoUcQ', '157', 'icnMiY', 'site_Kr87X6roKA', '2023-09-20'),
('contract_hznWqt', '158', 'Nzgt4n', 'site_nYGffWX40i', '2023-10-19'),
('contract_5mIbM0', '191', 'llCK0S', 'site_iSGikJkyuE', '2023-09-27'),
('contract_eolU5w', '168', 'RiJ7Km', 'site_qmiT4bqcd9', '2023-10-24'),
('contract_RD5U3i', '105', 'FkWhzj', 'site_0npOcQ06nI', '2023-11-04'),
('contract_44v3jx', '180', 'PLHebk', 'site_pwp5NXfPE9', '2023-10-08'),
('contract_TvfwAb', '146', '9lmmep', 'site_bkjmx1TXGx', '2023-11-07'),
('contract_FzYV6S', '131', 'kmuDol', 'site_ov0ngdYICF', '2023-10-07'),
('contract_XNLyQb', '169', 'YzmyLu', 'site_WVLvgOBn0N', '2023-10-22'),
('contract_Wa7NOu', '103', 'qakaGq', 'site_g9UhFpMYbU', '2023-10-06'),
('contract_3RO24R', '118', '9kVQGn', 'site_aUuIsuXMeY', '2023-09-21'),
('contract_nxjJSE', '103', 'Oq5e3N', 'site_ZKzG6w5Xxl', '2023-09-28'),
('contract_QD2MXJ', '145', 'CEtqbG', 'site_1C3G6az8w4', '2023-11-06'),
('contract_v0NC02', '116', 'F6EOpK', 'site_YNhwvwxROB', '2023-10-13'),
('contract_dGJpCz', '107', 'ZRSU5t', 'site_9911zgjSL6', '2023-09-30'),
('contract_hiciqS', '120', '2C50zG', 'site_MvpxnZrDyM', '2023-10-22'),
('contract_tuiMwX', '126', 'XLMemJ', 'site_16UuHOETIo', '2023-10-21'),
('contract_0Sllre', '152', 'IWrIbr', 'site_Rnxu4ncLBL', '2023-10-20'),
('contract_rrallW', '108', 'qiEMB4', 'site_l6a2PjtK8L', '2023-10-20'),
('contract_T684OO', '143', 'Ow8tTm', 'site_nhqDHrsoUu', '2023-10-08'),
('contract_74C3Gt', '107', 'qiEMB4', 'site_UJha9wERqF', '2023-09-21'),
('contract_KYWkMh', '140', 'AwbWSf', 'site_8bX4NbBp1x', '2023-10-08'),
('contract_FKlcMM', '191', 'NTWLmk', 'site_fQ3NZWMnDV', '2023-10-28'),
('contract_WZ6TTV', '149', 'I2SJxB', 'site_4WXFjF0yij', '2023-10-25'),
('contract_hEg3V4', '152', 'TGEfsx', 'site_ov0ngdYICF', '2023-09-15'),
('contract_oTSEGV', '104', 'ZRSU5t', 'site_eq75gGoMVZ', '2023-10-31'),
('contract_49Vigb', '153', 'B1Np6q', 'site_jm7NbL2tM1', '2023-11-02'),
('contract_cl1Ooi', '116', 'wMdVle', 'site_OOnuwzqcJ7', '2023-10-07'),
('contract_UBIITV', '187', 'RiJ7Km', 'site_LplaWnJ1QL', '2023-10-30'),
('contract_3iQcAL', '137', '4Dda5p', 'site_W6troVT0NM', '2023-11-05'),
('contract_zk6pNe', '122', 'RE8Orh', 'site_uZxLxJXtEB', '2023-09-20'),
('contract_WtRFuo', '157', '1DW3WJ', 'site_rqYo3HPHrc', '2023-10-09'),
('contract_jNxPKU', '108', 'DlQVmm', 'site_CrKhJNTtV2', '2023-09-30'),
('contract_39ADCV', '125', 'HsSfOT', 'site_EamoiDj1Qi', '2023-10-05'),
('contract_4p4NUq', '153', 'icnMiY', 'site_xVOCZM9Vl8', '2023-09-19'),
('contract_mWJygz', '115', 'miucmE', 'site_nhqDHrsoUu', '2023-10-21'),
('contract_7T6I7S', '107', 'llCK0S', 'site_EpeQ5vc683', '2023-10-11'),
('contract_h8Rq0R', '172', 'icnMiY', 'site_D4OxXhNkm3', '2023-11-02'),
('contract_gRUN89', '118', 'Oq5e3N', 'site_nhqDHrsoUu', '2023-11-09'),
('contract_6bm58R', '134', '52xQe0', 'site_eq75gGoMVZ', '2023-09-29'),
('contract_To0ujv', '141', 'qE4wV7', 'site_6S6FQ4p5fr', '2023-10-14'),
('contract_tofgfV', '157', 'AoEJj2', 'site_ZKzG6w5Xxl', '2023-11-11'),
('contract_jYGL8W', '188', 'Oq5e3N', 'site_eq75gGoMVZ', '2023-10-01'),
('contract_djkMau', '183', 'LfzoVV', 'site_nSbFPBI4qX', '2023-09-26'),
('contract_W7tNaH', '115', 'HjoqUb', 'site_pwp5NXfPE9', '2023-10-15'),
('contract_A5fPtx', '127', 'I2SJxB', 'site_6S6FQ4p5fr', '2023-09-15'),
('contract_cDP1FR', '199', 'tQ1luv', 'site_kIpkxpS7qU', '2023-11-10'),
('contract_W9QDQM', '178', 'I2SJxB', 'site_WVLvgOBn0N', '2023-10-31'),
('contract_o77q3N', '168', 'Oq5e3N', 'site_Kr87X6roKA', '2023-11-11'),
('contract_pObVk1', '155', 'cWRxzq', 'site_8a0vFjG6ru', '2023-11-08'),
('contract_HA2WBu', '150', 'cxZaTO', 'site_3fyTgEPfDB', '2023-11-08'),
('contract_XQGZ6u', '197', 'rmR1lK', 'site_244mgozGZE', '2023-10-27'),
('contract_vbwrS3', '165', 'F6EOpK', 'site_NV7IPkPmHf', '2023-10-28'),
('contract_K2vKF7', '180', 'XLMemJ', 'site_aUuIsuXMeY', '2023-10-13'),
('contract_Ilzi5q', '186', 'Lftx4f', 'site_Jpf6Sp6ouM', '2023-10-24'),
('contract_jON1fV', '155', 'xd7Gir', 'site_15tEpIw7fN', '2023-10-24'),
('contract_5C4BQQ', '190', '7aZtkN', 'site_nSbFPBI4qX', '2023-11-09'),
('contract_3PQQPT', '105', 'LfzoVV', 'site_8a0vFjG6ru', '2023-10-23'),
('contract_t6l5IF', '126', 'RiJ7Km', 'site_1C3G6az8w4', '2023-11-06'),
('contract_fcra3A', '164', 'ZRSU5t', 'site_Q5DtiDT0Hh', '2023-09-19'),
('contract_ysmMaQ', '200', 'LfzoVV', 'site_YNhwvwxROB', '2023-09-17'),
('contract_KhwSMW', '102', '4dpg7F', 'site_kRDe3n7DKn', '2023-10-24'),
('contract_dGmenj', '177', 'wMdVle', 'site_IrYVmkjhfg', '2023-09-20'),
('contract_bbrLPy', '193', 'YKdO9q', 'site_DzzjCa8yLN', '2023-09-15'),
('contract_X1dMbW', '118', 'F6EOpK', 'site_LplaWnJ1QL', '2023-10-18'),
('contract_Fp4Tvz', '112', 'rmR1lK', 'site_voLdavRKKa', '2023-11-09'),
('contract_QRWbvY', '136', 'LJi5TG', 'site_o1IuvsY1XD', '2023-10-20'),
('contract_8jMgkj', '175', 'LfzoVV', 'site_kRDe3n7DKn', '2023-10-24'),
('contract_MGrLKF', '131', 'vgzFo2', 'site_UJha9wERqF', '2023-09-18'),
('contract_D2OVyb', '184', 'YzmyLu', 'site_aUuIsuXMeY', '2023-09-19'),
('contract_PJsmos', '198', 'mD2v3g', 'site_EamoiDj1Qi', '2023-10-27'),
('contract_grwI0Q', '158', 'DlQVmm', 'site_SSSaQGh3MY', '2023-11-09'),
('contract_idHnZV', '138', 'haofks', 'site_fQZg9tv7hP', '2023-10-11'),
('contract_C2B3sP', '153', 'LJi5TG', 'site_vkn1WkNmhz', '2023-10-26'),
('contract_1xt7qG', '138', 'IWrIbr', 'site_hBQ6uVnKWn', '2023-09-20'),
('contract_ZlJg6X', '172', 'B1Np6q', 'site_voLdavRKKa', '2023-09-28'),
('contract_rW6pjA', '147', 'vgzFo2', 'site_kRDe3n7DKn', '2023-10-13'),
('contract_RhTv7Z', '190', 'LmiKJZ', 'site_R6wExw0T5D', '2023-10-20'),
('contract_agvCZ2', '176', 'PLHebk', 'site_6S6FQ4p5fr', '2023-09-24'),
('contract_S2qM9l', '192', 'RE8Orh', 'site_nhqDHrsoUu', '2023-10-09'),
('contract_qd5DjN', '150', 'O6yBOV', 'site_2kJYTwRM5b', '2023-10-04'),
('contract_mkdTli', '156', 'BBPS73', 'site_4Bl7yI7d4j', '2023-11-06'),
('contract_ScLurK', '164', 'b9NMUs', 'site_kw6L2ABfDo', '2023-10-04'),
('contract_I4F5bN', '129', 'YzmyLu', 'site_ZKzG6w5Xxl', '2023-09-18'),
('contract_ZJUeK3', '101', 'xd7Gir', 'site_EKi7Wij8Ui', '2023-11-05'),
('contract_x1ZOmU', '108', 'qakaGq', 'site_4WXFjF0yij', '2023-10-24'),
('contract_e7pBDY', '103', 'SUECjq', 'site_wKSt83T5d5', '2023-09-19'),
('contract_Ui8Zyp', '115', 'RE8Orh', 'site_iDCyHI17UT', '2023-10-06'),
('contract_TK6lUy', '152', 'NTWLmk', 'site_mB4W7ZugwK', '2023-10-31'),
('contract_KKnWGJ', '135', 'b9NMUs', 'site_lXiEKPYCLt', '2023-10-21'),
('contract_VSGSqV', '149', 'Th8yOE', 'site_16UuHOETIo', '2023-10-09'),
('contract_E6nS7a', '167', 'UxBUNQ', 'site_wKSt83T5d5', '2023-10-14'),
('contract_tFSnEy', '174', 'IyKjRY', 'site_fQZg9tv7hP', '2023-09-15'),
('contract_Qym7OB', '162', 'QyOAtN', 'site_EpeQ5vc683', '2023-10-09'),
('contract_Uve2j3', '169', '4Dda5p', 'site_wWvpnQqVhn', '2023-10-15'),
('contract_IuwQPk', '129', 'Ow8tTm', 'site_EKi7Wij8Ui', '2023-10-11'),
('contract_f7w6aV', '179', 'xd7Gir', 'site_244mgozGZE', '2023-10-23'),
('contract_wqUpxB', '198', 'QyOAtN', 'site_hvAv1oQyXC', '2023-11-05'),
('contract_VuAXoT', '174', 'aVW7wZ', 'site_4WXFjF0yij', '2023-09-15'),
('contract_jGXdnp', '125', 'UxBUNQ', 'site_wiU3IFESNP', '2023-10-04'),
('contract_7B6u5V', '101', '4dpg7F', 'site_WVLvgOBn0N', '2023-10-02'),
('contract_rLmQEV', '170', '2C50zG', 'site_kIpkxpS7qU', '2023-09-24'),
('contract_yKKhJN', '176', 'qiEMB4', 'site_7EUNM7MFxx', '2023-10-27'),
('contract_cIUEtz', '160', 'mD2v3g', 'site_EpeQ5vc683', '2023-11-03'),
('contract_a0QwU1', '189', 'VRWmxS', 'site_rN7w9PhR8J', '2023-10-07'),
('contract_G8IEW0', '198', 'Th8yOE', 'site_SYyj39c4SH', '2023-09-27'),
('contract_CPpBk6', '118', 'O6yBOV', 'site_D4OxXhNkm3', '2023-11-01'),
('contract_ahkk0S', '176', 'LfzoVV', 'site_6S6FQ4p5fr', '2023-11-06'),
('contract_9eZtzm', '117', '0ZcXPl', 'site_Ya8V0YvcXB', '2023-09-29'),
('contract_6rW7rP', '193', 'fpyDZU', 'site_wKSt83T5d5', '2023-09-28'),
('contract_twlt6M', '180', 'u0ftTi', 'site_ftJxm1lZwL', '2023-10-03'),
('contract_rmHc0O', '136', 'icnMiY', 'site_OOnuwzqcJ7', '2023-09-20'),
('contract_IqbNKB', '160', '9GjM7Y', 'site_qmiT4bqcd9', '2023-09-21'),
('contract_gr47pz', '108', 'fX4aWl', 'site_iDCyHI17UT', '2023-10-09'),
('contract_LcjlzP', '102', '2C50zG', 'site_8bX4NbBp1x', '2023-10-09'),
('contract_XxZOEN', '158', 'HjoqUb', 'site_CrKhJNTtV2', '2023-11-06'),
('contract_v3uF5I', '150', 'tdHUkZ', 'site_ftJxm1lZwL', '2023-10-23'),
('contract_DCu41l', '106', 'cQyra5', 'site_pwp5NXfPE9', '2023-10-13'),
('contract_chThEK', '121', 'NTWLmk', 'site_9911zgjSL6', '2023-10-02'),
('contract_3e6n6O', '188', '7aZtkN', 'site_aUuIsuXMeY', '2023-10-06'),
('contract_F2dEU5', '166', 'UxBUNQ', 'site_bkjmx1TXGx', '2023-09-21'),
('contract_UFaBuR', '138', 'HjoqUb', 'site_SSSaQGh3MY', '2023-10-08'),
('contract_tTa9Qk', '175', 'TGEfsx', 'site_bpypcKA5vo', '2023-11-10'),
('contract_yVL406', '160', 'cWRxzq', 'site_fQ3NZWMnDV', '2023-10-05'),
('contract_BX2fwB', '161', 'hddZzU', 'site_8a0vFjG6ru', '2023-10-22'),
('contract_9fm5Yk', '173', 'Oq5e3N', 'site_kw6L2ABfDo', '2023-09-28'),
('contract_nXaei0', '124', '2C50zG', 'site_W6troVT0NM', '2023-09-16'),
('contract_hRR4mi', '110', '7ApyLP', 'site_WVLvgOBn0N', '2023-10-10'),
('contract_8tWDNs', '114', 'qE4wV7', 'site_rN7w9PhR8J', '2023-10-16'),
('contract_ONhGbc', '101', 'miucmE', 'site_DAeDigKahX', '2023-11-01'),
('contract_aV9wtM', '150', 'c1VVsY', 'site_M0stltI0q5', '2023-09-16'),
('contract_ZEOrbt', '175', 'YKdO9q', 'site_15tEpIw7fN', '2023-10-29'),
('contract_jftbc6', '147', 'eVEb1C', 'site_qmiT4bqcd9', '2023-11-13'),
('contract_kqFAj1', '104', 'hIUK8N', 'site_15tEpIw7fN', '2023-10-02'),
('contract_XctqXB', '184', '8F5VKD', 'site_aUuIsuXMeY', '2023-09-25'),
('contract_iuAt4n', '141', 'tQ1luv', 'site_1C3G6az8w4', '2023-09-30'),
('contract_PSxgHJ', '171', 'YzmyLu', 'site_8a0vFjG6ru', '2023-10-13'),
('contract_Cjmhes', '144', 'cCwbht', 'site_aUuIsuXMeY', '2023-10-11'),
('contract_hrQ7JE', '137', 'RiJ7Km', 'site_uZxLxJXtEB', '2023-10-28'),
('contract_VkZHdw', '111', '7ApyLP', 'site_IrYVmkjhfg', '2023-10-20'),
('contract_Jd8iAY', '103', 'AwbWSf', 'site_lXiEKPYCLt', '2023-11-10'),
('contract_bhWQVR', '156', '2C50zG', 'site_YNhwvwxROB', '2023-11-11'),
('contract_umgwib', '178', 'fpyDZU', 'site_WVLvgOBn0N', '2023-10-11'),
('contract_4k3mxr', '123', 'miucmE', 'site_7EUNM7MFxx', '2023-09-21'),
('contract_05bAL0', '126', 'Oq5e3N', 'site_42BRyTRBOo', '2023-09-22'),
('contract_ISZEyN', '150', 'JakwRl', 'site_kw6L2ABfDo', '2023-10-16'),
('contract_sDdSHq', '176', 'qakaGq', 'site_ZKzG6w5Xxl', '2023-10-24'),
('contract_3sTnl5', '141', 'QyOAtN', 'site_nSbFPBI4qX', '2023-10-25'),
('contract_JFKbjh', '146', 'pBy0LA', 'site_CrKhJNTtV2', '2023-11-01'),
('contract_w6zqSU', '170', '9GjM7Y', 'site_LplaWnJ1QL', '2023-09-26'),
('contract_76vCuB', '171', 'nOW0GH', 'site_WVLvgOBn0N', '2023-10-25'),
('contract_OCRLv5', '163', 'Oq5e3N', 'site_DzzjCa8yLN', '2023-10-02'),
('contract_zw8jcZ', '151', 'JakwRl', 'site_vkn1WkNmhz', '2023-10-31'),
('contract_C2UHY3', '101', '7Z90UR', 'site_iDCyHI17UT', '2023-10-21'),
('contract_nkWAG2', '195', 'yHyVTR', 'site_Ya8V0YvcXB', '2023-09-19'),
('contract_v3XD8W', '101', 'TGEfsx', 'site_Jpf6Sp6ouM', '2023-09-17'),
('contract_39cCLS', '139', 'aVW7wZ', 'site_vkn1WkNmhz', '2023-11-01'),
('contract_RFAGmD', '170', '7Z90UR', 'site_DAeDigKahX', '2023-09-15'),
('contract_gHEYq1', '188', 'vgzFo2', 'site_A5ItpHm0wb', '2023-09-25'),
('contract_HL7u1D', '112', 'ZRSU5t', 'site_LplaWnJ1QL', '2023-09-26'),
('contract_VySy7b', '156', 'cxZaTO', 'site_hv8lcoLRZv', '2023-11-09'),
('contract_OC8yRl', '180', 'XLMemJ', 'site_enwnjglmwv', '2023-11-05'),
('contract_v73izB', '164', 'rmR1lK', 'site_8vkw7SSlUo', '2023-10-06'),
('contract_ahmA5D', '193', 'LJi5TG', 'site_qnhJOl0cVN', '2023-10-15'),
('contract_P7zXKX', '155', 'GEC7v5', 'site_wWvpnQqVhn', '2023-11-01'),
('contract_BKLiqV', '185', 'cQyra5', 'site_Vb28SqzEGm', '2023-09-24'),
('contract_hiDbVT', '178', 'tdHUkZ', 'site_kIpkxpS7qU', '2023-09-22'),
('contract_gH7EgZ', '131', 'haofks', 'site_R6wExw0T5D', '2023-09-21'),
('contract_i3YecC', '158', 'GgYKXb', 'site_Y8CHJNPVZV', '2023-10-26'),
('contract_hmo4HO', '194', 'NTWLmk', 'site_Kha9GUC7cl', '2023-10-01'),
('contract_OSjLX1', '176', '7ApyLP', 'site_MvpxnZrDyM', '2023-11-08'),
('contract_WDenOH', '144', 'xd7Gir', 'site_hkozrUPKyn', '2023-10-26'),
('contract_QUzITD', '191', 'GEC7v5', 'site_CUgdQb6zBn', '2023-10-27'),
('contract_1dg9hZ', '137', 'F6EOpK', 'site_bkjmx1TXGx', '2023-10-22'),
('contract_cqp9I3', '106', 'I2SJxB', 'site_xVOCZM9Vl8', '2023-10-31'),
('contract_NW37S3', '194', 'qakaGq', 'site_DAeDigKahX', '2023-09-22'),
('contract_KLXGm5', '113', 'SCOCAe', 'site_Gkz2Ztldon', '2023-10-06'),
('contract_CxzbaC', '104', 'HjoqUb', 'site_DAeDigKahX', '2023-10-05'),
('contract_vhZ5fH', '114', 'SUECjq', 'site_iSGikJkyuE', '2023-10-16'),
('contract_FVklRl', '124', 'fpyDZU', 'site_rN7w9PhR8J', '2023-09-19'),
('contract_XU2afv', '103', 'AoEJj2', 'site_SSSaQGh3MY', '2023-09-19'),
('contract_7JaFuv', '122', 'JakwRl', 'site_jThJDigQjK', '2023-10-17'),
('contract_SZ5qzj', '136', '9kVQGn', 'site_0npOcQ06nI', '2023-10-11'),
('contract_4Cpq3D', '163', 'VRWmxS', 'site_9fjeglLrga', '2023-11-13'),
('contract_qts7Jy', '172', 'qakaGq', 'site_15tEpIw7fN', '2023-10-31'),
('contract_dIoAOP', '171', 'vgzFo2', 'site_CrKhJNTtV2', '2023-10-15'),
('contract_1as8vq', '167', 'SUECjq', 'site_NV7IPkPmHf', '2023-10-25'),
('contract_YqK1OW', '127', 'xk2cbo', 'site_g9UhFpMYbU', '2023-10-22'),
('contract_u5KrQi', '139', '0ZcXPl', 'site_qmiT4bqcd9', '2023-09-22'),
('contract_sT9OgY', '183', '2C50zG', 'site_M0stltI0q5', '2023-10-13'),
('contract_UzQwTj', '179', 'YKdO9q', 'site_3P0iiIIJ6D', '2023-10-13'),
('contract_ZtnX8U', '147', 'llCK0S', 'site_Kr87X6roKA', '2023-09-17'),
('contract_U0Rbnj', '155', 'eVEb1C', 'site_hvAv1oQyXC', '2023-10-23'),
('contract_RcUCLF', '133', 'u0ftTi', 'site_fQ3NZWMnDV', '2023-10-09'),
('contract_NZJKFK', '104', 'YKdO9q', 'site_wWvpnQqVhn', '2023-10-09'),
('contract_eOgMW4', '167', 'abx8N5', 'site_wKSt83T5d5', '2023-10-14'),
('contract_ayX30c', '160', 'aVW7wZ', 'site_2kJYTwRM5b', '2023-11-13'),
('contract_cnLJKS', '142', 'rmR1lK', 'site_1C3G6az8w4', '2023-11-08'),
('contract_8hhSux', '151', '7Z90UR', 'site_9911zgjSL6', '2023-09-24'),
('contract_xqrzI4', '100', 'IyKjRY', 'site_fQ3NZWMnDV', '2023-11-12'),
('contract_KgwapB', '175', 'JakwRl', 'site_16UuHOETIo', '2023-11-01'),
('contract_51TvDH', '117', 'nOmHCU', 'site_Rnxu4ncLBL', '2023-10-30'),
('contract_QETClN', '130', 'LJi5TG', 'site_9fjeglLrga', '2023-10-27'),
('contract_i8zPvi', '148', 'B1Np6q', 'site_kRDe3n7DKn', '2023-11-03'),
('contract_4xWLvD', '117', 'cQyra5', 'site_jn5E68Ns6z', '2023-10-04'),
('contract_3xwbv7', '146', '52xQe0', 'site_IrYVmkjhfg', '2023-10-01'),
('contract_VA7ikg', '140', 'CEtqbG', 'site_sQYtBlWZ7F', '2023-11-07'),
('contract_EdoMh5', '134', 'tQ1luv', 'site_fQZg9tv7hP', '2023-09-18'),
('contract_Wu9ITh', '140', 'Ow8tTm', 'site_qnhJOl0cVN', '2023-11-06'),
('contract_V45enz', '114', 'w6TWs8', 'site_Vb28SqzEGm', '2023-10-20'),
('contract_5gv6XL', '171', 'cQyra5', 'site_mB4W7ZugwK', '2023-10-01'),
('contract_VfTBSV', '104', '1H6x0u', 'site_ov0ngdYICF', '2023-09-25'),
('contract_t4gZaN', '106', 'O6yBOV', 'site_16UuHOETIo', '2023-11-13'),
('contract_x1h55v', '141', 'ZRSU5t', 'site_SYyj39c4SH', '2023-10-20'),
('contract_643lMK', '176', 'CEtqbG', 'site_D4OxXhNkm3', '2023-10-11'),
('contract_l3jnHQ', '162', 'xd7Gir', 'site_NV7IPkPmHf', '2023-10-28'),
('contract_ZmiH3p', '111', '4Dda5p', 'site_EKi7Wij8Ui', '2023-10-11'),
('contract_L5wU7z', '181', 'cCwbht', 'site_ZKzG6w5Xxl', '2023-11-03'),
('contract_AIR2dR', '166', 'JIVWdZ', 'site_LOMSUCoik1', '2023-10-21'),
('contract_AwriWH', '121', 'cWRxzq', 'site_SYyj39c4SH', '2023-11-13'),
('contract_8DdKEJ', '199', 'icnMiY', 'site_EKi7Wij8Ui', '2023-10-14'),
('contract_MUkC0D', '171', 'qiEMB4', 'site_ExnZti9wA8', '2023-10-21'),
('contract_I7p3u4', '173', 'qakaGq', 'site_qnhJOl0cVN', '2023-10-17'),
('contract_OZHtCw', '185', 'xk2cbo', 'site_D4OxXhNkm3', '2023-10-19'),
('contract_U6p3dl', '109', 'RE8Orh', 'site_SSSaQGh3MY', '2023-10-13'),
('contract_hFKpBX', '157', '7Z90UR', 'site_W6troVT0NM', '2023-10-26'),
('contract_6q82hT', '167', '52xQe0', 'site_qnhJOl0cVN', '2023-10-15'),
('contract_DuI7Fi', '180', 'YKdO9q', 'site_jm7NbL2tM1', '2023-10-11'),
('contract_JbGlX1', '154', '9GjM7Y', 'site_grqgLcbcgD', '2023-11-07'),
('contract_SBDtji', '190', 'mhNGlp', 'site_Gug2P3J7P2', '2023-10-03'),
('contract_mIUcIG', '167', 'O6yBOV', 'site_bkjmx1TXGx', '2023-10-12'),
('contract_Ga8YUx', '188', '1DW3WJ', 'site_R6wExw0T5D', '2023-09-25'),
('contract_SCTwoK', '189', 'eVEb1C', 'site_bkjmx1TXGx', '2023-11-11'),
('contract_8Os0d5', '103', '7ApyLP', 'site_bkjmx1TXGx', '2023-10-11'),
('contract_rM01W6', '172', '2C50zG', 'site_jThJDigQjK', '2023-10-02'),
('contract_NHHR7D', '194', 'CEtqbG', 'site_SYyj39c4SH', '2023-10-09'),
('contract_3ehAZN', '142', '3NBYcW', 'site_wiU3IFESNP', '2023-09-28'),
('contract_DFyqHm', '107', 'fpyDZU', 'site_Vb28SqzEGm', '2023-10-30'),
('contract_2Xev8O', '179', 'DlQVmm', 'site_ZKzG6w5Xxl', '2023-11-02'),
('contract_Eg8TIX', '114', '1DW3WJ', 'site_DAeDigKahX', '2023-09-30'),
('contract_ARy2iO', '123', '8F5VKD', 'site_DzzjCa8yLN', '2023-09-20'),
('contract_YJXaF1', '192', 'xk2cbo', 'site_mB4W7ZugwK', '2023-10-10'),
('contract_es9tsY', '139', 'Vy5Kiz', 'site_nhqDHrsoUu', '2023-10-23'),
('contract_1cilNj', '129', 'Ca7Drv', 'site_Y8CHJNPVZV', '2023-09-23'),
('contract_ohMebJ', '133', 'wCeQt2', 'site_8bX4NbBp1x', '2023-10-06'),
('contract_fEVRF1', '119', 'qE4wV7', 'site_SSSaQGh3MY', '2023-11-01'),
('contract_1AUkpz', '175', 'B1Np6q', 'site_ftJxm1lZwL', '2023-10-18'),
('contract_IS4mJb', '132', 'qiEMB4', 'site_xTcMOTEmTn', '2023-09-18'),
('contract_v82tcN', '173', 'fX4aWl', 'site_nhqDHrsoUu', '2023-10-28'),
('contract_Z1QXdH', '115', 'Th8yOE', 'site_3P0iiIIJ6D', '2023-10-23'),
('contract_g5dx5d', '157', 'LJi5TG', 'site_enwnjglmwv', '2023-10-01'),
('contract_tXQejn', '119', 'FkWhzj', 'site_9fjeglLrga', '2023-10-12'),
('contract_ccmAAT', '141', 'Vzhtsj', 'site_nhqDHrsoUu', '2023-09-24'),
('contract_oyziKl', '191', 'VRWmxS', 'site_R6wExw0T5D', '2023-09-29'),
('contract_nh8cLz', '103', 'FkWhzj', 'site_wWvpnQqVhn', '2023-09-16'),
('contract_TRJ7qQ', '109', '9lmmep', 'site_lXiEKPYCLt', '2023-11-03'),
('contract_SnaOn9', '122', '3aBRYP', 'site_eq75gGoMVZ', '2023-10-23'),
('contract_fsQqHe', '102', 'QyOAtN', 'site_xTcMOTEmTn', '2023-10-04'),
('contract_eOcdKs', '180', 'ZRSU5t', 'site_8bX4NbBp1x', '2023-09-26'),
('contract_SIVkJP', '119', 'w6TWs8', 'site_7EUNM7MFxx', '2023-09-19'),
('contract_3tyvrR', '115', 'uCNzYq', 'site_rN7w9PhR8J', '2023-09-22'),
('contract_T074bu', '196', 'eVEb1C', 'site_jm7NbL2tM1', '2023-10-11'),
('contract_eoaHmU', '123', 'VRWmxS', 'site_3fyTgEPfDB', '2023-10-14'),
('contract_cmKilY', '164', 'cWRxzq', 'site_wiU3IFESNP', '2023-09-19'),
('contract_cGM4Fe', '119', 'fpyDZU', 'site_A5ItpHm0wb', '2023-10-13'),
('contract_BCCiWr', '131', '9lmmep', 'site_ov0ngdYICF', '2023-10-31'),
('contract_w9PBHj', '139', 'ZRSU5t', 'site_xVOCZM9Vl8', '2023-10-27'),
('contract_iZYPTm', '160', 'LJi5TG', 'site_fQZg9tv7hP', '2023-09-19'),
('contract_rOK0t9', '129', 'Ow8tTm', 'site_Y8CHJNPVZV', '2023-10-31'),
('contract_OHqNtC', '130', 'qakaGq', 'site_16UuHOETIo', '2023-10-11'),
('contract_pMLVjC', '173', 'YzmyLu', 'site_3P0iiIIJ6D', '2023-09-22'),
('contract_GCNRUW', '151', 'cxZaTO', 'site_vkn1WkNmhz', '2023-09-18'),
('contract_GZy9v5', '147', 'cWRxzq', 'site_qmiT4bqcd9', '2023-11-09'),
('contract_PhOwgw', '200', 'RE8Orh', 'site_LOMSUCoik1', '2023-10-23'),
('contract_UxyLfB', '198', 'Lftx4f', 'site_hv8lcoLRZv', '2023-10-06'),
('contract_S7NVKk', '108', 'abx8N5', 'site_ZKzG6w5Xxl', '2023-09-24'),
('contract_GkPAs1', '106', '1DW3WJ', 'site_DAeDigKahX', '2023-09-21'),
('contract_cq7oJJ', '145', 'abx8N5', 'site_Gkz2Ztldon', '2023-09-21'),
('contract_jhvJTU', '116', 'aVW7wZ', 'site_2kJYTwRM5b', '2023-10-11'),
('contract_HOaNiQ', '112', 'fX4aWl', 'site_8a0vFjG6ru', '2023-10-22'),
('contract_JWMkAq', '102', 'fX4aWl', 'site_Y8CHJNPVZV', '2023-11-11'),
('contract_4b6Fzh', '199', 'cxZaTO', 'site_grqgLcbcgD', '2023-11-11'),
('contract_uLI3z1', '103', 'xk2cbo', 'site_MvpxnZrDyM', '2023-10-09'),
('contract_kEVElM', '129', 'vgzFo2', 'site_OOnuwzqcJ7', '2023-11-11'),
('contract_w0UPh4', '179', 'VRWmxS', 'site_16UuHOETIo', '2023-10-15'),
('contract_mgBNb1', '178', 'FkWhzj', 'site_fcr2gVuuF2', '2023-11-11'),
('contract_0Jr981', '193', 'JakwRl', 'site_rN7w9PhR8J', '2023-10-09'),
('contract_tT8N4m', '198', '7aZtkN', 'site_42BRyTRBOo', '2023-10-26'),
('contract_GNePB8', '182', 'LJi5TG', 'site_DAeDigKahX', '2023-10-12'),
('contract_xMkPqQ', '169', '4Dda5p', 'site_8vkw7SSlUo', '2023-10-22'),
('contract_on9UJh', '164', 'PLHebk', 'site_16UuHOETIo', '2023-10-28'),
('contract_Fgg8QT', '104', 'fpyDZU', 'site_jm7NbL2tM1', '2023-09-18'),
('contract_fMpVpd', '175', 'LmiKJZ', 'site_enwnjglmwv', '2023-09-29'),
('contract_iXBnkz', '171', 'PLHebk', 'site_0npOcQ06nI', '2023-09-21'),
('contract_L9K9zv', '138', 'wCeQt2', 'site_kRDe3n7DKn', '2023-09-27'),
('contract_HhE6r3', '114', 'GgYKXb', 'site_eq75gGoMVZ', '2023-09-29'),
('contract_gEepok', '179', 'SUECjq', 'site_CrKhJNTtV2', '2023-10-23'),
('contract_XDT26u', '167', 'yHyVTR', 'site_8vkw7SSlUo', '2023-11-08'),
('contract_WVjcc7', '149', '4Dda5p', 'site_jn5E68Ns6z', '2023-09-24'),
('contract_oBJRIk', '171', 'HsSfOT', 'site_A5ItpHm0wb', '2023-09-18'),
('contract_u3leJP', '169', '1DW3WJ', 'site_aUuIsuXMeY', '2023-11-09'),
('contract_WzDHk7', '107', 'fX4aWl', 'site_OOnuwzqcJ7', '2023-11-12'),
('contract_VijKIc', '157', 'nOmHCU', 'site_6S6FQ4p5fr', '2023-11-07'),
('contract_iekxKc', '103', 'RE8Orh', 'site_kw6L2ABfDo', '2023-11-01'),
('contract_NCpdyw', '157', 'YKdO9q', 'site_pwp5NXfPE9', '2023-09-17'),
('contract_OPaoN6', '155', 'YKdO9q', 'site_8bX4NbBp1x', '2023-09-24'),
('contract_HkT6Ab', '181', '2C50zG', 'site_4Bl7yI7d4j', '2023-10-31'),
('contract_RProNR', '160', 'cWRxzq', 'site_ftJxm1lZwL', '2023-09-24'),
('contract_zUJIxw', '158', 'B1Np6q', 'site_bpypcKA5vo', '2023-10-23'),
('contract_wM6x0Y', '110', '9kVQGn', 'site_rN7w9PhR8J', '2023-10-24'),
('contract_elOuXO', '180', 'cCwbht', 'site_g9UhFpMYbU', '2023-10-15'),
('contract_ZBL3uW', '111', '0ZcXPl', 'site_fQZg9tv7hP', '2023-09-25'),
('contract_Bmbdcz', '144', 'IWrIbr', 'site_EpeQ5vc683', '2023-10-03'),
('contract_ZmrmCB', '198', 'HjoqUb', 'site_16UuHOETIo', '2023-11-07'),
('contract_o0ZDFY', '189', 'Ow8tTm', 'site_aUuIsuXMeY', '2023-10-26'),
('contract_zN5cRF', '181', 'cWRxzq', 'site_nYGffWX40i', '2023-11-08'),
('contract_nC4oS6', '140', '3aBRYP', 'site_o1IuvsY1XD', '2023-10-27'),
('contract_lncpG3', '168', 'mhNGlp', 'site_fcr2gVuuF2', '2023-10-17'),
('contract_v6qFdS', '108', 'uCNzYq', 'site_fQ3NZWMnDV', '2023-09-23'),
('contract_SXZPxi', '115', 'qakaGq', 'site_pwp5NXfPE9', '2023-09-26'),
('contract_r4tGvN', '170', 'HjoqUb', 'site_9911zgjSL6', '2023-10-21'),
('contract_ikmE37', '123', 'QyOAtN', 'site_3fyTgEPfDB', '2023-10-13'),
('contract_GYD1Hg', '118', 'aVW7wZ', 'site_l6a2PjtK8L', '2023-10-03'),
('contract_IN0Eop', '147', 'tQ1luv', 'site_DAeDigKahX', '2023-09-30'),
('contract_fUwqDS', '195', '3NBYcW', 'site_fcr2gVuuF2', '2023-11-07'),
('contract_giryRt', '195', 'mD2v3g', 'site_hkozrUPKyn', '2023-09-18'),
('contract_KVSOP1', '157', 'uCNzYq', 'site_hv8lcoLRZv', '2023-11-10'),
('contract_4I2kT6', '147', 'XLMemJ', 'site_6S6FQ4p5fr', '2023-09-19'),
('contract_EZVMVr', '134', 'cWRxzq', 'site_3fyTgEPfDB', '2023-10-03'),
('contract_3Ca48h', '190', 'DlQVmm', 'site_MvpxnZrDyM', '2023-11-07'),
('contract_FiLLS5', '140', 'FkWhzj', 'site_ov0ngdYICF', '2023-10-31'),
('contract_MWY41U', '157', 'AwbWSf', 'site_UJha9wERqF', '2023-10-28'),
('contract_Y8cuEp', '116', '3NBYcW', 'site_jm7NbL2tM1', '2023-11-10'),
('contract_vUl7Mj', '149', 'Ow8tTm', 'site_8vkw7SSlUo', '2023-10-21'),
('contract_InYYVw', '123', 'cQyra5', 'site_kw6L2ABfDo', '2023-10-08'),
('contract_xgurSy', '183', 'miucmE', 'site_DzzjCa8yLN', '2023-09-25'),
('contract_316BlW', '177', 'rmR1lK', 'site_EpeQ5vc683', '2023-10-16'),
('contract_g7aGU1', '158', 'LfzoVV', 'site_42BRyTRBOo', '2023-09-21'),
('contract_AoF6pr', '178', '3aBRYP', 'site_cjBqTAsdWw', '2023-10-08'),
('contract_6Jnvf6', '182', 'Th8yOE', 'site_grqgLcbcgD', '2023-11-03'),
('contract_AydGi1', '135', 'aVW7wZ', 'site_DzzjCa8yLN', '2023-11-07'),
('contract_7L76gY', '142', 'BBPS73', 'site_16UuHOETIo', '2023-11-04'),
('contract_4ZHEDO', '162', 'wMdVle', 'site_hBQ6uVnKWn', '2023-10-02'),
('contract_2adX6l', '119', '4Dda5p', 'site_nYGffWX40i', '2023-09-28'),
('contract_Rn0giS', '109', 'llCK0S', 'site_Gug2P3J7P2', '2023-11-06'),
('contract_zkqvwA', '161', 'CEtqbG', 'site_YNhwvwxROB', '2023-09-29'),
('contract_EoHksc', '170', 'aVW7wZ', 'site_wWvpnQqVhn', '2023-10-06'),
('contract_MHfeNM', '101', 'TGEfsx', 'site_rqYo3HPHrc', '2023-09-27'),
('contract_MFTF2l', '123', 'mD2v3g', 'site_LplaWnJ1QL', '2023-10-28'),
('contract_BIXxCM', '128', 'Vy5Kiz', 'site_ftJxm1lZwL', '2023-09-20'),
('contract_BSN1Tt', '141', 'cQyra5', 'site_EKi7Wij8Ui', '2023-09-22'),
('contract_8FbAmM', '154', 'c1VVsY', 'site_15tEpIw7fN', '2023-10-28'),
('contract_ly29Ri', '191', 'llCK0S', 'site_Gug2P3J7P2', '2023-10-01'),
('contract_OMj6mK', '137', 'JakwRl', 'site_ZKzG6w5Xxl', '2023-10-08'),
('contract_AhgPDR', '124', 'VRWmxS', 'site_voLdavRKKa', '2023-09-20'),
('contract_SsTUxy', '125', 'Th8yOE', 'site_o1IuvsY1XD', '2023-10-22'),
('contract_qO42ee', '183', 'Oq5e3N', 'site_kRDe3n7DKn', '2023-10-07'),
('contract_2DyeJP', '156', 'UxBUNQ', 'site_2kJYTwRM5b', '2023-10-04'),
('contract_J9MsS9', '195', '1DW3WJ', 'site_Ya8V0YvcXB', '2023-11-03'),
('contract_xlLOSv', '126', 'YzmyLu', 'site_wiU3IFESNP', '2023-10-09'),
('contract_V3YI77', '191', 'xd7Gir', 'site_2kJYTwRM5b', '2023-11-11'),
('contract_64DzpC', '135', 'qiEMB4', 'site_Gug2P3J7P2', '2023-10-29'),
('contract_jsVUYS', '131', 'Lftx4f', 'site_Jpf6Sp6ouM', '2023-09-24'),
('contract_io1oij', '144', '9GjM7Y', 'site_SYyj39c4SH', '2023-09-15'),
('contract_06IsKL', '159', 'HjoqUb', 'site_EKi7Wij8Ui', '2023-10-10'),
('contract_RK4VB7', '123', 'aVW7wZ', 'site_mB4W7ZugwK', '2023-10-07'),
('contract_6zzzZb', '113', 'tQ1luv', 'site_9911zgjSL6', '2023-11-07'),
('contract_bZG9Ey', '195', 'GgYKXb', 'site_ExnZti9wA8', '2023-09-20'),
('contract_EtguhB', '156', '9GjM7Y', 'site_aUuIsuXMeY', '2023-10-22'),
('contract_lMaaFY', '143', 'HsSfOT', 'site_9fjeglLrga', '2023-10-07'),
('contract_3Khyj6', '147', 'uCNzYq', 'site_kRDe3n7DKn', '2023-10-23'),
('contract_uEHJLQ', '135', 'pBy0LA', 'site_42BRyTRBOo', '2023-10-16'),
('contract_MxVzDN', '114', 'NTWLmk', 'site_qnhJOl0cVN', '2023-10-03'),
('contract_mlSAag', '159', 'vgzFo2', 'site_qmiT4bqcd9', '2023-09-21'),
('contract_3MDCxR', '133', 'IWrIbr', 'site_Gug2P3J7P2', '2023-09-29'),
('contract_apMOSR', '164', 'F6EOpK', 'site_pwp5NXfPE9', '2023-10-05'),
('contract_v5s0Vr', '178', 'AoEJj2', 'site_jm7NbL2tM1', '2023-09-25'),
('contract_b6giiA', '182', 'uCNzYq', 'site_pwp5NXfPE9', '2023-10-22'),
('contract_dKynmf', '153', 'IWrIbr', 'site_9fjeglLrga', '2023-10-19'),
('contract_stGcCf', '117', 'qiEMB4', 'site_LOMSUCoik1', '2023-10-22'),
('contract_fK1gYU', '175', '4dpg7F', 'site_2ZFT4sP2UY', '2023-10-27'),
('contract_ebQQzG', '125', 'xd7Gir', 'site_kw6L2ABfDo', '2023-10-07'),
('contract_2WMFPR', '109', 'tdHUkZ', 'site_ExnZti9wA8', '2023-10-23'),
('contract_PjFRoN', '176', 'Lftx4f', 'site_kRDe3n7DKn', '2023-10-29'),
('contract_UdcfKa', '130', 'hddZzU', 'site_ExnZti9wA8', '2023-09-26'),
('contract_oWau8r', '155', '9kVQGn', 'site_MvpxnZrDyM', '2023-11-13'),
('contract_CElo5a', '181', 'pBy0LA', 'site_nYGffWX40i', '2023-10-11'),
('contract_4henh9', '194', 'haofks', 'site_eq75gGoMVZ', '2023-10-29'),
('contract_b2seuU', '124', 'yHyVTR', 'site_uZxLxJXtEB', '2023-09-27'),
('contract_gHwAWj', '125', '7aZtkN', 'site_enwnjglmwv', '2023-10-16'),
('contract_2piAub', '191', 'O6yBOV', 'site_CUgdQb6zBn', '2023-09-25'),
('contract_1vHnRP', '130', 'wCeQt2', 'site_ov0ngdYICF', '2023-10-13'),
('contract_dqyzuV', '111', 'Ow8tTm', 'site_kIpkxpS7qU', '2023-09-21'),
('contract_C6Gk8b', '172', 'haofks', 'site_3P0iiIIJ6D', '2023-09-25'),
('contract_0h5dUI', '118', 'DlQVmm', 'site_aUuIsuXMeY', '2023-10-31'),
('contract_iwzqhc', '161', 'hIUK8N', 'site_SYyj39c4SH', '2023-10-13'),
('contract_SxEBQQ', '103', 'HsSfOT', 'site_8vkw7SSlUo', '2023-10-26'),
('contract_lJ08yN', '141', 'Vy5Kiz', 'site_8bX4NbBp1x', '2023-10-11'),
('contract_0mGvZo', '131', 'JakwRl', 'site_kw6L2ABfDo', '2023-10-27'),
('contract_pqlPTQ', '101', 'cQyra5', 'site_LplaWnJ1QL', '2023-10-25'),
('contract_j9ufgs', '136', 'IWrIbr', 'site_MvpxnZrDyM', '2023-11-06'),
('contract_OqDzBr', '166', 'AoEJj2', 'site_EamoiDj1Qi', '2023-11-06'),
('contract_g2ogUe', '164', 'Lftx4f', 'site_o1IuvsY1XD', '2023-10-26'),
('contract_goqHIy', '175', 'RiJ7Km', 'site_bpypcKA5vo', '2023-09-24'),
('contract_JGOwLg', '153', 'NTWLmk', 'site_voLdavRKKa', '2023-09-22'),
('contract_Vey5pc', '155', '8F5VKD', 'site_jn5E68Ns6z', '2023-09-16'),
('contract_mmO5kf', '102', 'rmR1lK', 'site_Jpf6Sp6ouM', '2023-10-19'),
('contract_j5azjY', '172', '7ApyLP', 'site_wWvpnQqVhn', '2023-09-16'),
('contract_yRmOBV', '128', 'nOmHCU', 'site_W6troVT0NM', '2023-10-02'),
('contract_9yTmiK', '179', 'uCNzYq', 'site_9fjeglLrga', '2023-10-30'),
('contract_D69rc2', '198', 'cxZaTO', 'site_15tEpIw7fN', '2023-10-28'),
('contract_SMjDIi', '173', 'YKdO9q', 'site_8bX4NbBp1x', '2023-11-06'),
('contract_31FOHy', '193', '7aZtkN', 'site_2ZFT4sP2UY', '2023-11-01'),
('contract_lsRcVh', '113', '7KVj52', 'site_aUuIsuXMeY', '2023-09-16'),
('contract_EB590e', '191', 'Vzhtsj', 'site_4WXFjF0yij', '2023-09-19'),
('contract_E3vyTH', '194', 'HjoqUb', 'site_2ZFT4sP2UY', '2023-10-28'),
('contract_vCvspC', '132', 'Th8yOE', 'site_mB4W7ZugwK', '2023-10-27'),
('contract_ZauBp5', '190', 'TGEfsx', 'site_NV7IPkPmHf', '2023-09-26'),
('contract_6A7QoH', '159', 'fpyDZU', 'site_pwp5NXfPE9', '2023-10-28'),
('contract_k3mMmo', '111', 'Vy5Kiz', 'site_nSbFPBI4qX', '2023-10-09'),
('contract_tA3M68', '140', 'LmiKJZ', 'site_LplaWnJ1QL', '2023-09-25'),
('contract_z3Vl0k', '146', 'YKdO9q', 'site_0npOcQ06nI', '2023-10-12'),
('contract_n94LkJ', '100', 'Nzgt4n', 'site_hkozrUPKyn', '2023-10-24'),
('contract_MNPSOe', '138', 'Nzgt4n', 'site_SYyj39c4SH', '2023-10-14'),
('contract_y2FtDm', '151', '3NBYcW', 'site_0npOcQ06nI', '2023-09-20'),
('contract_UIpj3X', '198', 'haofks', 'site_Jpf6Sp6ouM', '2023-10-20'),
('contract_X8l0HJ', '180', 'UxBUNQ', 'site_o1IuvsY1XD', '2023-11-07'),
('contract_8IJqq0', '182', 'RE8Orh', 'site_W6troVT0NM', '2023-10-30'),
('contract_b4tvoa', '195', 'mhNGlp', 'site_OOnuwzqcJ7', '2023-10-14'),
('contract_bXDtfJ', '153', 'AwbWSf', 'site_wWvpnQqVhn', '2023-10-23'),
('contract_V3Pnaq', '191', 'hddZzU', 'site_qmiT4bqcd9', '2023-10-27'),
('contract_61ihh6', '117', 'nOmHCU', 'site_Ya8V0YvcXB', '2023-11-12'),
('contract_T1GLTG', '144', 'qiEMB4', 'site_ZKzG6w5Xxl', '2023-10-22'),
('contract_T17LDU', '198', 'F6EOpK', 'site_42BRyTRBOo', '2023-09-20'),
('contract_K3unBw', '196', 'Th8yOE', 'site_4Bl7yI7d4j', '2023-10-03'),
('contract_CX8K6J', '183', 'c1VVsY', 'site_NV7IPkPmHf', '2023-09-17'),
('contract_CVE4JM', '158', 'YzmyLu', 'site_6S6FQ4p5fr', '2023-10-19'),
('contract_vVanjv', '105', 'FkWhzj', 'site_W6troVT0NM', '2023-09-24'),
('contract_Qw9rmI', '121', 'F6EOpK', 'site_Kha9GUC7cl', '2023-10-21'),
('contract_78o4Yi', '175', 'CEtqbG', 'site_EamoiDj1Qi', '2023-11-10'),
('contract_jyzqqq', '180', '2C50zG', 'site_ExnZti9wA8', '2023-10-05'),
('contract_WkE5pe', '108', 'xk2cbo', 'site_15tEpIw7fN', '2023-10-12'),
('contract_zqs0cT', '140', 'XLMemJ', 'site_ExnZti9wA8', '2023-09-18'),
('contract_NSPkKj', '183', 'cCwbht', 'site_nSbFPBI4qX', '2023-11-11'),
('contract_ZKwy7i', '155', 'cCwbht', 'site_wiU3IFESNP', '2023-09-29'),
('contract_0NsUbh', '144', 'bN3s5t', 'site_grqgLcbcgD', '2023-10-05'),
('contract_A7a3w1', '176', 'B1Np6q', 'site_CrKhJNTtV2', '2023-11-01'),
('contract_jYFXMD', '173', 'mhNGlp', 'site_lXiEKPYCLt', '2023-10-01'),
('contract_hZt7Xn', '112', 'TGEfsx', 'site_nSbFPBI4qX', '2023-09-22'),
('contract_VqyFw5', '132', 'hddZzU', 'site_2kJYTwRM5b', '2023-10-24'),
('contract_nJPepj', '192', 'BBPS73', 'site_NV7IPkPmHf', '2023-09-22'),
('contract_n4mwP6', '101', 'HjoqUb', 'site_iSGikJkyuE', '2023-10-30'),
('contract_RYTVXx', '174', 'cCwbht', 'site_R6wExw0T5D', '2023-10-02'),
('contract_Vwy98V', '158', 'O6yBOV', 'site_bkjmx1TXGx', '2023-10-28'),
('contract_MQy2SK', '100', 'B1Np6q', 'site_1C3G6az8w4', '2023-10-02'),
('contract_JzUC4C', '135', 'LmiKJZ', 'site_Gug2P3J7P2', '2023-09-21'),
('contract_3zYszO', '115', 'b9NMUs', 'site_EamoiDj1Qi', '2023-10-12'),
('contract_KC8Y8n', '160', 'IWrIbr', 'site_Y8CHJNPVZV', '2023-11-02'),
('contract_KfSfbG', '121', 'cuYpdt', 'site_Kr87X6roKA', '2023-11-01'),
('contract_jKT2FQ', '182', 'CEtqbG', 'site_xVOCZM9Vl8', '2023-10-07'),
('contract_ICmLJc', '157', 'GgYKXb', 'site_wKSt83T5d5', '2023-09-25'),
('contract_n6RDtO', '173', 'Lftx4f', 'site_hkozrUPKyn', '2023-09-15'),
('contract_a1c8Jc', '180', 'AoEJj2', 'site_Jpf6Sp6ouM', '2023-11-04'),
('contract_oIsLQq', '118', 'rmR1lK', 'site_Y8CHJNPVZV', '2023-11-06'),
('contract_jaEUSW', '113', '9lmmep', 'site_6S6FQ4p5fr', '2023-09-18'),
('contract_ZVmfwt', '159', 'GEC7v5', 'site_8a0vFjG6ru', '2023-10-13'),
('contract_fP8R5j', '190', 'cuYpdt', 'site_bpypcKA5vo', '2023-10-28'),
('contract_NSFEQo', '138', 'xk2cbo', 'site_CrKhJNTtV2', '2023-10-12'),
('contract_LWAC00', '188', 'cQyra5', 'site_fQZg9tv7hP', '2023-10-21'),
('contract_NLYDUs', '200', 'qE4wV7', 'site_xVOCZM9Vl8', '2023-11-10'),
('contract_YU6Qgq', '103', 'IyKjRY', 'site_wWvpnQqVhn', '2023-11-11'),
('contract_g0iR8k', '122', 'RE8Orh', 'site_Gkz2Ztldon', '2023-09-22'),
('contract_CznV6k', '177', '1H6x0u', 'site_EKi7Wij8Ui', '2023-10-28'),
('contract_XfCf7I', '199', 'B1Np6q', 'site_DzzjCa8yLN', '2023-10-15'),
('contract_xrUtwo', '148', '7Z90UR', 'site_fQ3NZWMnDV', '2023-09-27'),
('contract_0Mq05d', '106', '4dpg7F', 'site_3fyTgEPfDB', '2023-09-28'),
('contract_FEL97z', '172', 'abx8N5', 'site_EamoiDj1Qi', '2023-09-22'),
('contract_Ri1bxH', '110', 'w6TWs8', 'site_kIpkxpS7qU', '2023-11-07'),
('contract_ogw2Ct', '146', 'RiJ7Km', 'site_fQZg9tv7hP', '2023-10-08'),
('contract_qwhs9F', '161', 'SCOCAe', 'site_bpypcKA5vo', '2023-10-11'),
('contract_dP4RxF', '184', 'CEtqbG', 'site_DAeDigKahX', '2023-09-24'),
('contract_Un91bJ', '197', 'QyOAtN', 'site_xTcMOTEmTn', '2023-09-15'),
('contract_RqIDTg', '173', 'HjoqUb', 'site_Kr87X6roKA', '2023-10-15'),
('contract_B9E7Iw', '127', 'vgzFo2', 'site_EpeQ5vc683', '2023-11-05'),
('contract_Lo8TpA', '102', 'mhNGlp', 'site_EamoiDj1Qi', '2023-10-22'),
('contract_qu4UsH', '139', 'SCOCAe', 'site_kIpkxpS7qU', '2023-10-28'),
('contract_VkQzQl', '132', 'ZRSU5t', 'site_fcr2gVuuF2', '2023-10-29'),
('contract_ASoPf4', '149', 'mD2v3g', 'site_EpeQ5vc683', '2023-11-11'),
('contract_69rLwh', '157', '3aBRYP', 'site_6S6FQ4p5fr', '2023-09-18'),
('contract_SZJlnG', '108', 'tQ1luv', 'site_iSGikJkyuE', '2023-11-03'),
('contract_bXogPB', '142', 'HsSfOT', 'site_CUgdQb6zBn', '2023-09-21'),
('contract_syMKJW', '129', '52xQe0', 'site_fQ3NZWMnDV', '2023-11-05'),
('contract_svCBko', '157', 'JakwRl', 'site_NV7IPkPmHf', '2023-11-12'),
('contract_hY33fq', '133', 'AoEJj2', 'site_enwnjglmwv', '2023-10-03'),
('contract_mSF9qC', '151', 'u0ftTi', 'site_g9UhFpMYbU', '2023-10-31'),
('contract_msONUD', '184', 'nOW0GH', 'site_8vkw7SSlUo', '2023-09-25'),
('contract_XgwJ55', '125', '8F5VKD', 'site_0npOcQ06nI', '2023-09-29'),
('contract_zkWoCv', '176', 'NTWLmk', 'site_Gkz2Ztldon', '2023-10-23'),
('contract_V3c9P3', '198', 'yHyVTR', 'site_wWvpnQqVhn', '2023-10-19'),
('contract_xStSwZ', '115', 'YzmyLu', 'site_hkozrUPKyn', '2023-11-04'),
('contract_nmIhOq', '169', '7Z90UR', 'site_D4OxXhNkm3', '2023-09-20'),
('contract_T4lmDJ', '197', 'DlQVmm', 'site_lXiEKPYCLt', '2023-09-28'),
('contract_YBz1my', '179', 'B1Np6q', 'site_WVLvgOBn0N', '2023-10-26'),
('contract_1bDUqd', '133', 'Nzgt4n', 'site_WVLvgOBn0N', '2023-11-02'),
('contract_mHUcyo', '179', 'AwbWSf', 'site_OOnuwzqcJ7', '2023-11-05'),
('contract_pXCZsQ', '110', '2C50zG', 'site_lXiEKPYCLt', '2023-10-20'),
('contract_9wrp1l', '193', 'LfzoVV', 'site_nhqDHrsoUu', '2023-09-24'),
('contract_vXltha', '149', '7Z90UR', 'site_2ZFT4sP2UY', '2023-10-12'),
('contract_a27tSP', '164', 'BBPS73', 'site_kIpkxpS7qU', '2023-10-26'),
('contract_EFHeDO', '102', 'IWrIbr', 'site_LOMSUCoik1', '2023-11-12'),
('contract_r2pbdj', '185', 'Ow8tTm', 'site_lXiEKPYCLt', '2023-10-26'),
('contract_OaUP3j', '137', 'YKdO9q', 'site_vkn1WkNmhz', '2023-10-08'),
('contract_R31tFp', '113', 'DlQVmm', 'site_sQYtBlWZ7F', '2023-10-26'),
('contract_9XHkib', '188', 'LJi5TG', 'site_bpypcKA5vo', '2023-10-19'),
('contract_fJNvN0', '199', 'AwbWSf', 'site_wKSt83T5d5', '2023-09-22'),
('contract_ApK6Vf', '199', 'mhNGlp', 'site_R6wExw0T5D', '2023-09-26'),
('contract_5t0S6f', '165', '52xQe0', 'site_9fjeglLrga', '2023-10-03'),
('contract_FX03NY', '178', '0ZcXPl', 'site_D4OxXhNkm3', '2023-10-28'),
('contract_jF6oIG', '154', '9lmmep', 'site_Q5DtiDT0Hh', '2023-09-27'),
('contract_JW5YgU', '105', 'fX4aWl', 'site_CUgdQb6zBn', '2023-09-15'),
('contract_CDXFDd', '179', 'BBPS73', 'site_Q5DtiDT0Hh', '2023-10-06'),
('contract_mpZrrw', '164', 'cuYpdt', 'site_lXiEKPYCLt', '2023-11-07'),
('contract_wweQAu', '115', 'rmR1lK', 'site_vkn1WkNmhz', '2023-09-19'),
('contract_tWWHPP', '195', 'VRWmxS', 'site_DzzjCa8yLN', '2023-10-01'),
('contract_ksFoAJ', '197', '7ApyLP', 'site_9911zgjSL6', '2023-11-08'),
('contract_5JlK98', '161', 'JIVWdZ', 'site_CUgdQb6zBn', '2023-10-11'),
('contract_Jwdsmh', '146', 'HsSfOT', 'site_mB4W7ZugwK', '2023-10-27'),
('contract_HbSf7j', '163', 'ZRSU5t', 'site_Rnxu4ncLBL', '2023-10-25'),
('contract_TQG80t', '179', 'qiEMB4', 'site_Jpf6Sp6ouM', '2023-11-13'),
('contract_AueDnG', '155', 'bN3s5t', 'site_hvAv1oQyXC', '2023-10-31'),
('contract_MiAr34', '121', '3NBYcW', 'site_DzzjCa8yLN', '2023-11-12'),
('contract_kHEXYI', '196', 'LmiKJZ', 'site_MvpxnZrDyM', '2023-10-26'),
('contract_OdYB4z', '146', 'miucmE', 'site_iDCyHI17UT', '2023-10-10'),
('contract_igeR4N', '109', 'LJi5TG', 'site_15tEpIw7fN', '2023-11-01'),
('contract_NwhUAX', '160', 'uCNzYq', 'site_Gkz2Ztldon', '2023-11-01'),
('contract_Wf7rTB', '163', 'c1VVsY', 'site_kw6L2ABfDo', '2023-10-09'),
('contract_8NLVGu', '193', 'nOW0GH', 'site_hv8lcoLRZv', '2023-09-30'),
('contract_mnHuTb', '126', 'DlQVmm', 'site_wKSt83T5d5', '2023-10-26'),
('contract_XqUb8H', '157', 'GEC7v5', 'site_kIpkxpS7qU', '2023-10-11'),
('contract_tnedEp', '181', '3NBYcW', 'site_voLdavRKKa', '2023-10-24'),
('contract_FEqQ9Z', '169', '7ApyLP', 'site_Vb28SqzEGm', '2023-10-10'),
('contract_W3NVpf', '104', 'LfzoVV', 'site_7EUNM7MFxx', '2023-09-24'),
('contract_6XBFdB', '198', 'Lftx4f', 'site_W6troVT0NM', '2023-09-16'),
('contract_cw8LIs', '192', 'kmuDol', 'site_cjBqTAsdWw', '2023-10-25'),
('contract_7RwA08', '105', '0ZcXPl', 'site_2ZFT4sP2UY', '2023-09-24'),
('contract_ndg7SH', '192', 'qE4wV7', 'site_aUuIsuXMeY', '2023-09-23'),
('contract_mhzoUg', '119', 'NTWLmk', 'site_iDCyHI17UT', '2023-10-17'),
('contract_3iqBGt', '106', '4dpg7F', 'site_aUuIsuXMeY', '2023-10-05'),
('contract_euNbqH', '128', 'abx8N5', 'site_244mgozGZE', '2023-10-17'),
('contract_n5aUHB', '162', 'qiEMB4', 'site_D4OxXhNkm3', '2023-11-05'),
('contract_BdNftR', '135', 'HsSfOT', 'site_MvpxnZrDyM', '2023-09-19'),
('contract_tS7lAp', '117', 'Lftx4f', 'site_CUgdQb6zBn', '2023-11-01'),
('contract_HBoTjM', '178', 'TGEfsx', 'site_9fjeglLrga', '2023-09-17'),
('contract_pB05Sc', '119', 'B1Np6q', 'site_kw6L2ABfDo', '2023-09-15'),
('contract_Qs1KE1', '110', 'YzmyLu', 'site_YNhwvwxROB', '2023-09-18'),
('contract_FWs90w', '188', 'PLHebk', 'site_nSbFPBI4qX', '2023-09-25'),
('contract_D8fUMC', '126', '7Z90UR', 'site_jThJDigQjK', '2023-09-29'),
('contract_pacvwT', '173', 'mhNGlp', 'site_Ya8V0YvcXB', '2023-10-02'),
('contract_QaZuEm', '129', '9GjM7Y', 'site_wWvpnQqVhn', '2023-10-06'),
('contract_44ljVr', '163', 'cxZaTO', 'site_2ZFT4sP2UY', '2023-09-16'),
('contract_BYblUu', '188', '7aZtkN', 'site_CrKhJNTtV2', '2023-09-24'),
('contract_fzVzYi', '189', 'aVW7wZ', 'site_hv8lcoLRZv', '2023-09-24'),
('contract_o35HYb', '182', 'wMdVle', 'site_CUgdQb6zBn', '2023-10-12'),
('contract_BtGI0s', '114', 'O6yBOV', 'site_2ZFT4sP2UY', '2023-09-30'),
('contract_VZJKWQ', '152', 'TGEfsx', 'site_Q5DtiDT0Hh', '2023-10-29'),
('contract_WikiKw', '112', 'mhNGlp', 'site_kIpkxpS7qU', '2023-09-15'),
('contract_rYFf4k', '147', 'cCwbht', 'site_WVLvgOBn0N', '2023-10-16'),
('contract_ulc33n', '103', '7aZtkN', 'site_16UuHOETIo', '2023-10-27'),
('contract_vTIkv5', '123', 'llCK0S', 'site_R6wExw0T5D', '2023-10-28'),
('contract_IyihBK', '153', 'YKdO9q', 'site_UJha9wERqF', '2023-09-20'),
('contract_zdCGNx', '158', 'nOmHCU', 'site_1C3G6az8w4', '2023-10-28'),
('contract_PZESXP', '192', 'xd7Gir', 'site_OOnuwzqcJ7', '2023-10-22'),
('contract_j7wl54', '162', 'TGEfsx', 'site_fQ3NZWMnDV', '2023-09-27'),
('contract_6BSXiB', '102', '1DW3WJ', 'site_15tEpIw7fN', '2023-09-23'),
('contract_pPwxft', '177', '4dpg7F', 'site_fQZg9tv7hP', '2023-10-31'),
('contract_9ughwx', '126', 'SUECjq', 'site_8bX4NbBp1x', '2023-09-27'),
('contract_7oV7CK', '110', '4Dda5p', 'site_hv8lcoLRZv', '2023-10-05'),
('contract_0KXB0D', '189', 'llCK0S', 'site_42BRyTRBOo', '2023-09-25'),
('contract_0IHbxo', '125', '7KVj52', 'site_jThJDigQjK', '2023-09-19'),
('contract_A6blh3', '172', 'YzmyLu', 'site_ExnZti9wA8', '2023-10-27'),
('contract_W1PSTf', '169', 'LmiKJZ', 'site_nSbFPBI4qX', '2023-09-25'),
('contract_XDiMT0', '108', 'B1Np6q', 'site_grqgLcbcgD', '2023-09-30'),
('contract_b5lWDT', '161', 'YKdO9q', 'site_Kr87X6roKA', '2023-10-25'),
('contract_wxkXCa', '186', '7aZtkN', 'site_voLdavRKKa', '2023-11-06'),
('contract_BxDTPX', '106', 'llCK0S', 'site_hvAv1oQyXC', '2023-11-03'),
('contract_nKE8W8', '156', 'qakaGq', 'site_ov0ngdYICF', '2023-10-20'),
('contract_yMjh3I', '129', 'YKdO9q', 'site_pwp5NXfPE9', '2023-11-03'),
('contract_ItaiAb', '120', 'xk2cbo', 'site_0npOcQ06nI', '2023-09-26'),
('contract_ZMiaNq', '190', 'w6TWs8', 'site_15tEpIw7fN', '2023-10-06'),
('contract_sqzCaz', '107', 'aVW7wZ', 'site_enwnjglmwv', '2023-10-13'),
('contract_ES0ez8', '161', 'tQ1luv', 'site_wKSt83T5d5', '2023-10-16'),
('contract_fgJZAu', '163', 'hddZzU', 'site_CrKhJNTtV2', '2023-09-25'),
('contract_yRFel4', '193', 'LfzoVV', 'site_lXiEKPYCLt', '2023-09-24'),
('contract_C0TvQf', '185', 'I2SJxB', 'site_2ZFT4sP2UY', '2023-09-17'),
('contract_leihCK', '115', 'LmiKJZ', 'site_Jpf6Sp6ouM', '2023-09-16'),
('contract_ffyKUU', '126', 'TGEfsx', 'site_15tEpIw7fN', '2023-10-21'),
('contract_W5xia3', '108', 'qE4wV7', 'site_CrKhJNTtV2', '2023-09-20'),
('contract_WFJImu', '171', 'FkWhzj', 'site_l6a2PjtK8L', '2023-10-07'),
('contract_ZAvQmQ', '147', 'eVEb1C', 'site_qmiT4bqcd9', '2023-10-16'),
('contract_h90nHh', '103', '3NBYcW', 'site_bpypcKA5vo', '2023-09-23'),
('contract_f5bD7s', '141', 'LmiKJZ', 'site_2kJYTwRM5b', '2023-09-23'),
('contract_KLCGrR', '162', 'llCK0S', 'site_lXiEKPYCLt', '2023-11-04'),
('contract_kzFTkF', '198', 'AwbWSf', 'site_qnhJOl0cVN', '2023-10-06'),
('contract_NvNN5X', '162', 'Oq5e3N', 'site_ZKzG6w5Xxl', '2023-11-03'),
('contract_Iydu5X', '119', 'hIUK8N', 'site_2kJYTwRM5b', '2023-10-09'),
('contract_6i8fim', '123', 'cQyra5', 'site_8a0vFjG6ru', '2023-10-05'),
('contract_VrJOaI', '174', 'uCNzYq', 'site_EKi7Wij8Ui', '2023-11-07'),
('contract_OSNr0o', '184', '4Dda5p', 'site_EamoiDj1Qi', '2023-10-18'),
('contract_JVwYnQ', '149', 'FkWhzj', 'site_g9UhFpMYbU', '2023-11-05'),
('contract_R2ZJru', '102', 'Lftx4f', 'site_bpypcKA5vo', '2023-11-11'),
('contract_46cAub', '153', 'hddZzU', 'site_sQYtBlWZ7F', '2023-10-09'),
('contract_wCv7Ln', '132', 'GgYKXb', 'site_qmiT4bqcd9', '2023-11-07'),
('contract_UquTNT', '180', 'wMdVle', 'site_Kr87X6roKA', '2023-10-07'),
('contract_0DiXbE', '196', 'BBPS73', 'site_jm7NbL2tM1', '2023-11-01'),
('contract_mlWsG4', '173', 'GEC7v5', 'site_A5ItpHm0wb', '2023-10-02'),
('contract_qsgVNh', '139', 'SUECjq', 'site_iSGikJkyuE', '2023-10-30'),
('contract_KKDE81', '159', '7KVj52', 'site_bpypcKA5vo', '2023-09-29'),
('contract_tCLLh7', '101', '9GjM7Y', 'site_qmiT4bqcd9', '2023-11-08'),
('contract_VkvrH9', '171', 'vgzFo2', 'site_Kr87X6roKA', '2023-10-06'),
('contract_jZVQRm', '192', 'NTWLmk', 'site_7EUNM7MFxx', '2023-10-14'),
('contract_0uREGE', '187', 'u0ftTi', 'site_LplaWnJ1QL', '2023-10-10'),
('contract_mJJV79', '173', '1H6x0u', 'site_grqgLcbcgD', '2023-10-06'),
('contract_pd55gw', '187', 'w6TWs8', 'site_wiU3IFESNP', '2023-10-22'),
('contract_RzU8aD', '157', 'llCK0S', 'site_rqYo3HPHrc', '2023-10-08'),
('contract_7QMwzi', '111', 'I2SJxB', 'site_0npOcQ06nI', '2023-10-02'),
('contract_5VGSpE', '119', 'F6EOpK', 'site_bpypcKA5vo', '2023-11-08'),
('contract_OJIm6w', '193', 'Vy5Kiz', 'site_l6a2PjtK8L', '2023-10-30'),
('contract_3xpCKg', '101', 'CEtqbG', 'site_42BRyTRBOo', '2023-09-15'),
('contract_U1XqnV', '143', 'yHyVTR', 'site_CUgdQb6zBn', '2023-09-16'),
('contract_dZqTyN', '198', 'icnMiY', 'site_4WXFjF0yij', '2023-11-04'),
('contract_AVwAOR', '125', 'wCeQt2', 'site_6S6FQ4p5fr', '2023-09-16'),
('contract_mOCFHc', '113', 'VRWmxS', 'site_rqYo3HPHrc', '2023-10-25'),
('contract_udDSnj', '192', 'ZRSU5t', 'site_ExnZti9wA8', '2023-11-07'),
('contract_nEii4Z', '151', 'cxZaTO', 'site_bpypcKA5vo', '2023-09-20'),
('contract_7ry5Un', '141', '7Z90UR', 'site_ZKzG6w5Xxl', '2023-09-21'),
('contract_0dLy13', '162', 'wMdVle', 'site_SYyj39c4SH', '2023-09-23'),
('contract_VbJbU3', '188', 'O6yBOV', 'site_CrKhJNTtV2', '2023-09-17'),
('contract_1FySxZ', '100', 'LfzoVV', 'site_Ya8V0YvcXB', '2023-10-31'),
('contract_g0phhO', '108', 'llCK0S', 'site_6S6FQ4p5fr', '2023-11-03'),
('contract_fgXWYm', '101', 'llCK0S', 'site_UJha9wERqF', '2023-10-10'),
('contract_gZNOXh', '175', 'JakwRl', 'site_NV7IPkPmHf', '2023-09-28'),
('contract_riVLtB', '159', 'RE8Orh', 'site_wiU3IFESNP', '2023-10-17'),
('contract_A3jVJC', '121', 'AwbWSf', 'site_A5ItpHm0wb', '2023-10-19'),
('contract_JpAwRQ', '144', 'wCeQt2', 'site_UJha9wERqF', '2023-10-11'),
('contract_lNnCyN', '111', '3aBRYP', 'site_wWvpnQqVhn', '2023-10-27'),
('contract_ajIE6P', '145', '3NBYcW', 'site_jn5E68Ns6z', '2023-11-01'),
('contract_wQZZXg', '127', 'tdHUkZ', 'site_4Bl7yI7d4j', '2023-09-18'),
('contract_YPtkkB', '194', '7KVj52', 'site_42BRyTRBOo', '2023-10-24'),
('contract_oG6izS', '185', 'yHyVTR', 'site_Kr87X6roKA', '2023-11-12'),
('contract_06q6rn', '193', 'cCwbht', 'site_Ya8V0YvcXB', '2023-10-01'),
('contract_4G3PvM', '119', 'xk2cbo', 'site_8bX4NbBp1x', '2023-10-20'),
('contract_MxqBQw', '101', 'XLMemJ', 'site_Kr87X6roKA', '2023-11-05'),
('contract_zbbvZu', '164', 'AwbWSf', 'site_fQZg9tv7hP', '2023-10-21'),
('contract_o7QsbR', '124', 'u0ftTi', 'site_MvpxnZrDyM', '2023-10-18'),
('contract_Yue0wJ', '157', 'Nzgt4n', 'site_fQ3NZWMnDV', '2023-11-13'),
('contract_X2hLFd', '117', 'O6yBOV', 'site_Kha9GUC7cl', '2023-10-08'),
('contract_FzkpC9', '102', '1DW3WJ', 'site_ExnZti9wA8', '2023-11-06'),
('contract_uyiT22', '118', 'tQ1luv', 'site_EpeQ5vc683', '2023-10-09'),
('contract_QoYci2', '167', '4dpg7F', 'site_7EUNM7MFxx', '2023-10-18'),
('contract_72s6CM', '142', 'nOmHCU', 'site_IrYVmkjhfg', '2023-11-06'),
('contract_o82sEB', '139', 'FkWhzj', 'site_mB4W7ZugwK', '2023-11-10'),
('contract_n1RmvJ', '141', 'yHyVTR', 'site_g9UhFpMYbU', '2023-11-03'),
('contract_ShFMTl', '177', 'I2SJxB', 'site_Ya8V0YvcXB', '2023-11-07'),
('contract_3SxQsn', '154', 'b9NMUs', 'site_1C3G6az8w4', '2023-11-12'),
('contract_J5rjmV', '112', 'B1Np6q', 'site_LplaWnJ1QL', '2023-11-04'),
('contract_kQ6Dgf', '124', 'RiJ7Km', 'site_nhqDHrsoUu', '2023-11-03'),
('contract_uOvhpF', '122', 'c1VVsY', 'site_bkjmx1TXGx', '2023-10-25'),
('contract_wT6wMY', '181', '9kVQGn', 'site_LOMSUCoik1', '2023-10-17'),
('contract_MEIdtU', '193', 'kmuDol', 'site_WVLvgOBn0N', '2023-10-06'),
('contract_yFdKzW', '160', 'Th8yOE', 'site_wiU3IFESNP', '2023-10-13'),
('contract_YXMRpb', '195', 'fX4aWl', 'site_mB4W7ZugwK', '2023-11-05'),
('contract_NxKdHo', '184', 'AoEJj2', 'site_1C3G6az8w4', '2023-10-14'),
('contract_dBEqWd', '153', 'cCwbht', 'site_g9UhFpMYbU', '2023-09-29'),
('contract_mdA6Wn', '182', 'eVEb1C', 'site_hBQ6uVnKWn', '2023-11-10'),
('contract_A5BhSv', '183', 'Ow8tTm', 'site_hv8lcoLRZv', '2023-09-26'),
('contract_qS3gIK', '115', 'rmR1lK', 'site_Gkz2Ztldon', '2023-09-30'),
('contract_z5rXVv', '124', '7Z90UR', 'site_voLdavRKKa', '2023-11-05'),
('contract_7MZJGB', '105', '4dpg7F', 'site_8vkw7SSlUo', '2023-10-24'),
('contract_0hvQnc', '183', 'QyOAtN', 'site_kRDe3n7DKn', '2023-09-28'),
('contract_bSzPun', '129', 'DlQVmm', 'site_hBQ6uVnKWn', '2023-10-31'),
('contract_Hg6OnT', '124', 'O6yBOV', 'site_lXiEKPYCLt', '2023-10-17'),
('contract_yQuHCn', '179', 'miucmE', 'site_Q5DtiDT0Hh', '2023-10-30'),
('contract_YmMFhj', '159', 'BBPS73', 'site_hvAv1oQyXC', '2023-11-05'),
('contract_tAaOsT', '188', '1DW3WJ', 'site_fQ3NZWMnDV', '2023-10-23'),
('contract_OAti4Y', '131', 'wMdVle', 'site_SSSaQGh3MY', '2023-10-20'),
('contract_cVt3Mr', '162', 'cQyra5', 'site_IrYVmkjhfg', '2023-09-20'),
('contract_AHynQP', '166', 'haofks', 'site_15tEpIw7fN', '2023-10-05'),
('contract_UiX8gG', '185', 'b9NMUs', 'site_NV7IPkPmHf', '2023-10-04'),
('contract_5GOYo5', '165', 'IWrIbr', 'site_uZxLxJXtEB', '2023-10-08'),
('contract_fjA4Fb', '158', 'VRWmxS', 'site_YNhwvwxROB', '2023-10-22'),
('contract_SB6mIj', '142', 'VRWmxS', 'site_hkozrUPKyn', '2023-09-21'),
('contract_cP20TV', '123', '52xQe0', 'site_grqgLcbcgD', '2023-10-04'),
('contract_A2bnG3', '107', '0ZcXPl', 'site_o1IuvsY1XD', '2023-11-04'),
('contract_nBTKgW', '186', 'miucmE', 'site_rN7w9PhR8J', '2023-10-30'),
('contract_JoXrIG', '125', 'PLHebk', 'site_MvpxnZrDyM', '2023-09-27'),
('contract_krwmyk', '120', 'O6yBOV', 'site_qmiT4bqcd9', '2023-10-13'),
('contract_AGQJIK', '189', 'YKdO9q', 'site_voLdavRKKa', '2023-10-21'),
('contract_CYfLCQ', '105', '2C50zG', 'site_eq75gGoMVZ', '2023-11-01'),
('contract_ugl9NI', '161', '3aBRYP', 'site_hkozrUPKyn', '2023-10-10'),
('contract_TOlUWa', '169', 'I2SJxB', 'site_wWvpnQqVhn', '2023-10-04'),
('contract_eP5KJI', '164', 'SUECjq', 'site_SSSaQGh3MY', '2023-09-30'),
('contract_SUdT1q', '134', '7ApyLP', 'site_EamoiDj1Qi', '2023-10-28'),
('contract_bheH4u', '100', 'b9NMUs', 'site_YNhwvwxROB', '2023-10-08'),
('contract_SCsj7m', '109', 'ZRSU5t', 'site_o1IuvsY1XD', '2023-10-09'),
('contract_MGco1d', '168', '0ZcXPl', 'site_SSSaQGh3MY', '2023-10-16'),
('contract_EsZqhF', '107', 'SCOCAe', 'site_wWvpnQqVhn', '2023-11-07'),
('contract_Xj0YcZ', '115', 'wMdVle', 'site_jn5E68Ns6z', '2023-10-05'),
('contract_Lq4nyL', '158', 'SUECjq', 'site_244mgozGZE', '2023-11-12'),
('contract_N5AkLJ', '179', 'aVW7wZ', 'site_ZKzG6w5Xxl', '2023-11-03'),
('contract_oFuaIj', '180', 'Lftx4f', 'site_ov0ngdYICF', '2023-10-08'),
('contract_mSxcoe', '109', 'PLHebk', 'site_pwp5NXfPE9', '2023-09-27'),
('contract_IKzB5K', '105', 'c1VVsY', 'site_EKi7Wij8Ui', '2023-10-30'),
('contract_sJIQWc', '176', 'YKdO9q', 'site_OOnuwzqcJ7', '2023-10-09'),
('contract_H13kK8', '145', 'Ow8tTm', 'site_W6troVT0NM', '2023-10-23'),
('contract_FH9wXV', '113', 'c1VVsY', 'site_kw6L2ABfDo', '2023-09-24'),
('contract_V7sHNt', '184', '9GjM7Y', 'site_fQZg9tv7hP', '2023-10-30'),
('contract_vdiVYc', '102', 'GEC7v5', 'site_8bX4NbBp1x', '2023-09-17'),
('contract_jOaiBw', '160', 'HjoqUb', 'site_uZxLxJXtEB', '2023-10-28'),
('contract_W9MSsW', '122', '52xQe0', 'site_xVOCZM9Vl8', '2023-09-24'),
('contract_1FImRO', '181', 'Ca7Drv', 'site_vkn1WkNmhz', '2023-09-22'),
('contract_KaDSp5', '150', 'TGEfsx', 'site_rN7w9PhR8J', '2023-09-15'),
('contract_hMdT3e', '195', 'fpyDZU', 'site_LOMSUCoik1', '2023-10-25'),
('contract_sACA17', '168', 'Vzhtsj', 'site_A5ItpHm0wb', '2023-10-26'),
('contract_1sudln', '166', 'c1VVsY', 'site_qmiT4bqcd9', '2023-09-24'),
('contract_g3YDnD', '184', 'SCOCAe', 'site_Vb28SqzEGm', '2023-09-26'),
('contract_xpocBH', '188', 'cQyra5', 'site_4WXFjF0yij', '2023-10-24'),
('contract_mg0i0L', '148', 'hddZzU', 'site_l6a2PjtK8L', '2023-10-07'),
('contract_KjUUYN', '196', 'AoEJj2', 'site_aUuIsuXMeY', '2023-10-05'),
('contract_HQgO1e', '128', 'Lftx4f', 'site_CrKhJNTtV2', '2023-09-25'),
('contract_6QhQAt', '175', 'cCwbht', 'site_OOnuwzqcJ7', '2023-09-25'),
('contract_JNdqbk', '125', 'uCNzYq', 'site_3P0iiIIJ6D', '2023-11-13'),
('contract_8Cpkcw', '117', 'ZRSU5t', 'site_15tEpIw7fN', '2023-09-28'),
('contract_xPfnpw', '191', 'AwbWSf', 'site_Q5DtiDT0Hh', '2023-10-11'),
('contract_DixciK', '102', '7Z90UR', 'site_3P0iiIIJ6D', '2023-10-16'),
('contract_1wCZJr', '123', '7Z90UR', 'site_IrYVmkjhfg', '2023-10-29'),
('contract_YosJkR', '156', 'Nzgt4n', 'site_uZxLxJXtEB', '2023-10-29'),
('contract_gXzwiF', '152', 'LJi5TG', 'site_A5ItpHm0wb', '2023-09-30'),
('contract_msavpj', '128', 'xd7Gir', 'site_DzzjCa8yLN', '2023-10-30'),
('contract_ywDvoo', '124', 'cWRxzq', 'site_o1IuvsY1XD', '2023-11-13'),
('contract_X9oEX2', '171', 'Oq5e3N', 'site_Q5DtiDT0Hh', '2023-10-28'),
('contract_zu6bXG', '140', 'bN3s5t', 'site_Gkz2Ztldon', '2023-10-24'),
('contract_E7Wezu', '167', 'mD2v3g', 'site_g9UhFpMYbU', '2023-10-12'),
('contract_QrOowq', '128', 'vgzFo2', 'site_kw6L2ABfDo', '2023-10-17'),
('contract_zDDAVX', '194', '9lmmep', 'site_kRDe3n7DKn', '2023-11-11'),
('contract_Ar8Kni', '179', '7aZtkN', 'site_244mgozGZE', '2023-11-09'),
('contract_7Qp2xq', '155', 'nOmHCU', 'site_rqYo3HPHrc', '2023-10-19'),
('contract_J0UwrH', '109', 'Lftx4f', 'site_bkjmx1TXGx', '2023-10-10'),
('contract_qrjazr', '111', '7KVj52', 'site_4WXFjF0yij', '2023-09-30'),
('contract_cZ5TjD', '161', 'b9NMUs', 'site_jm7NbL2tM1', '2023-10-30'),
('contract_bMMRKA', '118', 'b9NMUs', 'site_aUuIsuXMeY', '2023-11-10'),
('contract_VXyPK7', '141', 'b9NMUs', 'site_7EUNM7MFxx', '2023-10-23'),
('contract_yORQIT', '154', '0ZcXPl', 'site_hkozrUPKyn', '2023-10-20'),
('contract_AeyS2l', '112', 'miucmE', 'site_hBQ6uVnKWn', '2023-09-25'),
('contract_q6USbE', '123', 'Ow8tTm', 'site_wWvpnQqVhn', '2023-09-28'),
('contract_9qbTLy', '162', 'kmuDol', 'site_Ya8V0YvcXB', '2023-10-17'),
('contract_9y4iI2', '124', 'ZRSU5t', 'site_M0stltI0q5', '2023-09-17'),
('contract_glMCcS', '148', '3aBRYP', 'site_wKSt83T5d5', '2023-10-16'),
('contract_mmjibR', '129', 'haofks', 'site_aUuIsuXMeY', '2023-09-23'),
('contract_IaVyRA', '121', '7ApyLP', 'site_MvpxnZrDyM', '2023-10-27'),
('contract_6ZQUd2', '101', 'Nzgt4n', 'site_A5ItpHm0wb', '2023-10-08'),
('contract_4Mt5NA', '155', 'cQyra5', 'site_244mgozGZE', '2023-10-09'),
('contract_rFxAwA', '127', 'nOW0GH', 'site_nSbFPBI4qX', '2023-10-03'),
('contract_KWt9NX', '200', '3NBYcW', 'site_cjBqTAsdWw', '2023-10-14'),
('contract_3U8VDp', '155', 'hddZzU', 'site_42BRyTRBOo', '2023-11-10'),
('contract_ptK30V', '198', '4dpg7F', 'site_9911zgjSL6', '2023-09-23'),
('contract_HNCNqX', '151', 'miucmE', 'site_2kJYTwRM5b', '2023-09-15'),
('contract_sXWqNB', '199', '4Dda5p', 'site_CrKhJNTtV2', '2023-10-16'),
('contract_yPxFHF', '156', 'cxZaTO', 'site_bkjmx1TXGx', '2023-10-27'),
('contract_YsY2PW', '146', '4Dda5p', 'site_4Bl7yI7d4j', '2023-10-03'),
('contract_MjFZV7', '158', 'JakwRl', 'site_sQYtBlWZ7F', '2023-09-26'),
('contract_bCsAbI', '175', 'tdHUkZ', 'site_wiU3IFESNP', '2023-11-04'),
('contract_ygNozX', '146', '8F5VKD', 'site_ftJxm1lZwL', '2023-10-01'),
('contract_XIwUOf', '117', 'JIVWdZ', 'site_grqgLcbcgD', '2023-11-01'),
('contract_bp4B5D', '130', 'HjoqUb', 'site_9911zgjSL6', '2023-11-08'),
('contract_bt31Ye', '168', 'YKdO9q', 'site_OOnuwzqcJ7', '2023-09-27'),
('contract_km5jl9', '131', 'SUECjq', 'site_9911zgjSL6', '2023-10-11'),
('contract_lp3JUx', '128', 'B1Np6q', 'site_4WXFjF0yij', '2023-11-06'),
('contract_CYrInu', '128', 'u0ftTi', 'site_wWvpnQqVhn', '2023-11-08'),
('contract_T9dYy7', '168', 'ZRSU5t', 'site_l6a2PjtK8L', '2023-09-18'),
('contract_X8fSrV', '190', 'IWrIbr', 'site_OOnuwzqcJ7', '2023-10-27'),
('contract_TFDapu', '150', 'cWRxzq', 'site_0npOcQ06nI', '2023-11-06'),
('contract_s2RuPX', '132', 'RiJ7Km', 'site_Gkz2Ztldon', '2023-11-10'),
('contract_RrdsnC', '157', 'YzmyLu', 'site_jThJDigQjK', '2023-10-03'),
('contract_StDdfG', '138', 'HjoqUb', 'site_2kJYTwRM5b', '2023-09-25'),
('contract_iELQ0g', '174', 'HjoqUb', 'site_rN7w9PhR8J', '2023-11-08'),
('contract_ZceHD3', '150', 'Th8yOE', 'site_hBQ6uVnKWn', '2023-10-30'),
('contract_ZQp7rG', '154', '1H6x0u', 'site_A5ItpHm0wb', '2023-10-10'),
('contract_ZV7Ms5', '108', 'NTWLmk', 'site_8bX4NbBp1x', '2023-10-04'),
('contract_Fr2pK8', '177', 'xd7Gir', 'site_fQ3NZWMnDV', '2023-10-26'),
('contract_6Yp3Pa', '104', 'tdHUkZ', 'site_A5ItpHm0wb', '2023-09-25'),
('contract_srcwgS', '200', 'I2SJxB', 'site_mB4W7ZugwK', '2023-10-26'),
('contract_1MIRPs', '165', '7aZtkN', 'site_rqYo3HPHrc', '2023-10-18'),
('contract_U2AFrW', '145', 'yHyVTR', 'site_bpypcKA5vo', '2023-09-26'),
('contract_WhgwHF', '155', 'CEtqbG', 'site_wiU3IFESNP', '2023-09-19'),
('contract_6BI4AZ', '192', 'cxZaTO', 'site_hBQ6uVnKWn', '2023-10-15'),
('contract_tEM5Pv', '174', 'O6yBOV', 'site_LOMSUCoik1', '2023-10-19'),
('contract_SUzDDV', '152', 'u0ftTi', 'site_3fyTgEPfDB', '2023-09-26'),
('contract_kZnWj3', '164', 'Ow8tTm', 'site_DAeDigKahX', '2023-10-08'),
('contract_IQQNZQ', '123', 'LJi5TG', 'site_SSSaQGh3MY', '2023-09-15'),
('contract_AtMQ8D', '169', 'Lftx4f', 'site_D4OxXhNkm3', '2023-10-03'),
('contract_WxDPkp', '177', 'GEC7v5', 'site_aUuIsuXMeY', '2023-09-28'),
('contract_E6h6WE', '123', 'RiJ7Km', 'site_Q5DtiDT0Hh', '2023-11-10'),
('contract_GD5h7L', '153', 'SCOCAe', 'site_Y8CHJNPVZV', '2023-09-19'),
('contract_ZT4Wyr', '198', '0ZcXPl', 'site_15tEpIw7fN', '2023-10-08'),
('contract_ZPaTuK', '117', 'nOmHCU', 'site_Jpf6Sp6ouM', '2023-10-13'),
('contract_UMFWb4', '196', 'Th8yOE', 'site_eq75gGoMVZ', '2023-09-21'),
('contract_MYDHW0', '153', 'cWRxzq', 'site_fcr2gVuuF2', '2023-10-02'),
('contract_GLD02g', '112', 'hddZzU', 'site_WVLvgOBn0N', '2023-11-01'),
('contract_JAXgkr', '112', 'F6EOpK', 'site_ZKzG6w5Xxl', '2023-09-26'),
('contract_vLMGzi', '137', '1H6x0u', 'site_ExnZti9wA8', '2023-09-16'),
('contract_KlwKx7', '114', 'wMdVle', 'site_Kr87X6roKA', '2023-10-05'),
('contract_mnIbNK', '169', 'haofks', 'site_3P0iiIIJ6D', '2023-10-03'),
('contract_eqnA47', '191', 'mD2v3g', 'site_kw6L2ABfDo', '2023-09-17'),
('contract_D1wnNY', '102', 'CEtqbG', 'site_ov0ngdYICF', '2023-10-08'),
('contract_GPBBKF', '172', 'yHyVTR', 'site_fQ3NZWMnDV', '2023-10-03'),
('contract_06pa7i', '145', 'LfzoVV', 'site_2ZFT4sP2UY', '2023-10-10'),
('contract_5R2uuB', '117', 'u0ftTi', 'site_16UuHOETIo', '2023-10-07'),
('contract_NIqcPC', '200', 'qiEMB4', 'site_xTcMOTEmTn', '2023-10-17'),
('contract_bha0V3', '158', 'uCNzYq', 'site_nhqDHrsoUu', '2023-11-05'),
('contract_H7sTGN', '125', '4dpg7F', 'site_ExnZti9wA8', '2023-11-05'),
('contract_ptOOAU', '107', 'Ow8tTm', 'site_xVOCZM9Vl8', '2023-10-16'),
('contract_koWKhV', '126', 'F6EOpK', 'site_8a0vFjG6ru', '2023-09-25'),
('contract_WLPYXB', '107', 'nOW0GH', 'site_Kr87X6roKA', '2023-10-08'),
('contract_H3oyAO', '121', 'NTWLmk', 'site_42BRyTRBOo', '2023-09-16'),
('contract_5KQ1cz', '165', 'GEC7v5', 'site_ZKzG6w5Xxl', '2023-10-11'),
('contract_ePAAPn', '165', 'Lftx4f', 'site_qmiT4bqcd9', '2023-09-15'),
('contract_uMM0KM', '157', '1H6x0u', 'site_42BRyTRBOo', '2023-10-25'),
('contract_lueLyp', '177', 'wMdVle', 'site_wiU3IFESNP', '2023-10-23'),
('contract_BPDeWJ', '187', 'qakaGq', 'site_SYyj39c4SH', '2023-09-27'),
('contract_AZOpsB', '135', '7Z90UR', 'site_DAeDigKahX', '2023-11-08'),
('contract_S3PWwi', '120', 'HjoqUb', 'site_ExnZti9wA8', '2023-09-21'),
('contract_zbF2cL', '189', '7Z90UR', 'site_xTcMOTEmTn', '2023-10-16'),
('contract_1n8bhR', '166', 'qE4wV7', 'site_Gug2P3J7P2', '2023-09-18'),
('contract_oH9qcU', '179', 'SUECjq', 'site_uZxLxJXtEB', '2023-10-27'),
('contract_ASGLsy', '148', 'Lftx4f', 'site_8vkw7SSlUo', '2023-10-13'),
('contract_NHola6', '117', 'hddZzU', 'site_LplaWnJ1QL', '2023-10-15'),
('contract_bHKvza', '136', 'llCK0S', 'site_244mgozGZE', '2023-09-28'),
('contract_LifkWY', '168', 'uCNzYq', 'site_o1IuvsY1XD', '2023-09-17'),
('contract_jVBGhe', '116', 'ZRSU5t', 'site_8a0vFjG6ru', '2023-09-29'),
('contract_ENcwGZ', '191', 'AwbWSf', 'site_Kha9GUC7cl', '2023-10-10'),
('contract_JzTZrR', '175', 'GgYKXb', 'site_0npOcQ06nI', '2023-10-14'),
('contract_mwIcze', '128', 'FkWhzj', 'site_Kr87X6roKA', '2023-09-23'),
('contract_farmUC', '121', '9GjM7Y', 'site_3fyTgEPfDB', '2023-10-03'),
('contract_LXUz8D', '199', 'eVEb1C', 'site_6S6FQ4p5fr', '2023-09-28'),
('contract_t9YDCD', '118', 'cCwbht', 'site_D4OxXhNkm3', '2023-09-16'),
('contract_3D4K0m', '153', 'LmiKJZ', 'site_qmiT4bqcd9', '2023-11-07'),
('contract_1wZc2a', '120', 'vgzFo2', 'site_hkozrUPKyn', '2023-10-22'),
('contract_iWxkMM', '181', '7aZtkN', 'site_mB4W7ZugwK', '2023-10-09'),
('contract_tO9xNF', '109', 'xk2cbo', 'site_EKi7Wij8Ui', '2023-11-03'),
('contract_eUKa1c', '144', '7KVj52', 'site_lXiEKPYCLt', '2023-09-23'),
('contract_EM6Vqa', '165', 'BBPS73', 'site_jThJDigQjK', '2023-11-04'),
('contract_28XN2t', '148', 'rmR1lK', 'site_Kha9GUC7cl', '2023-10-30'),
('contract_E7tpkj', '142', '9GjM7Y', 'site_244mgozGZE', '2023-09-26'),
('contract_CkJrdH', '152', 'ZRSU5t', 'site_g9UhFpMYbU', '2023-09-27'),
('contract_1WmI9F', '167', 'Vzhtsj', 'site_l6a2PjtK8L', '2023-10-28'),
('contract_lzTmx1', '129', 'I2SJxB', 'site_g9UhFpMYbU', '2023-10-17'),
('contract_pGGnfk', '156', '7ApyLP', 'site_qmiT4bqcd9', '2023-10-30'),
('contract_EPh5zo', '107', 'fX4aWl', 'site_YNhwvwxROB', '2023-11-06'),
('contract_IL5yr7', '150', 'RE8Orh', 'site_bkjmx1TXGx', '2023-10-11'),
('contract_GcLska', '153', 'eVEb1C', 'site_EpeQ5vc683', '2023-10-29'),
('contract_lpWaRK', '158', 'qE4wV7', 'site_DAeDigKahX', '2023-11-12'),
('contract_jIgofj', '108', '9lmmep', 'site_4WXFjF0yij', '2023-11-12'),
('contract_nOF3LC', '107', 'wCeQt2', 'site_xVOCZM9Vl8', '2023-10-26'),
('contract_3aspmk', '167', 'VRWmxS', 'site_CUgdQb6zBn', '2023-10-19'),
('contract_4vmCjy', '160', 'xd7Gir', 'site_EamoiDj1Qi', '2023-10-05'),
('contract_5nE6Px', '152', 'CEtqbG', 'site_YNhwvwxROB', '2023-11-03'),
('contract_1JmSRA', '159', 'F6EOpK', 'site_wiU3IFESNP', '2023-11-06'),
('contract_YrBSjN', '156', '1DW3WJ', 'site_2ZFT4sP2UY', '2023-10-04'),
('contract_T199nY', '163', 'RiJ7Km', 'site_kw6L2ABfDo', '2023-09-22'),
('contract_1AgWQx', '177', 'NTWLmk', 'site_6S6FQ4p5fr', '2023-11-08'),
('contract_35DI2B', '132', 'cCwbht', 'site_9fjeglLrga', '2023-10-13'),
('contract_OQ449E', '116', '1DW3WJ', 'site_244mgozGZE', '2023-09-23'),
('contract_fyKXiw', '103', 'cWRxzq', 'site_EKi7Wij8Ui', '2023-09-20'),
('contract_cCNyUi', '172', 'Vzhtsj', 'site_YNhwvwxROB', '2023-09-21'),
('contract_aulvZB', '172', 'pBy0LA', 'site_eq75gGoMVZ', '2023-10-24'),
('contract_t9vpic', '109', '7KVj52', 'site_aUuIsuXMeY', '2023-09-16'),
('contract_iXDgTh', '153', '0ZcXPl', 'site_nSbFPBI4qX', '2023-10-08'),
('contract_dNHEs3', '185', 'AwbWSf', 'site_DzzjCa8yLN', '2023-11-08'),
('contract_0lp782', '159', 'xk2cbo', 'site_vkn1WkNmhz', '2023-11-02'),
('contract_iMWEJh', '184', 'b9NMUs', 'site_g9UhFpMYbU', '2023-10-23'),
('contract_4BdKog', '141', 'cuYpdt', 'site_mB4W7ZugwK', '2023-11-06'),
('contract_GihZSW', '156', '8F5VKD', 'site_lXiEKPYCLt', '2023-11-06'),
('contract_WjjTa8', '164', 'mD2v3g', 'site_Jpf6Sp6ouM', '2023-10-07'),
('contract_7otnCa', '106', 'IyKjRY', 'site_NV7IPkPmHf', '2023-09-19'),
('contract_YibhWA', '167', '7Z90UR', 'site_ExnZti9wA8', '2023-11-04'),
('contract_DfFYN2', '151', '9lmmep', 'site_Gug2P3J7P2', '2023-10-14'),
('contract_XrTOAt', '146', '7ApyLP', 'site_aUuIsuXMeY', '2023-10-15'),
('contract_czqNxf', '118', 'YKdO9q', 'site_rN7w9PhR8J', '2023-10-15'),
('contract_6lSVND', '130', 'HjoqUb', 'site_D4OxXhNkm3', '2023-10-18'),
('contract_INoF63', '137', 'O6yBOV', 'site_LplaWnJ1QL', '2023-09-18'),
('contract_fHBQYK', '103', 'rmR1lK', 'site_jn5E68Ns6z', '2023-10-09'),
('contract_WnEuFZ', '180', 'abx8N5', 'site_Ya8V0YvcXB', '2023-11-10'),
('contract_dseOyb', '119', 'cQyra5', 'site_wiU3IFESNP', '2023-10-28'),
('contract_Nd4vlM', '138', 'hddZzU', 'site_lXiEKPYCLt', '2023-09-18'),
('contract_ihnkcP', '111', 'Th8yOE', 'site_CUgdQb6zBn', '2023-09-26'),
('contract_NRzytC', '170', '7KVj52', 'site_15tEpIw7fN', '2023-10-04'),
('contract_HWQodO', '186', '0ZcXPl', 'site_kIpkxpS7qU', '2023-09-16'),
('contract_gSOHsn', '107', 'SCOCAe', 'site_nSbFPBI4qX', '2023-10-05'),
('contract_3l66GC', '129', 'wCeQt2', 'site_iDCyHI17UT', '2023-10-24'),
('contract_KEiFks', '129', '9lmmep', 'site_Jpf6Sp6ouM', '2023-10-23'),
('contract_M1ZBSe', '115', 'IWrIbr', 'site_kRDe3n7DKn', '2023-11-08'),
('contract_KLJ90C', '145', 'I2SJxB', 'site_lXiEKPYCLt', '2023-10-30'),
('contract_1CgsKT', '179', 'PLHebk', 'site_wKSt83T5d5', '2023-10-15'),
('contract_OtNMpv', '195', 'hIUK8N', 'site_hkozrUPKyn', '2023-10-01'),
('contract_raab6X', '141', 'kmuDol', 'site_42BRyTRBOo', '2023-10-04'),
('contract_GTjgh1', '131', '9GjM7Y', 'site_rqYo3HPHrc', '2023-10-08'),
('contract_lObjP9', '146', 'icnMiY', 'site_vkn1WkNmhz', '2023-10-10'),
('contract_bOP1ne', '127', 'HsSfOT', 'site_EKi7Wij8Ui', '2023-11-11'),
('contract_dbaKhu', '185', 'O6yBOV', 'site_ftJxm1lZwL', '2023-10-18'),
('contract_4VhPWY', '154', 'pBy0LA', 'site_grqgLcbcgD', '2023-10-27'),
('contract_ZBeZVC', '189', 'Nzgt4n', 'site_NV7IPkPmHf', '2023-09-18'),
('contract_bSP49S', '191', 'AoEJj2', 'site_D4OxXhNkm3', '2023-10-25'),
('contract_yu6N8J', '198', 'hddZzU', 'site_uZxLxJXtEB', '2023-09-28'),
('contract_Kk5ZTG', '190', 'cuYpdt', 'site_cjBqTAsdWw', '2023-10-15'),
('contract_zhZzYd', '190', 'wCeQt2', 'site_EKi7Wij8Ui', '2023-09-18'),
('contract_zNhA2j', '107', 'xd7Gir', 'site_qmiT4bqcd9', '2023-10-02'),
('contract_h8GCHZ', '198', 'RiJ7Km', 'site_xTcMOTEmTn', '2023-09-15'),
('contract_NLU7Wu', '177', '8F5VKD', 'site_SYyj39c4SH', '2023-10-24'),
('contract_rQBAmO', '131', 'cCwbht', 'site_EamoiDj1Qi', '2023-11-09'),
('contract_HSIutC', '164', 'qiEMB4', 'site_DzzjCa8yLN', '2023-10-11'),
('contract_td0yhI', '197', 'qakaGq', 'site_Q5DtiDT0Hh', '2023-09-28'),
('contract_juQZC2', '104', 'xd7Gir', 'site_Gug2P3J7P2', '2023-10-28'),
('contract_P7u7Te', '126', 'llCK0S', 'site_EamoiDj1Qi', '2023-11-01'),
('contract_oW7jxH', '140', '0ZcXPl', 'site_8vkw7SSlUo', '2023-11-13'),
('contract_1xMSxr', '131', 'bN3s5t', 'site_nSbFPBI4qX', '2023-11-08'),
('contract_B68No3', '180', 'vgzFo2', 'site_16UuHOETIo', '2023-10-26'),
('contract_iSAPLZ', '192', '7ApyLP', 'site_8a0vFjG6ru', '2023-10-02'),
('contract_gGKD4m', '151', 'yHyVTR', 'site_jn5E68Ns6z', '2023-09-17'),
('contract_RWAJwC', '134', '4Dda5p', 'site_LplaWnJ1QL', '2023-10-22'),
('contract_G2RvmT', '136', 'fX4aWl', 'site_lXiEKPYCLt', '2023-09-15'),
('contract_B6LzhY', '200', 'DlQVmm', 'site_vkn1WkNmhz', '2023-10-18'),
('contract_I6DfM7', '146', 'SCOCAe', 'site_A5ItpHm0wb', '2023-11-11'),
('contract_ho6gDS', '101', 'YKdO9q', 'site_CUgdQb6zBn', '2023-11-04'),
('contract_qf4Qxn', '188', 'ZRSU5t', 'site_lXiEKPYCLt', '2023-10-14'),
('contract_qb6nqF', '126', 'JIVWdZ', 'site_DzzjCa8yLN', '2023-09-16'),
('contract_WdX3dc', '166', '3NBYcW', 'site_R6wExw0T5D', '2023-10-13'),
('contract_gkfz4N', '122', 'LJi5TG', 'site_ftJxm1lZwL', '2023-10-05'),
('contract_zj6l7v', '165', 'cQyra5', 'site_cjBqTAsdWw', '2023-11-06'),
('contract_AjYpE4', '140', 'haofks', 'site_1C3G6az8w4', '2023-10-27'),
('contract_N6uZyB', '109', 'QyOAtN', 'site_voLdavRKKa', '2023-09-20'),
('contract_CSyh8q', '197', '1H6x0u', 'site_WVLvgOBn0N', '2023-09-30'),
('contract_qiiwfH', '170', 'vgzFo2', 'site_8vkw7SSlUo', '2023-10-06'),
('contract_cOSt1O', '194', 'c1VVsY', 'site_l6a2PjtK8L', '2023-10-18'),
('contract_2zcBMe', '124', 'SUECjq', 'site_YNhwvwxROB', '2023-11-08'),
('contract_XkqwvS', '151', 'Ca7Drv', 'site_Kr87X6roKA', '2023-09-18'),
('contract_ofhSKg', '181', 'fX4aWl', 'site_16UuHOETIo', '2023-10-11'),
('contract_f0jZFz', '191', 'NTWLmk', 'site_xTcMOTEmTn', '2023-10-26'),
('contract_1peaxP', '179', 'F6EOpK', 'site_3fyTgEPfDB', '2023-09-25'),
('contract_20XuK8', '155', 'DlQVmm', 'site_42BRyTRBOo', '2023-10-06'),
('contract_oaFB4l', '180', 'hddZzU', 'site_16UuHOETIo', '2023-10-28'),
('contract_ORFnFE', '126', 'Oq5e3N', 'site_ExnZti9wA8', '2023-10-08'),
('contract_6KZvVs', '177', 'hddZzU', 'site_kIpkxpS7qU', '2023-11-08'),
('contract_ScxUk4', '108', 'mD2v3g', 'site_ExnZti9wA8', '2023-10-31'),
('contract_KtnyzF', '157', 'pBy0LA', 'site_fQ3NZWMnDV', '2023-09-15'),
('contract_edgF8s', '134', 'mD2v3g', 'site_D4OxXhNkm3', '2023-11-07'),
('contract_AIz9WC', '179', 'PLHebk', 'site_xTcMOTEmTn', '2023-10-17'),
('contract_i1Cq4o', '181', 'RiJ7Km', 'site_nhqDHrsoUu', '2023-10-27'),
('contract_JMpDNH', '104', 'b9NMUs', 'site_rN7w9PhR8J', '2023-10-17'),
('contract_fqGrq9', '199', 'bN3s5t', 'site_nYGffWX40i', '2023-11-04'),
('contract_NQoCuU', '159', 'AoEJj2', 'site_fQZg9tv7hP', '2023-09-17'),
('contract_Z7oUr8', '166', 'cuYpdt', 'site_wKSt83T5d5', '2023-10-06'),
('contract_g7JmBm', '180', '3NBYcW', 'site_EpeQ5vc683', '2023-10-05'),
('contract_3S3QFB', '100', 'c1VVsY', 'site_iDCyHI17UT', '2023-11-09'),
('contract_MU8dk2', '167', 'CEtqbG', 'site_3fyTgEPfDB', '2023-09-29'),
('contract_iWLjH4', '102', 'w6TWs8', 'site_nSbFPBI4qX', '2023-09-17'),
('contract_zIgTc4', '126', 'cxZaTO', 'site_qnhJOl0cVN', '2023-09-19'),
('contract_N3jeRV', '142', 'icnMiY', 'site_SSSaQGh3MY', '2023-09-28'),
('contract_nHlNx9', '120', 'cuYpdt', 'site_LplaWnJ1QL', '2023-10-10'),
('contract_lvRGoG', '141', 'Nzgt4n', 'site_fcr2gVuuF2', '2023-10-16'),
('contract_tVbRTS', '148', 'b9NMUs', 'site_lXiEKPYCLt', '2023-09-24'),
('contract_cK267a', '100', 'b9NMUs', 'site_EpeQ5vc683', '2023-10-06'),
('contract_XxxYIX', '104', 'hddZzU', 'site_8bX4NbBp1x', '2023-10-23'),
('contract_M6dDtt', '200', 'cQyra5', 'site_wKSt83T5d5', '2023-10-18'),
('contract_tgGk0H', '122', 'tQ1luv', 'site_hBQ6uVnKWn', '2023-11-01'),
('contract_449s8G', '109', 'NTWLmk', 'site_8vkw7SSlUo', '2023-11-04'),
('contract_3W6h5P', '112', 'Vzhtsj', 'site_1C3G6az8w4', '2023-10-21'),
('contract_IS2L2Q', '183', 'LmiKJZ', 'site_qmiT4bqcd9', '2023-10-04'),
('contract_xnfs3l', '180', 'Nzgt4n', 'site_1C3G6az8w4', '2023-10-30'),
('contract_VBlq00', '126', 'nOmHCU', 'site_Y8CHJNPVZV', '2023-10-21'),
('contract_kSGkHt', '134', 'yHyVTR', 'site_Kr87X6roKA', '2023-09-16'),
('contract_lqx7Xe', '158', 'QyOAtN', 'site_grqgLcbcgD', '2023-11-02'),
('contract_aLu2E0', '140', 'RiJ7Km', 'site_vkn1WkNmhz', '2023-09-16'),
('contract_GI6gtR', '175', 'bN3s5t', 'site_enwnjglmwv', '2023-10-02'),
('contract_9Sy5wM', '132', '8F5VKD', 'site_hBQ6uVnKWn', '2023-10-20'),
('contract_DGFpvJ', '142', 'cuYpdt', 'site_hvAv1oQyXC', '2023-10-11'),
('contract_D6pn8M', '180', '7ApyLP', 'site_DAeDigKahX', '2023-09-30'),
('contract_j6DDOl', '199', 'vgzFo2', 'site_kw6L2ABfDo', '2023-10-16'),
('contract_Dppx9m', '175', '1H6x0u', 'site_ftJxm1lZwL', '2023-10-12'),
('contract_X4Vrf8', '143', '9kVQGn', 'site_3P0iiIIJ6D', '2023-10-25'),
('contract_aePsCi', '132', 'Ow8tTm', 'site_LOMSUCoik1', '2023-10-21'),
('contract_YpjpQf', '151', 'aVW7wZ', 'site_15tEpIw7fN', '2023-11-10'),
('contract_Y6wwd3', '159', 'SUECjq', 'site_hv8lcoLRZv', '2023-11-02'),
('contract_9sCMpm', '141', 'icnMiY', 'site_2kJYTwRM5b', '2023-09-30');
INSERT INTO job_seeker_assessment (job_seeker_assessment_id, contract_id, temp_work_attitude, temp_job_performance, temp_rehired_rate, temp_attendance_rate) VALUES 
('JSA_NyjMS6', 'contract_nHlNx9', '6', '5', '9', '9'),
('JSA_MZ8Ro0', 'contract_qf4Qxn', '3', '3', '2', '3'),
('JSA_TrpyuI', 'contract_io1oij', '1', '10', '4', '10'),
('JSA_e5VjrP', 'contract_Qym7OB', '3', '1', '2', '2'),
('JSA_wKc2Gf', 'contract_oW7jxH', '0', '9', '7', '5'),
('JSA_qea8kf', 'contract_kQ6Dgf', '2', '1', '0', '10'),
('JSA_tDCeY1', 'contract_gXzwiF', '6', '2', '4', '5'),
('JSA_mXyxcU', 'contract_HL7u1D', '0', '4', '9', '8'),
('JSA_8uiW2P', 'contract_S3PWwi', '6', '10', '2', '2'),
('JSA_d7yAex', 'contract_zkqvwA', '1', '0', '10', '9'),
('JSA_p89N8O', 'contract_5R2uuB', '5', '9', '5', '9'),
('JSA_cOYquX', 'contract_t6l5IF', '2', '5', '3', '2'),
('JSA_d4IFJe', 'contract_mnHuTb', '1', '3', '8', '3'),
('JSA_bnq9Ti', 'contract_fJNvN0', '5', '3', '7', '2'),
('JSA_JDK1Ri', 'contract_aePsCi', '6', '5', '3', '1'),
('JSA_9irTYu', 'contract_UquTNT', '5', '7', '4', '3'),
('JSA_vLsDUE', 'contract_NLYDUs', '10', '6', '9', '8'),
('JSA_TT3CFM', 'contract_3l66GC', '7', '5', '5', '10'),
('JSA_S7hm67', 'contract_D69rc2', '5', '7', '8', '5'),
('JSA_KZFnOS', 'contract_ahkk0S', '3', '5', '2', '4'),
('JSA_5xeYI0', 'contract_MxVzDN', '3', '8', '9', '7'),
('JSA_RspL9A', 'contract_ZceHD3', '4', '10', '3', '5'),
('JSA_i65vKW', 'contract_NRzytC', '3', '7', '4', '2'),
('JSA_OVO7c9', 'contract_dIoAOP', '4', '9', '4', '0'),
('JSA_uV3bEF', 'contract_V45enz', '7', '4', '8', '7'),
('JSA_35abxS', 'contract_V7sHNt', '7', '5', '6', '10'),
('JSA_Kqa5Yo', 'contract_yRFel4', '8', '10', '6', '4'),
('JSA_AnneWI', 'contract_1cilNj', '2', '5', '7', '8'),
('JSA_W7TDK0', 'contract_OPaoN6', '4', '8', '6', '5'),
('JSA_f4e2aJ', 'contract_EdoMh5', '10', '5', '3', '10'),
('JSA_XHU8Cz', 'contract_E6nS7a', '7', '1', '1', '2'),
('JSA_Dd2Eqe', 'contract_xrUtwo', '10', '10', '3', '7'),
('JSA_Dltmqs', 'contract_dGmenj', '4', '0', '3', '9'),
('JSA_5B4T4v', 'contract_nEii4Z', '3', '1', '5', '7'),
('JSA_nDsMoo', 'contract_3zYszO', '2', '3', '1', '10'),
('JSA_gZyNMn', 'contract_ysmMaQ', '5', '0', '1', '10'),
('JSA_sqpdKq', 'contract_V45enz', '8', '4', '2', '0'),
('JSA_f3UHnQ', 'contract_WkE5pe', '10', '6', '4', '6'),
('JSA_jJjx6r', 'contract_fqGrq9', '4', '7', '9', '8'),
('JSA_WsKK0I', 'contract_SMjDIi', '3', '2', '4', '4'),
('JSA_nnzAHs', 'contract_udDSnj', '10', '2', '8', '3'),
('JSA_n2AHgP', 'contract_A3jVJC', '6', '5', '7', '7'),
('JSA_HMmBGJ', 'contract_oWau8r', '1', '7', '6', '5'),
('JSA_b7E1CZ', 'contract_44ljVr', '3', '8', '1', '3'),
('JSA_7bYFcv', 'contract_3S3QFB', '6', '0', '6', '1'),
('JSA_oyGDHq', 'contract_G2RvmT', '6', '2', '3', '1'),
('JSA_gy04T5', 'contract_Ilzi5q', '9', '3', '10', '9'),
('JSA_ID9bP1', 'contract_jIgofj', '10', '9', '4', '3'),
('JSA_ti88Zl', 'contract_xrUtwo', '4', '4', '7', '5'),
('JSA_1EoUO9', 'contract_Fr2pK8', '7', '5', '9', '3'),
('JSA_atQJRu', 'contract_iwzqhc', '8', '1', '2', '8'),
('JSA_uiiokC', 'contract_6Yp3Pa', '4', '5', '4', '1'),
('JSA_f9ZslU', 'contract_ENcwGZ', '6', '4', '0', '10'),
('JSA_upAfgU', 'contract_Fr2pK8', '6', '1', '10', '9'),
('JSA_d2d0jJ', 'contract_mdA6Wn', '6', '3', '3', '1'),
('JSA_uy4j4D', 'contract_jyzqqq', '6', '3', '0', '10'),
('JSA_daHCaI', 'contract_Ilzi5q', '7', '3', '9', '7'),
('JSA_2kHhkC', 'contract_1AUkpz', '7', '8', '6', '4'),
('JSA_q7mHwW', 'contract_Jd8iAY', '4', '4', '2', '8'),
('JSA_f0lQPp', 'contract_j5azjY', '2', '10', '8', '8'),
('JSA_8uCAf6', 'contract_Qw9rmI', '8', '5', '1', '7'),
('JSA_3FRpEx', 'contract_ZBL3uW', '4', '7', '6', '3'),
('JSA_RunHn6', 'contract_WzDHk7', '9', '3', '2', '0'),
('JSA_mbeMLh', 'contract_Fgg8QT', '3', '9', '3', '1'),
('JSA_Myccin', 'contract_EPh5zo', '0', '5', '7', '3'),
('JSA_487rmq', 'contract_Hg6OnT', '6', '5', '3', '4'),
('JSA_bWl51c', 'contract_j5azjY', '8', '7', '6', '0'),
('JSA_UWeQYK', 'contract_yQuHCn', '10', '5', '7', '3'),
('JSA_lOC6WJ', 'contract_6zzzZb', '10', '9', '9', '3'),
('JSA_mqSbcm', 'contract_SXZPxi', '3', '7', '0', '4'),
('JSA_oxSbsB', 'contract_RProNR', '10', '7', '2', '3'),
('JSA_NB9Lfq', 'contract_mwIcze', '7', '3', '3', '0'),
('JSA_Qe03WL', 'contract_L9K9zv', '4', '1', '2', '2'),
('JSA_Ju7wva', 'contract_VkQzQl', '3', '3', '1', '2'),
('JSA_ofGbNl', 'contract_T9dYy7', '5', '1', '1', '8'),
('JSA_VRvSEc', 'contract_QoYci2', '6', '8', '9', '5'),
('JSA_kqNE9N', 'contract_dZqTyN', '10', '6', '5', '5'),
('JSA_t0ycCB', 'contract_1AgWQx', '3', '7', '8', '1'),
('JSA_XZqFh3', 'contract_pPwxft', '10', '3', '2', '3'),
('JSA_r3oQCZ', 'contract_YrBSjN', '2', '5', '8', '4'),
('JSA_f9cHpc', 'contract_DFyqHm', '5', '0', '10', '4'),
('JSA_SepOv3', 'contract_oW7jxH', '4', '10', '5', '8'),
('JSA_ADIJow', 'contract_g5dx5d', '8', '5', '10', '10'),
('JSA_OPZ2TS', 'contract_es9tsY', '4', '6', '3', '9'),
('JSA_bVrEPG', 'contract_3RO24R', '4', '9', '2', '9'),
('JSA_qn4h0k', 'contract_mOCFHc', '0', '6', '7', '10'),
('JSA_H3e7Hy', 'contract_oBJRIk', '4', '5', '2', '7'),
('JSA_r6SFKA', 'contract_Un91bJ', '6', '5', '1', '2'),
('JSA_6RK8Ci', 'contract_ZKwy7i', '1', '3', '9', '3'),
('JSA_iHjnEm', 'contract_j9ufgs', '6', '9', '6', '6'),
('JSA_JtvzJX', 'contract_WZ6TTV', '10', '9', '9', '9'),
('JSA_r5iqi3', 'contract_ONhGbc', '0', '0', '2', '8'),
('JSA_ONvjIt', 'contract_VXyPK7', '10', '8', '9', '2'),
('JSA_Zuqhj0', 'contract_L5wU7z', '7', '2', '3', '6'),
('JSA_YCUywi', 'contract_T17LDU', '0', '2', '0', '8'),
('JSA_xuV2LF', 'contract_INoF63', '4', '0', '8', '6'),
('JSA_DjFZMT', 'contract_tT8N4m', '4', '2', '3', '1'),
('JSA_CzTDVL', 'contract_nkWAG2', '7', '6', '0', '5'),
('JSA_l27zAg', 'contract_ptK30V', '3', '1', '5', '4'),
('JSA_OetkJx', 'contract_fMpVpd', '2', '0', '6', '8'),
('JSA_DoZBwB', 'contract_ZJUeK3', '10', '9', '6', '8'),
('JSA_9hYy24', 'contract_MWY41U', '7', '4', '1', '8'),
('JSA_cVkKhf', 'contract_cGM4Fe', '4', '2', '1', '5'),
('JSA_E6Edci', 'contract_agvCZ2', '2', '7', '5', '4'),
('JSA_61AYWi', 'contract_gSOHsn', '2', '10', '4', '4'),
('JSA_Xw4qK9', 'contract_eUKa1c', '7', '5', '4', '0'),
('JSA_zOxzv1', 'contract_vbwrS3', '7', '1', '4', '4'),
('JSA_rvxzFB', 'contract_mHUcyo', '1', '9', '8', '4'),
('JSA_3XBCEh', 'contract_bSzPun', '2', '3', '3', '5'),
('JSA_IPwo6P', 'contract_dBEqWd', '3', '0', '7', '2'),
('JSA_f2lcTA', 'contract_ogw2Ct', '5', '3', '0', '3'),
('JSA_6n9Gnx', 'contract_SB6mIj', '9', '1', '8', '4'),
('JSA_QhnSqR', 'contract_ulc33n', '8', '10', '9', '5'),
('JSA_ivBTtJ', 'contract_aePsCi', '9', '7', '10', '7'),
('JSA_8RXUDn', 'contract_W1PSTf', '6', '2', '2', '5'),
('JSA_bFpgdu', 'contract_ZJUeK3', '7', '3', '2', '1'),
('JSA_FwFpfw', 'contract_vCvspC', '0', '7', '9', '1'),
('JSA_KWU1FI', 'contract_iWLjH4', '3', '10', '1', '0'),
('JSA_R1Lg6q', 'contract_HBoTjM', '0', '8', '8', '4'),
('JSA_u5cbtJ', 'contract_J5rjmV', '6', '7', '10', '8'),
('JSA_wRuRSR', 'contract_1wCZJr', '0', '7', '1', '7'),
('JSA_Su97av', 'contract_NwhUAX', '3', '1', '9', '3'),
('JSA_KLJGld', 'contract_1xt7qG', '1', '7', '4', '8'),
('JSA_GpycjC', 'contract_BSN1Tt', '8', '4', '2', '5'),
('JSA_xvNepy', 'contract_sACA17', '3', '10', '1', '5'),
('JSA_gZC97h', 'contract_FzkpC9', '4', '1', '7', '6'),
('JSA_c5BRbl', 'contract_sT9OgY', '6', '5', '5', '5'),
('JSA_wadzWa', 'contract_n94LkJ', '0', '1', '1', '8'),
('JSA_2YNICU', 'contract_lvRGoG', '7', '8', '5', '9'),
('JSA_n7FBRN', 'contract_Fr2pK8', '0', '7', '6', '5'),
('JSA_Tneqjg', 'contract_fK1gYU', '0', '9', '1', '10'),
('JSA_tlzqbZ', 'contract_jyzqqq', '8', '4', '3', '4'),
('JSA_sQrsVr', 'contract_0NsUbh', '6', '5', '5', '6'),
('JSA_QUJvwS', 'contract_S2qM9l', '6', '2', '0', '5'),
('JSA_pOcXz1', 'contract_0Sllre', '5', '2', '6', '3'),
('JSA_Z7d3Xw', 'contract_IuwQPk', '3', '9', '7', '6'),
('JSA_bG3t3j', 'contract_xgurSy', '4', '5', '7', '4'),
('JSA_ZcZ4XL', 'contract_KEiFks', '4', '1', '0', '3'),
('JSA_fNkqmh', 'contract_jKT2FQ', '6', '8', '4', '0'),
('JSA_UQMFdG', 'contract_4VhPWY', '1', '1', '0', '2'),
('JSA_52EeiE', 'contract_UxyLfB', '1', '10', '1', '3'),
('JSA_9ls6EZ', 'contract_VZJKWQ', '6', '2', '0', '8'),
('JSA_ScEP3z', 'contract_3e6n6O', '5', '0', '0', '7'),
('JSA_3CE5kS', 'contract_KKDE81', '7', '10', '6', '3'),
('JSA_uc5pwh', 'contract_L5wU7z', '2', '1', '10', '0'),
('JSA_xUQVrC', 'contract_3U8VDp', '1', '9', '2', '6'),
('JSA_oJhfgp', 'contract_VA7ikg', '5', '8', '4', '9'),
('JSA_UvR1wB', 'contract_SnaOn9', '6', '9', '10', '3'),
('JSA_MASCVj', 'contract_J5rjmV', '6', '6', '9', '7'),
('JSA_7Yn52g', 'contract_OqDzBr', '0', '6', '7', '5'),
('JSA_7M18Ur', 'contract_eUKa1c', '10', '1', '7', '1'),
('JSA_fphF2n', 'contract_pB05Sc', '7', '9', '9', '8'),
('JSA_fbUz85', 'contract_G8IEW0', '1', '9', '8', '8'),
('JSA_VBUWIS', 'contract_K2vKF7', '3', '9', '5', '0'),
('JSA_PnpTIe', 'contract_EsZqhF', '4', '1', '0', '8'),
('JSA_pQWCZG', 'contract_6zzzZb', '5', '6', '3', '5'),
('JSA_QIA1Ud', 'contract_h90nHh', '1', '4', '0', '5'),
('JSA_R8m6XK', 'contract_rOK0t9', '9', '4', '0', '5'),
('JSA_85cBch', 'contract_HkT6Ab', '0', '10', '0', '10'),
('JSA_vz3BJU', 'contract_BPDeWJ', '6', '1', '8', '6'),
('JSA_ORqjwN', 'contract_Ri1bxH', '10', '10', '3', '6'),
('JSA_sYR06V', 'contract_AtMQ8D', '0', '3', '4', '8'),
('JSA_BPMCQh', 'contract_4vmCjy', '7', '4', '10', '0'),
('JSA_718DBN', 'contract_wqUpxB', '0', '7', '0', '1'),
('JSA_euF5QD', 'contract_1xMSxr', '5', '0', '4', '7'),
('JSA_bTEuPO', 'contract_BX2fwB', '4', '8', '5', '3'),
('JSA_RTLnJy', 'contract_IKzB5K', '6', '2', '3', '3'),
('JSA_nFWoyQ', 'contract_ES0ez8', '0', '7', '2', '6'),
('JSA_6rLMjA', 'contract_C2B3sP', '10', '10', '10', '2'),
('JSA_ovUjH6', 'contract_IS4mJb', '1', '0', '0', '1'),
('JSA_9U2f22', 'contract_eUKa1c', '2', '9', '6', '2'),
('JSA_mcNacp', 'contract_hZt7Xn', '0', '10', '0', '3'),
('JSA_UiIsyX', 'contract_PZESXP', '6', '9', '5', '9'),
('JSA_FQnlJf', 'contract_Bmbdcz', '1', '7', '6', '5'),
('JSA_ottiqp', 'contract_MEIdtU', '7', '7', '7', '2'),
('JSA_zQHiqT', 'contract_dZqTyN', '8', '9', '6', '9'),
('JSA_j4j1LD', 'contract_wweQAu', '3', '2', '2', '5'),
('JSA_JVPiWg', 'contract_HSIutC', '0', '5', '10', '10'),
('JSA_u2CWHb', 'contract_KVSOP1', '1', '0', '4', '8'),
('JSA_5dfPSo', 'contract_DFyqHm', '3', '3', '3', '4'),
('JSA_pGMrFr', 'contract_WLPYXB', '10', '10', '4', '7'),
('JSA_7MPJcY', 'contract_WnEuFZ', '8', '9', '3', '0'),
('JSA_hUkdkS', 'contract_hY33fq', '10', '7', '8', '7'),
('JSA_4bJP23', 'contract_1FySxZ', '0', '10', '7', '7'),
('JSA_nB3uhv', 'contract_goqHIy', '0', '1', '5', '1'),
('JSA_DURtes', 'contract_iXBnkz', '8', '5', '4', '3'),
('JSA_PWSWte', 'contract_MWY41U', '4', '5', '9', '9'),
('JSA_6LCzdT', 'contract_o0ZDFY', '6', '3', '6', '3'),
('JSA_7ELEbR', 'contract_iWLjH4', '3', '6', '5', '5'),
('JSA_SspIBa', 'contract_b4tvoa', '1', '2', '6', '2'),
('JSA_hy3Bqg', 'contract_X9oEX2', '8', '5', '4', '3'),
('JSA_hBfP1a', 'contract_nOF3LC', '7', '1', '3', '8'),
('JSA_IJWPoc', 'contract_v5s0Vr', '6', '6', '8', '1'),
('JSA_IqEtig', 'contract_nmIhOq', '9', '2', '4', '7'),
('JSA_IiNPES', 'contract_U0Rbnj', '8', '5', '9', '9'),
('JSA_GZrKBu', 'contract_raab6X', '0', '0', '6', '1'),
('JSA_59K2IG', 'contract_xnfs3l', '8', '2', '4', '7'),
('JSA_MB0Rnj', 'contract_bha0V3', '7', '2', '3', '4'),
('JSA_73zckQ', 'contract_S3PWwi', '0', '0', '3', '1'),
('JSA_7g1FEM', 'contract_hMdT3e', '10', '5', '4', '1'),
('JSA_jHwO4E', 'contract_apMOSR', '2', '9', '10', '10'),
('JSA_idIN9R', 'contract_44ljVr', '7', '4', '5', '4'),
('JSA_SnWjDt', 'contract_xgurSy', '1', '5', '1', '3'),
('JSA_HpFXyE', 'contract_WxDPkp', '2', '4', '8', '6'),
('JSA_YvSgFg', 'contract_ihnkcP', '1', '8', '8', '10'),
('JSA_C6VRr7', 'contract_7L76gY', '2', '4', '2', '8'),
('JSA_D0IXZ5', 'contract_JpAwRQ', '10', '0', '0', '8'),
('JSA_co27Ss', 'contract_3RO24R', '4', '4', '0', '4'),
('JSA_KDbVcq', 'contract_tFSnEy', '4', '7', '7', '10'),
('JSA_gqEqyD', 'contract_fyKXiw', '4', '1', '4', '7'),
('JSA_RkwT73', 'contract_sJIQWc', '0', '7', '5', '9'),
('JSA_aiAMRx', 'contract_cIUEtz', '9', '5', '2', '10'),
('JSA_tLG3u3', 'contract_AydGi1', '6', '9', '3', '5'),
('JSA_3lZXzS', 'contract_l3jnHQ', '10', '8', '0', '2'),
('JSA_jl9Xye', 'contract_4k3mxr', '10', '3', '8', '3'),
('JSA_hPFWqR', 'contract_IL5yr7', '10', '8', '4', '5'),
('JSA_YL8fix', 'contract_2piAub', '2', '7', '4', '5'),
('JSA_MVBScu', 'contract_MFTF2l', '4', '1', '5', '1'),
('JSA_QL4USr', 'contract_9wrp1l', '0', '3', '5', '2'),
('JSA_GgZQ1p', 'contract_mkdTli', '4', '1', '4', '5'),
('JSA_YFBTEU', 'contract_j9ufgs', '10', '0', '0', '1'),
('JSA_7hivzX', 'contract_rOK0t9', '0', '8', '4', '5'),
('JSA_VBqxjf', 'contract_eOcdKs', '4', '0', '4', '2'),
('JSA_GylVGJ', 'contract_jftbc6', '2', '2', '0', '3'),
('JSA_TqYs7y', 'contract_Wa7NOu', '9', '9', '6', '7'),
('JSA_Hh8fc5', 'contract_KLJ90C', '5', '3', '6', '10'),
('JSA_pSE5zn', 'contract_oTSEGV', '3', '0', '3', '10'),
('JSA_c8FRBc', 'contract_pPwxft', '2', '0', '3', '8'),
('JSA_VcLtTI', 'contract_lJ08yN', '6', '8', '2', '8'),
('JSA_GIIXdD', 'contract_iMWEJh', '7', '8', '4', '0'),
('JSA_hwsShC', 'contract_1vHnRP', '8', '9', '3', '10'),
('JSA_35CER2', 'contract_edgF8s', '3', '9', '3', '9'),
('JSA_njm5ZD', 'contract_A2bnG3', '0', '2', '6', '4'),
('JSA_pQjwJo', 'contract_n5aUHB', '9', '8', '1', '1'),
('JSA_qfvghI', 'contract_EMdUiL', '0', '4', '10', '5'),
('JSA_dGKgeu', 'contract_mIUcIG', '6', '10', '4', '2'),
('JSA_1fXWYF', 'contract_3e6n6O', '6', '1', '10', '5'),
('JSA_y4vt5u', 'contract_KLJ90C', '4', '0', '6', '3'),
('JSA_OcTtyV', 'contract_Qs1KE1', '0', '6', '1', '1'),
('JSA_8Enq26', 'contract_g2ogUe', '5', '7', '5', '6'),
('JSA_OqQyKi', 'contract_WDenOH', '0', '5', '1', '10'),
('JSA_44Cdvg', 'contract_yPxFHF', '6', '2', '5', '2'),
('JSA_M9ZWat', 'contract_AjYpE4', '10', '2', '4', '0'),
('JSA_M7vAuh', 'contract_IaVyRA', '3', '8', '9', '2'),
('JSA_3iwW3c', 'contract_7QMwzi', '6', '2', '10', '4'),
('JSA_wkQR6N', 'contract_qsgVNh', '1', '2', '3', '4'),
('JSA_snI6gN', 'contract_XxZOEN', '2', '8', '5', '5'),
('JSA_W3IcUL', 'contract_6zzzZb', '7', '1', '3', '9'),
('JSA_hqiFaU', 'contract_g2ogUe', '10', '6', '3', '9'),
('JSA_AzEeju', 'contract_NHola6', '5', '1', '3', '7'),
('JSA_cVZltV', 'contract_g0phhO', '10', '6', '2', '2'),
('JSA_WHfJSh', 'contract_fgXWYm', '8', '7', '9', '3'),
('JSA_yjZMvP', 'contract_udDSnj', '2', '3', '9', '8'),
('JSA_jjS5mJ', 'contract_x1ZOmU', '0', '2', '7', '3'),
('JSA_BE665n', 'contract_RhTv7Z', '1', '9', '2', '9'),
('JSA_3E3PKG', 'contract_aV9wtM', '3', '9', '7', '10'),
('JSA_NOWW1L', 'contract_NwhUAX', '0', '9', '4', '0'),
('JSA_cl5DU6', 'contract_QRWbvY', '8', '5', '10', '3'),
('JSA_rbC2az', 'contract_AueDnG', '9', '3', '10', '8'),
('JSA_BIGazI', 'contract_OdYB4z', '5', '5', '4', '4'),
('JSA_7ZwLrp', 'contract_uLI3z1', '3', '0', '9', '10'),
('JSA_A42S3j', 'contract_giryRt', '7', '3', '4', '7'),
('JSA_MqeFIu', 'contract_zUJIxw', '7', '2', '5', '7'),
('JSA_lvN43j', 'contract_69rLwh', '5', '8', '9', '8'),
('JSA_rf6goR', 'contract_1peaxP', '3', '6', '8', '0'),
('JSA_NSLcrR', 'contract_W5xia3', '6', '1', '10', '5'),
('JSA_NYTdpC', 'contract_ItaiAb', '4', '7', '5', '10'),
('JSA_4NvIkn', 'contract_HbSf7j', '7', '6', '8', '10'),
('JSA_8VJO3K', 'contract_FiLLS5', '4', '10', '8', '2'),
('JSA_blr3nc', 'contract_ApK6Vf', '4', '7', '7', '4'),
('JSA_bgZqAS', 'contract_raab6X', '10', '3', '5', '10'),
('JSA_7NGzUW', 'contract_OQ449E', '6', '5', '4', '7'),
('JSA_WELatf', 'contract_HA2WBu', '5', '3', '2', '10'),
('JSA_65NTks', 'contract_lMaaFY', '3', '10', '6', '7'),
('JSA_ajb6Rb', 'contract_FiLLS5', '7', '8', '10', '3'),
('JSA_GCO8ua', 'contract_SxEBQQ', '6', '6', '7', '1'),
('JSA_AvtQ0N', 'contract_RYTVXx', '8', '7', '9', '2'),
('JSA_1zpmux', 'contract_on9UJh', '8', '10', '6', '4'),
('JSA_nNoaAh', 'contract_kSGkHt', '4', '5', '6', '9'),
('JSA_axEYwN', 'contract_5mIbM0', '4', '5', '1', '5'),
('JSA_J98zKF', 'contract_x1ZOmU', '3', '9', '7', '6'),
('JSA_jGFJ15', 'contract_XgwJ55', '9', '5', '5', '8'),
('JSA_wiSWtY', 'contract_v0NC02', '8', '8', '10', '0'),
('JSA_RIEQCY', 'contract_X8l0HJ', '3', '6', '0', '10'),
('JSA_bkFW2Z', 'contract_yFdKzW', '8', '10', '10', '9'),
('JSA_j1pAmn', 'contract_OQ449E', '4', '0', '7', '5'),
('JSA_bV2FF1', 'contract_8NLVGu', '8', '10', '4', '10'),
('JSA_zyTPfR', 'contract_hFKpBX', '4', '4', '7', '8'),
('JSA_w8Jxlz', 'contract_MYDHW0', '7', '1', '6', '6'),
('JSA_sCYGyf', 'contract_1vHnRP', '5', '2', '8', '3'),
('JSA_iicEbR', 'contract_g3YDnD', '9', '7', '10', '0'),
('JSA_kNfLK9', 'contract_RK4VB7', '0', '5', '7', '8'),
('JSA_Dg7Hle', 'contract_iXBnkz', '5', '5', '10', '8'),
('JSA_xx0iEv', 'contract_S2qM9l', '1', '7', '6', '1'),
('JSA_vCstzd', 'contract_fgJZAu', '1', '0', '4', '0'),
('JSA_Loh42M', 'contract_rrallW', '9', '8', '6', '4'),
('JSA_wORKFA', 'contract_6i8fim', '5', '8', '6', '4'),
('JSA_xe5AXy', 'contract_KYWkMh', '1', '10', '2', '3'),
('JSA_A6ZLXp', 'contract_YrBSjN', '6', '0', '9', '6'),
('JSA_D4oXVc', 'contract_tCLLh7', '8', '10', '8', '8'),
('JSA_4R47IY', 'contract_rLmQEV', '2', '6', '6', '9'),
('JSA_XsFy4p', 'contract_D69rc2', '2', '1', '1', '7'),
('JSA_MJQxWQ', 'contract_5KQ1cz', '5', '9', '8', '2'),
('JSA_OqrCQ0', 'contract_9ughwx', '2', '2', '1', '6'),
('JSA_i3LGHM', 'contract_nxjJSE', '7', '6', '4', '4'),
('JSA_nU39nK', 'contract_MxqBQw', '4', '9', '9', '8'),
('JSA_VyyPV9', 'contract_vLMGzi', '2', '3', '8', '9'),
('JSA_0ZoyF2', 'contract_J0UwrH', '4', '0', '2', '3'),
('JSA_unWnZu', 'contract_IS4mJb', '8', '10', '1', '7'),
('JSA_khjZUV', 'contract_KgwapB', '1', '5', '9', '1'),
('JSA_0H7wtN', 'contract_L5wU7z', '0', '1', '10', '5'),
('JSA_bISgOQ', 'contract_tO9xNF', '4', '4', '8', '7'),
('JSA_mOhnge', 'contract_nHlNx9', '1', '4', '3', '5'),
('JSA_kZlu7j', 'contract_G8IEW0', '0', '4', '5', '3'),
('JSA_dAHoUK', 'contract_GI6gtR', '7', '0', '4', '8'),
('JSA_7ZHeut', 'contract_7oV7CK', '1', '5', '7', '6'),
('JSA_4XYWY4', 'contract_6QhQAt', '7', '6', '10', '4'),
('JSA_FZnhAs', 'contract_sT9OgY', '0', '5', '4', '8'),
('JSA_KOx1SN', 'contract_n6RDtO', '4', '7', '6', '6'),
('JSA_qKsxca', 'contract_kqFAj1', '3', '5', '0', '5'),
('JSA_jRC7cu', 'contract_w6zqSU', '1', '0', '4', '0'),
('JSA_PFO1pJ', 'contract_nh8cLz', '0', '10', '1', '10'),
('JSA_nulBxn', 'contract_NvNN5X', '1', '8', '8', '5'),
('JSA_IBIi4y', 'contract_4p4NUq', '5', '2', '7', '5'),
('JSA_Sp2FnG', 'contract_C2B3sP', '9', '8', '2', '7'),
('JSA_aA0ZvH', 'contract_aLu2E0', '2', '2', '9', '1'),
('JSA_ByYwDj', 'contract_h8Rq0R', '3', '5', '3', '4'),
('JSA_DgSabM', 'contract_E6h6WE', '1', '4', '10', '1'),
('JSA_Ja6G0a', 'contract_g0iR8k', '2', '10', '1', '6'),
('JSA_NGPvb7', 'contract_PZESXP', '4', '3', '8', '6'),
('JSA_zvOKmj', 'contract_IQQNZQ', '8', '5', '10', '3'),
('JSA_jymvB0', 'contract_D69rc2', '8', '9', '3', '1'),
('JSA_ZsBkr8', 'contract_n1RmvJ', '2', '0', '8', '0'),
('JSA_rPq0dL', 'contract_KC8Y8n', '0', '8', '9', '2'),
('JSA_tQUxPf', 'contract_WFJImu', '4', '5', '0', '7'),
('JSA_7kBcve', 'contract_TRJ7qQ', '7', '9', '4', '5'),
('JSA_G0KdoS', 'contract_RzU8aD', '10', '2', '10', '9'),
('JSA_xKPB0Z', 'contract_oW7jxH', '4', '5', '0', '7'),
('JSA_M7AtuL', 'contract_9yTmiK', '8', '4', '6', '8'),
('JSA_y0TGZE', 'contract_SB6mIj', '6', '8', '0', '10'),
('JSA_ly4omF', 'contract_vVanjv', '7', '1', '5', '8'),
('JSA_bLPmgz', 'contract_VkQzQl', '9', '2', '9', '9'),
('JSA_jSI0No', 'contract_9wrp1l', '3', '9', '5', '4'),
('JSA_dMyH99', 'contract_0lp782', '2', '1', '4', '5'),
('JSA_7S8L9D', 'contract_OZHtCw', '1', '0', '9', '5'),
('JSA_Fe6T7V', 'contract_ugl9NI', '2', '9', '5', '7'),
('JSA_XqUUS6', 'contract_Hg6OnT', '2', '6', '4', '2'),
('JSA_NN4UpG', 'contract_9eZtzm', '1', '1', '1', '2'),
('JSA_IDBK77', 'contract_g2ogUe', '7', '8', '2', '0'),
('JSA_qP3y2b', 'contract_leihCK', '7', '1', '0', '10'),
('JSA_KgOWop', 'contract_D1wnNY', '10', '6', '9', '4'),
('JSA_zWJVST', 'contract_VYoUcQ', '9', '10', '0', '3'),
('JSA_bTQYgu', 'contract_RrdsnC', '0', '5', '10', '1'),
('JSA_AawPhd', 'contract_hrQ7JE', '9', '3', '6', '2'),
('JSA_Caf4Lk', 'contract_o77q3N', '3', '4', '3', '2'),
('JSA_mrqsbR', 'contract_U0Rbnj', '10', '4', '4', '7'),
('JSA_gN9MHi', 'contract_3iQcAL', '5', '1', '5', '4'),
('JSA_Iwgqdf', 'contract_a0QwU1', '2', '7', '3', '0'),
('JSA_IIcM7B', 'contract_7t4pZV', '5', '2', '10', '10'),
('JSA_B2yxwx', 'contract_nOF3LC', '4', '0', '3', '0'),
('JSA_9hiEA5', 'contract_ZceHD3', '5', '8', '6', '6'),
('JSA_UIYMO4', 'contract_ePAAPn', '9', '6', '6', '7'),
('JSA_xZVHlM', 'contract_G8IEW0', '0', '7', '10', '9'),
('JSA_zlJcib', 'contract_KLCGrR', '3', '0', '0', '10'),
('JSA_zWgOCH', 'contract_0DiXbE', '2', '9', '8', '3'),
('JSA_EKzUis', 'contract_RrdsnC', '2', '3', '3', '7'),
('JSA_RFFiwz', 'contract_oyziKl', '7', '10', '4', '10'),
('JSA_eV2FBL', 'contract_lpWaRK', '10', '2', '8', '3'),
('JSA_FkhprV', 'contract_VYoUcQ', '3', '10', '0', '0'),
('JSA_9wiEVj', 'contract_Fp4Tvz', '8', '0', '5', '4'),
('JSA_kTFjTl', 'contract_39ADCV', '4', '3', '9', '5'),
('JSA_x2IHUk', 'contract_b6giiA', '8', '5', '0', '8'),
('JSA_RvNXhi', 'contract_Ga8YUx', '6', '5', '10', '9'),
('JSA_kmpWc7', 'contract_mdA6Wn', '0', '3', '1', '8'),
('JSA_FGoxQY', 'contract_Z7oUr8', '3', '8', '9', '1'),
('JSA_PPSfwl', 'contract_SXZPxi', '0', '0', '6', '9'),
('JSA_qrJ4R6', 'contract_hznWqt', '8', '7', '4', '8'),
('JSA_6BXRsS', 'contract_Fr2pK8', '9', '8', '6', '4'),
('JSA_4ljAqb', 'contract_XNLyQb', '4', '7', '3', '3'),
('JSA_8WvoLx', 'contract_1xMSxr', '8', '0', '7', '8'),
('JSA_SeKs0l', 'contract_fgJZAu', '5', '3', '8', '6'),
('JSA_jJoAOF', 'contract_7MZJGB', '7', '5', '8', '8'),
('JSA_11JlGX', 'contract_K3unBw', '5', '10', '3', '7'),
('JSA_gA0nEH', 'contract_mWJygz', '6', '5', '8', '0'),
('JSA_3Suy7Y', 'contract_SCTwoK', '0', '4', '0', '8'),
('JSA_ntxkCB', 'contract_4I2kT6', '3', '3', '5', '10'),
('JSA_eiVzwN', 'contract_N5AkLJ', '4', '7', '10', '0'),
('JSA_e7OF62', 'contract_yRFel4', '8', '8', '9', '1'),
('JSA_7w4a8V', 'contract_k3mMmo', '4', '9', '4', '8'),
('JSA_FBOSNA', 'contract_fJNvN0', '3', '9', '2', '1'),
('JSA_pnKuQK', 'contract_0lp782', '2', '1', '5', '8'),
('JSA_jQ3NCa', 'contract_IqbNKB', '6', '2', '7', '0'),
('JSA_PXMFWb', 'contract_MQy2SK', '5', '5', '2', '3'),
('JSA_tHsz7y', 'contract_TFDapu', '8', '5', '1', '3'),
('JSA_XYM40h', 'contract_hiDbVT', '5', '6', '0', '8'),
('JSA_usxC5M', 'contract_SCTwoK', '5', '5', '7', '5'),
('JSA_R7RsHX', 'contract_PSxgHJ', '1', '2', '5', '1'),
('JSA_lUeio0', 'contract_3PQQPT', '4', '4', '6', '0'),
('JSA_8CY9tl', 'contract_iwzqhc', '0', '7', '5', '10'),
('JSA_dZVWvb', 'contract_mSxcoe', '8', '4', '9', '5'),
('JSA_jLqbbD', 'contract_WkE5pe', '2', '1', '6', '5'),
('JSA_hk8akL', 'contract_b4tvoa', '8', '3', '10', '3'),
('JSA_4Apa6p', 'contract_E6h6WE', '6', '3', '9', '4'),
('JSA_lOQEai', 'contract_5nE6Px', '3', '5', '4', '5'),
('JSA_BY0sME', 'contract_ZVmfwt', '10', '8', '0', '1'),
('JSA_n2SVqB', 'contract_KEiFks', '3', '9', '0', '7'),
('JSA_fwpFdL', 'contract_ZBL3uW', '7', '9', '1', '3'),
('JSA_mp8c2I', 'contract_CYfLCQ', '4', '1', '2', '4'),
('JSA_x5CZ4v', 'contract_fHBQYK', '5', '9', '6', '1'),
('JSA_VDQDfq', 'contract_39ADCV', '5', '1', '9', '7'),
('JSA_Pvqpr0', 'contract_dbaKhu', '4', '3', '1', '4'),
('JSA_oNQAdl', 'contract_jVBGhe', '3', '0', '6', '1'),
('JSA_hPC4YW', 'contract_j6DDOl', '9', '9', '5', '3'),
('JSA_VqFRFc', 'contract_yMjh3I', '1', '2', '6', '7'),
('JSA_J6n52y', 'contract_Wa7NOu', '8', '6', '6', '9'),
('JSA_eAk7sF', 'contract_4k3mxr', '9', '1', '7', '8'),
('JSA_eGMDTW', 'contract_7B6u5V', '7', '6', '6', '5'),
('JSA_0ki5fQ', 'contract_TOlUWa', '3', '8', '6', '5'),
('JSA_KjONZU', 'contract_RhTv7Z', '4', '0', '2', '2'),
('JSA_qP2NIP', 'contract_1as8vq', '9', '3', '5', '3'),
('JSA_VAs81j', 'contract_a1c8Jc', '10', '6', '4', '1'),
('JSA_xvFnmH', 'contract_oWau8r', '9', '2', '10', '10'),
('JSA_jJ6Cb9', 'contract_nXaei0', '0', '4', '8', '3'),
('JSA_hwz1nW', 'contract_SUzDDV', '9', '8', '9', '8'),
('JSA_M4yAbv', 'contract_SnaOn9', '10', '5', '4', '4'),
('JSA_xdxBNH', 'contract_KC8Y8n', '6', '3', '1', '5'),
('JSA_Q0KxFL', 'contract_riVLtB', '9', '9', '9', '6'),
('JSA_vjvUiH', 'contract_qO42ee', '2', '7', '8', '3'),
('JSA_E5QI3U', 'contract_NQoCuU', '6', '8', '10', '10'),
('JSA_YSLbMq', 'contract_8NLVGu', '4', '9', '1', '0'),
('JSA_1GkWiy', 'contract_mnIbNK', '4', '9', '10', '4'),
('JSA_NFF3u5', 'contract_ShFMTl', '8', '5', '4', '9'),
('JSA_jlSqaz', 'contract_ugl9NI', '8', '8', '3', '10'),
('JSA_dXGvJe', 'contract_bXogPB', '6', '10', '1', '4'),
('JSA_PuGFEg', 'contract_FWs90w', '8', '1', '8', '1'),
('JSA_EU6me7', 'contract_nh8cLz', '9', '8', '2', '1'),
('JSA_m2pjDT', 'contract_FVklRl', '1', '7', '6', '3'),
('JSA_sfbb7D', 'contract_Bmbdcz', '7', '5', '4', '0'),
('JSA_4cLEMG', 'contract_DCu41l', '1', '1', '0', '9'),
('JSA_Z9BIbR', 'contract_ORFnFE', '7', '5', '2', '7'),
('JSA_6Bp9R1', 'contract_4ZHEDO', '2', '1', '8', '2'),
('JSA_fX0aaf', 'contract_HhE6r3', '8', '9', '0', '6'),
('JSA_QybrJT', 'contract_zIgTc4', '10', '9', '4', '4'),
('JSA_SrpVy9', 'contract_uMM0KM', '5', '8', '0', '10'),
('JSA_HiFdAB', 'contract_o82sEB', '2', '3', '9', '0'),
('JSA_4Iy1rj', 'contract_o35HYb', '9', '10', '6', '6'),
('JSA_PBiYKy', 'contract_rrallW', '1', '1', '4', '2'),
('JSA_U4YSHg', 'contract_X9oEX2', '6', '0', '1', '6'),
('JSA_0O5is8', 'contract_RqIDTg', '9', '6', '0', '4'),
('JSA_b2a3cN', 'contract_GCNRUW', '8', '2', '4', '8'),
('JSA_3Z526o', 'contract_IaVyRA', '6', '10', '3', '9'),
('JSA_nWs25N', 'contract_DixciK', '6', '6', '4', '4'),
('JSA_BsriPJ', 'contract_MFTF2l', '6', '3', '2', '5'),
('JSA_EH8A1L', 'contract_FVklRl', '9', '4', '3', '3'),
('JSA_UbNOmo', 'contract_mSxcoe', '1', '10', '9', '1'),
('JSA_NVXs2V', 'contract_WjjTa8', '0', '0', '5', '9'),
('JSA_dun6t6', 'contract_vdiVYc', '8', '7', '6', '2'),
('JSA_Lnnnqd', 'contract_KKnWGJ', '9', '9', '9', '6'),
('JSA_WE4gYg', 'contract_bSzPun', '0', '3', '8', '5'),
('JSA_A4QUlZ', 'contract_Wf7rTB', '1', '8', '8', '6'),
('JSA_rRQXbc', 'contract_ccmAAT', '5', '5', '2', '1'),
('JSA_a11ZMy', 'contract_gHEYq1', '3', '5', '9', '4'),
('JSA_DXeI9L', 'contract_lzTmx1', '7', '10', '0', '0'),
('JSA_6LUFYS', 'contract_KC8Y8n', '4', '1', '1', '8'),
('JSA_hxXPsp', 'contract_riVLtB', '6', '6', '10', '3'),
('JSA_SRmsue', 'contract_kQ6Dgf', '1', '10', '0', '3'),
('JSA_ll2WSb', 'contract_pB05Sc', '6', '2', '10', '3'),
('JSA_Yx7Nqi', 'contract_DCu41l', '8', '3', '9', '5'),
('JSA_2B3F8A', 'contract_q6USbE', '1', '6', '0', '10'),
('JSA_n0Kvc6', 'contract_twlt6M', '7', '10', '1', '3'),
('JSA_7DIRKa', 'contract_ndg7SH', '7', '1', '4', '10'),
('JSA_114z0P', 'contract_zdCGNx', '4', '10', '2', '8'),
('JSA_kTWXRY', 'contract_wM6x0Y', '1', '1', '7', '5'),
('JSA_3ehh70', 'contract_JbGlX1', '2', '8', '10', '0'),
('JSA_ldxrEh', 'contract_dbaKhu', '1', '2', '6', '3'),
('JSA_a12ORE', 'contract_dNHEs3', '10', '9', '0', '10'),
('JSA_l6tMYH', 'contract_XkqwvS', '4', '3', '9', '9'),
('JSA_qk8wQa', 'contract_ohMebJ', '3', '5', '10', '9'),
('JSA_w5C5Gh', 'contract_OMj6mK', '1', '4', '9', '3'),
('JSA_ooNr4m', 'contract_xlLOSv', '10', '6', '5', '4'),
('JSA_4exAaG', 'contract_pXCZsQ', '3', '5', '8', '3'),
('JSA_69b5zT', 'contract_ho6gDS', '6', '10', '0', '3'),
('JSA_doKjVD', 'contract_on9UJh', '0', '1', '6', '6'),
('JSA_M8rQWw', 'contract_kEVElM', '5', '0', '6', '10'),
('JSA_271XI1', 'contract_j7wl54', '1', '1', '2', '5'),
('JSA_mH5UgP', 'contract_Nd4vlM', '4', '1', '3', '1'),
('JSA_GpT90u', 'contract_Wf7rTB', '7', '6', '7', '3'),
('JSA_0c97jU', 'contract_R2ZJru', '7', '9', '1', '2'),
('JSA_PEszSF', 'contract_GYD1Hg', '0', '5', '3', '10'),
('JSA_csZm7O', 'contract_pacvwT', '1', '2', '7', '3'),
('JSA_ZRaecp', 'contract_U1XqnV', '4', '7', '7', '9'),
('JSA_fhaoKb', 'contract_pqlPTQ', '2', '3', '1', '7'),
('JSA_fLTyi4', 'contract_ZKwy7i', '3', '2', '9', '9'),
('JSA_8lchvq', 'contract_46cAub', '4', '3', '1', '8'),
('JSA_8IC0c1', 'contract_IuwQPk', '6', '3', '9', '6'),
('JSA_JMwb1j', 'contract_61ihh6', '7', '3', '9', '3'),
('JSA_xDvZbo', 'contract_MQy2SK', '10', '9', '8', '3'),
('JSA_Tg2zfk', 'contract_ZMiaNq', '2', '5', '6', '2'),
('JSA_0zXBVw', 'contract_bhWQVR', '8', '10', '3', '9'),
('JSA_eYEBow', 'contract_fUwqDS', '1', '7', '10', '1'),
('JSA_Eas5Wf', 'contract_MEIdtU', '5', '10', '3', '1'),
('JSA_YkpdLI', 'contract_gZNOXh', '3', '8', '6', '2'),
('JSA_93CPLD', 'contract_1xMSxr', '5', '4', '3', '10'),
('JSA_tnFVuz', 'contract_RcUCLF', '10', '3', '9', '8'),
('JSA_FuXZHL', 'contract_Vey5pc', '9', '1', '9', '2'),
('JSA_JGYHeX', 'contract_MWY41U', '10', '6', '1', '8'),
('JSA_ymRfuY', 'contract_OJIm6w', '3', '7', '3', '8'),
('JSA_IZpRza', 'contract_lNnCyN', '6', '0', '9', '6'),
('JSA_yynSQh', 'contract_tuiMwX', '7', '8', '6', '5'),
('JSA_jwvs8N', 'contract_SXZPxi', '10', '6', '6', '2'),
('JSA_Qqf30u', 'contract_OHqNtC', '0', '2', '3', '2'),
('JSA_29ArlS', 'contract_ARy2iO', '3', '10', '1', '4'),
('JSA_mpMVfw', 'contract_kHEXYI', '10', '0', '1', '4'),
('JSA_CrSS2T', 'contract_MFTF2l', '3', '7', '1', '3'),
('JSA_GPXw9o', 'contract_aulvZB', '5', '6', '0', '6'),
('JSA_oF536M', 'contract_zkWoCv', '8', '7', '5', '7'),
('JSA_0DSXvl', 'contract_MGrLKF', '4', '7', '10', '6'),
('JSA_NBHyP5', 'contract_FH9wXV', '8', '8', '1', '7'),
('JSA_3JkaFU', 'contract_h8Rq0R', '4', '6', '5', '8'),
('JSA_WY2yDW', 'contract_cq7oJJ', '5', '2', '9', '1'),
('JSA_pNiGYI', 'contract_bSP49S', '5', '6', '0', '7'),
('JSA_PC2uMp', 'contract_0KXB0D', '3', '1', '6', '7'),
('JSA_Aidair', 'contract_61ihh6', '7', '8', '3', '5'),
('JSA_DHf9gz', 'contract_RProNR', '5', '4', '3', '5'),
('JSA_fSomY0', 'contract_44ljVr', '9', '2', '4', '4'),
('JSA_n3gNH8', 'contract_eOcdKs', '1', '2', '0', '10'),
('JSA_pG47Ti', 'contract_io1oij', '1', '8', '0', '9'),
('JSA_MOLYuU', 'contract_qd5DjN', '7', '0', '4', '9'),
('JSA_BSTEfA', 'contract_fyKXiw', '7', '6', '2', '9'),
('JSA_NfFO22', 'contract_N5AkLJ', '5', '1', '0', '10'),
('JSA_YSJzdr', 'contract_8tWDNs', '1', '3', '8', '6'),
('JSA_lK9Ru4', 'contract_n4mwP6', '3', '2', '3', '1'),
('JSA_1ezkKa', 'contract_0hvQnc', '7', '7', '8', '9'),
('JSA_plgbpQ', 'contract_jYGL8W', '10', '2', '10', '7'),
('JSA_3S0tbt', 'contract_3xwbv7', '2', '4', '6', '6'),
('JSA_FS5NJo', 'contract_7ry5Un', '10', '2', '1', '3'),
('JSA_wIF9Ti', 'contract_OZHtCw', '0', '6', '2', '4'),
('JSA_oldpOK', 'contract_XNLyQb', '6', '10', '10', '4'),
('JSA_f9f6sJ', 'contract_e7pBDY', '3', '2', '5', '5'),
('JSA_hTrwwq', 'contract_OQ449E', '5', '1', '0', '3'),
('JSA_j83qZs', 'contract_gr47pz', '7', '7', '5', '0'),
('JSA_Fyf4wj', 'contract_INoF63', '7', '2', '7', '1'),
('JSA_lj2URv', 'contract_Yue0wJ', '7', '8', '2', '7'),
('JSA_EDcMGh', 'contract_g5dx5d', '4', '9', '7', '8'),
('JSA_LjHcIX', 'contract_K3unBw', '7', '10', '1', '4'),
('JSA_vf4XMy', 'contract_0DiXbE', '4', '2', '10', '3'),
('JSA_CNlMGN', 'contract_9eZtzm', '1', '7', '9', '9'),
('JSA_RqU7DL', 'contract_D8fUMC', '9', '4', '2', '3'),
('JSA_C312eM', 'contract_eqnA47', '4', '7', '9', '8'),
('JSA_i7Tppd', 'contract_E6nS7a', '9', '10', '1', '3'),
('JSA_r44e6C', 'contract_UFaBuR', '7', '9', '1', '1'),
('JSA_RtSEvi', 'contract_lzTmx1', '10', '5', '8', '1'),
('JSA_YakT0n', 'contract_4I2kT6', '9', '2', '6', '3'),
('JSA_MtG0Hl', 'contract_1WmI9F', '0', '5', '8', '2'),
('JSA_uTfS0L', 'contract_W5xia3', '0', '0', '9', '6'),
('JSA_l2pTXG', 'contract_9XHkib', '4', '6', '4', '2'),
('JSA_b2tmPv', 'contract_pObVk1', '4', '2', '7', '10'),
('JSA_xVuexY', 'contract_Ui8Zyp', '2', '3', '10', '4'),
('JSA_C0kHDY', 'contract_mSF9qC', '0', '7', '4', '5'),
('JSA_omIhNA', 'contract_NRzytC', '0', '8', '7', '5'),
('JSA_8x7MCP', 'contract_RhTv7Z', '0', '5', '2', '10'),
('JSA_lq2Y3H', 'contract_jF6oIG', '6', '1', '4', '9'),
('JSA_SaRKrg', 'contract_sJIQWc', '7', '10', '1', '7'),
('JSA_t47DAm', 'contract_IaVyRA', '2', '1', '6', '2'),
('JSA_FjBVlc', 'contract_DixciK', '8', '6', '0', '4'),
('JSA_CrNO6W', 'contract_rmHc0O', '6', '3', '2', '10'),
('JSA_0gltuc', 'contract_NSPkKj', '6', '4', '2', '6'),
('JSA_EenBar', 'contract_vLMGzi', '0', '2', '3', '10'),
('JSA_Nipedq', 'contract_RYTVXx', '0', '7', '4', '0'),
('JSA_xTmelW', 'contract_Fr2pK8', '3', '7', '7', '4'),
('JSA_rlP3bO', 'contract_ajIE6P', '2', '10', '10', '8'),
('JSA_JUExbu', 'contract_g5dx5d', '8', '7', '8', '4'),
('JSA_uUSmyR', 'contract_lpWaRK', '6', '9', '10', '9'),
('JSA_sXXCBn', 'contract_YBz1my', '0', '3', '1', '0'),
('JSA_TpT0BW', 'contract_W7tNaH', '2', '1', '4', '7'),
('JSA_K1ajKx', 'contract_mlSAag', '3', '9', '5', '5'),
('JSA_WAQENF', 'contract_CX8K6J', '5', '0', '6', '8'),
('JSA_2y1mMm', 'contract_6lSVND', '1', '7', '6', '9'),
('JSA_mpyl4y', 'contract_44ljVr', '10', '8', '7', '8'),
('JSA_gNjca7', 'contract_Ga8YUx', '7', '9', '8', '10'),
('JSA_yzvAsJ', 'contract_T199nY', '5', '3', '2', '8'),
('JSA_I1pK3n', 'contract_zu6bXG', '8', '5', '1', '8'),
('JSA_XEIPLu', 'contract_KlwKx7', '10', '4', '9', '9'),
('JSA_i5WUjn', 'contract_fUwqDS', '0', '8', '8', '0'),
('JSA_CHP5lW', 'contract_jZVQRm', '3', '9', '6', '4'),
('JSA_wxDctt', 'contract_WikiKw', '3', '9', '8', '5'),
('JSA_9Gnge7', 'contract_wxkXCa', '9', '4', '2', '8'),
('JSA_33ZdA6', 'contract_cq7oJJ', '1', '10', '8', '5'),
('JSA_krAmeV', 'contract_V45enz', '7', '6', '6', '5'),
('JSA_PjgbK7', 'contract_oFuaIj', '8', '7', '6', '9'),
('JSA_akOUlf', 'contract_FiLLS5', '2', '2', '2', '2'),
('JSA_u3s1wW', 'contract_qwhs9F', '3', '5', '7', '6'),
('JSA_EwpJVO', 'contract_6A7QoH', '9', '10', '10', '6'),
('JSA_M3gH8z', 'contract_lObjP9', '6', '7', '2', '9'),
('JSA_pERZ2U', 'contract_syMKJW', '6', '4', '2', '2'),
('JSA_F6pn3r', 'contract_lqx7Xe', '9', '1', '1', '9'),
('JSA_qHib9Z', 'contract_mSF9qC', '4', '2', '4', '3'),
('JSA_bmaDRF', 'contract_2piAub', '7', '1', '0', '2'),
('JSA_bW8Vt8', 'contract_yRmOBV', '6', '5', '1', '1'),
('JSA_FfAMse', 'contract_wqUpxB', '7', '7', '0', '0'),
('JSA_cCthTp', 'contract_eP5KJI', '0', '6', '6', '7'),
('JSA_bmyg67', 'contract_9Sy5wM', '0', '3', '5', '0'),
('JSA_gUOxDT', 'contract_T074bu', '8', '9', '9', '2'),
('JSA_jaNfng', 'contract_FKlcMM', '10', '6', '5', '2'),
('JSA_72fMol', 'contract_6XBFdB', '8', '3', '9', '9'),
('JSA_ynjxwG', 'contract_vbwrS3', '7', '10', '0', '4'),
('JSA_iPXXRd', 'contract_CVE4JM', '3', '5', '2', '9'),
('JSA_m8DQM1', 'contract_3xwbv7', '1', '8', '5', '8'),
('JSA_6VxKaY', 'contract_dBEqWd', '4', '3', '2', '4'),
('JSA_przQUy', 'contract_Y8cuEp', '7', '3', '3', '5'),
('JSA_dvkwwW', 'contract_Z1QXdH', '6', '5', '5', '4'),
('JSA_Zlfs4e', 'contract_A5BhSv', '6', '4', '7', '5'),
('JSA_EgNLTe', 'contract_kSGkHt', '1', '10', '4', '1'),
('JSA_CLgRrl', 'contract_SUdT1q', '6', '7', '10', '8'),
('JSA_CmtqSH', 'contract_oyziKl', '0', '5', '5', '10'),
('JSA_18vQ2X', 'contract_SUdT1q', '3', '1', '4', '10'),
('JSA_rRiG8w', 'contract_8IJqq0', '4', '5', '9', '4'),
('JSA_d2sP6H', 'contract_cZ5TjD', '2', '3', '6', '7'),
('JSA_DVaTJ5', 'contract_cVt3Mr', '1', '3', '9', '8'),
('JSA_In5qyB', 'contract_zbbvZu', '4', '2', '4', '5'),
('JSA_urg3ON', 'contract_ItaiAb', '8', '1', '5', '0'),
('JSA_gREe2c', 'contract_NCpdyw', '7', '6', '6', '7'),
('JSA_BDidyz', 'contract_Wu9ITh', '5', '10', '7', '9'),
('JSA_lNo7DQ', 'contract_XNLyQb', '7', '1', '3', '3'),
('JSA_F9EhJX', 'contract_6A7QoH', '8', '10', '9', '8'),
('JSA_34rSi6', 'contract_QrOowq', '0', '3', '7', '6'),
('JSA_rNxxwB', 'contract_Wu9ITh', '10', '7', '6', '5'),
('JSA_8smDrR', 'contract_tA3M68', '2', '0', '0', '10'),
('JSA_JTbmBN', 'contract_NHola6', '0', '2', '6', '1'),
('JSA_H4Xq9d', 'contract_8NLVGu', '0', '2', '9', '2'),
('JSA_Mr1vh0', 'contract_4k3mxr', '4', '6', '3', '8'),
('JSA_CwqlMR', 'contract_rW6pjA', '6', '0', '3', '8'),
('JSA_vnyTBo', 'contract_eOgMW4', '0', '4', '4', '10'),
('JSA_nYDFNR', 'contract_4G3PvM', '1', '3', '5', '3'),
('JSA_RJ9VGE', 'contract_KLCGrR', '8', '10', '5', '9'),
('JSA_R83rqm', 'contract_L5wU7z', '4', '4', '3', '8'),
('JSA_KVhKL9', 'contract_ARy2iO', '5', '1', '10', '5'),
('JSA_aJ44Dz', 'contract_AIz9WC', '7', '2', '4', '6'),
('JSA_JTkdKn', 'contract_AydGi1', '3', '2', '9', '3'),
('JSA_fFx9M3', 'contract_OZHtCw', '5', '6', '10', '9'),
('JSA_4MU1Bh', 'contract_nJPepj', '6', '0', '7', '7'),
('JSA_j61pzc', 'contract_eOgMW4', '10', '6', '5', '1'),
('JSA_mPTFiG', 'contract_edgF8s', '0', '9', '8', '6'),
('JSA_L7W04C', 'contract_6Jnvf6', '2', '1', '1', '4'),
('JSA_CRtGHL', 'contract_NZJKFK', '10', '3', '7', '9'),
('JSA_fuI03S', 'contract_WLPYXB', '2', '10', '9', '4'),
('JSA_2SsRos', 'contract_eP5KJI', '9', '0', '5', '3'),
('JSA_WZlM3w', 'contract_SBDtji', '7', '2', '2', '0'),
('JSA_m1owaR', 'contract_Qs1KE1', '9', '7', '4', '7'),
('JSA_s6D3ZC', 'contract_T199nY', '8', '1', '5', '0'),
('JSA_BZDv90', 'contract_DuI7Fi', '10', '6', '1', '0'),
('JSA_84c2OM', 'contract_bt31Ye', '8', '4', '3', '6'),
('JSA_WB3gDp', 'contract_dP4RxF', '3', '3', '9', '6'),
('JSA_Ajvwv3', 'contract_39cCLS', '5', '2', '6', '6'),
('JSA_YnzfFy', 'contract_oG6izS', '8', '2', '5', '10'),
('JSA_Y8dIGp', 'contract_WdX3dc', '3', '10', '6', '2'),
('JSA_7piRem', 'contract_UiX8gG', '7', '0', '8', '7'),
('JSA_9vDyyM', 'contract_XDiMT0', '6', '5', '7', '2'),
('JSA_lMkbul', 'contract_tAaOsT', '3', '9', '7', '9'),
('JSA_D2fraA', 'contract_bSzPun', '0', '1', '9', '4'),
('JSA_hQ074s', 'contract_WhgwHF', '8', '6', '6', '8'),
('JSA_Ub9cwE', 'contract_zj6l7v', '0', '4', '7', '5'),
('JSA_PeYaMW', 'contract_RD5U3i', '7', '6', '7', '9'),
('JSA_UJQt5Y', 'contract_oH9qcU', '4', '4', '2', '8'),
('JSA_SHKvUo', 'contract_t6l5IF', '9', '1', '2', '10'),
('JSA_Afofw2', 'contract_lObjP9', '8', '3', '4', '2'),
('JSA_2PyJjf', 'contract_XctqXB', '5', '3', '1', '10'),
('JSA_r31L31', 'contract_LWAC00', '9', '0', '6', '0'),
('JSA_tDMZYv', 'contract_OHqNtC', '0', '2', '7', '4'),
('JSA_SRY4jW', 'contract_aLu2E0', '9', '3', '0', '0'),
('JSA_XP66YB', 'contract_nEii4Z', '10', '7', '10', '6'),
('JSA_soskWa', 'contract_HQgO1e', '2', '4', '8', '9'),
('JSA_d6bGon', 'contract_VkZHdw', '3', '7', '2', '8'),
('JSA_ig1KLD', 'contract_BX2fwB', '10', '0', '6', '3'),
('JSA_f88JoG', 'contract_qts7Jy', '2', '10', '4', '7'),
('JSA_4bJZqB', 'contract_LcjlzP', '7', '1', '10', '10'),
('JSA_FZI7GR', 'contract_sACA17', '7', '2', '3', '9'),
('JSA_Yygf4l', 'contract_RzU8aD', '6', '2', '0', '9'),
('JSA_TDMO9n', 'contract_ZauBp5', '9', '1', '7', '6'),
('JSA_9vjrg2', 'contract_F2dEU5', '8', '0', '2', '1'),
('JSA_61Yiw3', 'contract_IaVyRA', '9', '1', '2', '2'),
('JSA_wfmsZt', 'contract_MWY41U', '1', '1', '2', '4'),
('JSA_xyNjyy', 'contract_qf4Qxn', '2', '7', '7', '0'),
('JSA_F9l2Lu', 'contract_fMpVpd', '4', '1', '6', '6'),
('JSA_QEfjq4', 'contract_qO42ee', '4', '0', '1', '10'),
('JSA_yG561k', 'contract_YPtkkB', '8', '1', '1', '9'),
('JSA_6TBUd7', 'contract_78o4Yi', '9', '8', '5', '4'),
('JSA_b2nT1O', 'contract_44ljVr', '0', '10', '8', '4'),
('JSA_CS1UNQ', 'contract_0dLy13', '3', '8', '9', '5'),
('JSA_XmBCes', 'contract_3sTnl5', '5', '4', '7', '3'),
('JSA_SCstwn', 'contract_ICmLJc', '0', '5', '9', '10'),
('JSA_x3hjhB', 'contract_CYrInu', '10', '7', '0', '4'),
('JSA_QdfG06', 'contract_6zzzZb', '4', '4', '2', '1'),
('JSA_agJOuG', 'contract_lMaaFY', '4', '9', '6', '4'),
('JSA_WhciU0', 'contract_EZVMVr', '1', '0', '3', '4'),
('JSA_OaWGTm', 'contract_yRmOBV', '10', '8', '3', '9'),
('JSA_rhdogX', 'contract_3W6h5P', '2', '6', '0', '10'),
('JSA_sqKdmp', 'contract_H13kK8', '4', '7', '0', '6'),
('JSA_3MBpny', 'contract_tEM5Pv', '7', '8', '3', '2'),
('JSA_qiPpaZ', 'contract_a0QwU1', '1', '2', '10', '1'),
('JSA_8x0ABa', 'contract_jhvJTU', '4', '8', '1', '9'),
('JSA_6rEepO', 'contract_kzFTkF', '8', '6', '1', '0'),
('JSA_2E7F0a', 'contract_XctqXB', '3', '4', '5', '8'),
('JSA_ILcTHr', 'contract_1xt7qG', '4', '3', '6', '1'),
('JSA_dRqvss', 'contract_fP8R5j', '7', '7', '0', '1'),
('JSA_OI7ojY', 'contract_t9vpic', '2', '6', '1', '2'),
('JSA_WHtnu2', 'contract_f5bD7s', '5', '2', '5', '5'),
('JSA_EsYqgd', 'contract_t4gZaN', '7', '9', '9', '7'),
('JSA_6oUniy', 'contract_s2RuPX', '4', '0', '4', '4'),
('JSA_uUSYQP', 'contract_KC8Y8n', '6', '8', '3', '8'),
('JSA_WQcCbm', 'contract_U1XqnV', '3', '1', '4', '1'),
('JSA_vkeioE', 'contract_nxjJSE', '7', '0', '7', '0'),
('JSA_TnnQ3L', 'contract_ofhSKg', '8', '1', '2', '9'),
('JSA_QP3hGg', 'contract_ZJUeK3', '8', '7', '8', '9'),
('JSA_tzo3Uv', 'contract_MHfeNM', '5', '3', '0', '1'),
('JSA_OnH1Pu', 'contract_jyzqqq', '0', '6', '0', '9'),
('JSA_97JH81', 'contract_v3XD8W', '4', '10', '3', '10'),
('JSA_lhq00m', 'contract_KlwKx7', '3', '5', '9', '1'),
('JSA_4BZuGn', 'contract_AtMQ8D', '7', '1', '0', '8'),
('JSA_bOmdDQ', 'contract_NLYDUs', '5', '8', '8', '5'),
('JSA_3hBDxc', 'contract_q6USbE', '7', '10', '6', '4'),
('JSA_AD1DeS', 'contract_mdA6Wn', '1', '9', '5', '3'),
('JSA_sGCRnT', 'contract_pXCZsQ', '9', '10', '6', '4'),
('JSA_0quFch', 'contract_g0phhO', '8', '4', '4', '0'),
('JSA_tgihHb', 'contract_j5azjY', '4', '4', '3', '4'),
('JSA_TWsAi4', 'contract_tXQejn', '4', '0', '0', '7'),
('JSA_J8KPGe', 'contract_RYTVXx', '7', '6', '2', '5'),
('JSA_nFJVPy', 'contract_tO9xNF', '7', '2', '4', '3'),
('JSA_5FsNkO', 'contract_FzYV6S', '5', '7', '2', '7'),
('JSA_xQqHV0', 'contract_Qw9rmI', '4', '9', '10', '10'),
('JSA_FhjIKQ', 'contract_q6USbE', '4', '3', '8', '8'),
('JSA_YcnWq8', 'contract_1dg9hZ', '3', '6', '9', '7'),
('JSA_Ve5Ey7', 'contract_F2dEU5', '7', '9', '1', '5'),
('JSA_qcQMke', 'contract_Un91bJ', '9', '2', '6', '9'),
('JSA_n3v37W', 'contract_oG6izS', '3', '2', '7', '5'),
('JSA_qo0VmB', 'contract_6zzzZb', '5', '7', '2', '8'),
('JSA_uutZZe', 'contract_KKnWGJ', '1', '7', '3', '9'),
('JSA_YRXcUl', 'contract_qu4UsH', '3', '2', '0', '6'),
('JSA_CABy6d', 'contract_1n8bhR', '0', '1', '6', '7'),
('JSA_7jSgIM', 'contract_CznV6k', '10', '10', '9', '4'),
('JSA_dV90YP', 'contract_DFyqHm', '4', '3', '2', '8'),
('JSA_zpZZpC', 'contract_bCsAbI', '2', '10', '4', '7'),
('JSA_gj7VzR', 'contract_oyziKl', '3', '10', '6', '0'),
('JSA_TBb0rR', 'contract_IuwQPk', '10', '10', '3', '9'),
('JSA_Sxevok', 'contract_j9ufgs', '4', '2', '7', '4'),
('JSA_kOHhOZ', 'contract_D6pn8M', '9', '5', '5', '8'),
('JSA_Vuuw1R', 'contract_OSjLX1', '6', '8', '3', '3'),
('JSA_y8fu9h', 'contract_rmHc0O', '1', '3', '6', '10'),
('JSA_B2oWcQ', 'contract_wweQAu', '3', '9', '3', '2'),
('JSA_zyRdvC', 'contract_fUwqDS', '2', '10', '2', '6'),
('JSA_OEVHwB', 'contract_zdCGNx', '10', '4', '3', '8'),
('JSA_VXntnj', 'contract_s2RuPX', '0', '8', '9', '6'),
('JSA_qzAPjV', 'contract_fcra3A', '6', '3', '9', '7'),
('JSA_jbi0He', 'contract_xrUtwo', '4', '3', '10', '0'),
('JSA_VsRCRt', 'contract_R31tFp', '4', '3', '8', '9'),
('JSA_oalIzJ', 'contract_ScxUk4', '8', '2', '10', '10'),
('JSA_c1ZSrr', 'contract_6BI4AZ', '0', '1', '4', '0'),
('JSA_hnypmH', 'contract_1sudln', '10', '8', '4', '2'),
('JSA_CaXVhd', 'contract_a0QwU1', '8', '5', '4', '4'),
('JSA_oOs1ae', 'contract_r2pbdj', '7', '6', '6', '4'),
('JSA_3s3emx', 'contract_1dg9hZ', '0', '1', '10', '0'),
('JSA_8pk8IH', 'contract_6BI4AZ', '4', '0', '6', '8'),
('JSA_MzyfgS', 'contract_cOSt1O', '0', '10', '2', '0'),
('JSA_jLq8ss', 'contract_EMdUiL', '4', '0', '8', '5'),
('JSA_dKPMtr', 'contract_YrBSjN', '9', '7', '1', '4'),
('JSA_Wv2yP4', 'contract_AueDnG', '10', '7', '2', '7'),
('JSA_uf4Tqj', 'contract_giryRt', '1', '6', '10', '7'),
('JSA_RBPMKD', 'contract_l3jnHQ', '1', '0', '5', '1'),
('JSA_u9xi4Y', 'contract_tWWHPP', '10', '7', '8', '8'),
('JSA_7q1zjW', 'contract_IS4mJb', '7', '2', '10', '5'),
('JSA_ky7LVJ', 'contract_4k3mxr', '5', '6', '9', '4'),
('JSA_W3weGH', 'contract_ICmLJc', '9', '3', '0', '9'),
('JSA_uyuIyr', 'contract_eUKa1c', '10', '9', '8', '8'),
('JSA_EdsgLs', 'contract_X4Vrf8', '3', '7', '5', '6'),
('JSA_FsU2jh', 'contract_lueLyp', '5', '8', '7', '2'),
('JSA_TTe24l', 'contract_ZKwy7i', '8', '9', '8', '2'),
('JSA_exHqeR', 'contract_UBIITV', '8', '7', '9', '2'),
('JSA_iCYVB4', 'contract_v3uF5I', '0', '8', '2', '9'),
('JSA_MiZfkz', 'contract_3MDCxR', '9', '10', '2', '6'),
('JSA_5IF1MK', 'contract_pPwxft', '8', '7', '8', '9'),
('JSA_mq7hEg', 'contract_ZtnX8U', '5', '4', '4', '6'),
('JSA_AhLewb', 'contract_tEM5Pv', '7', '10', '0', '7'),
('JSA_XOGicV', 'contract_zj6l7v', '8', '1', '3', '1'),
('JSA_UkVius', 'contract_fyKXiw', '9', '9', '4', '4'),
('JSA_4FEgZZ', 'contract_I7p3u4', '3', '1', '8', '8'),
('JSA_Dkqbvn', 'contract_9yTmiK', '5', '10', '2', '0'),
('JSA_QlqkxJ', 'contract_mSF9qC', '6', '4', '7', '3'),
('JSA_vqjKjF', 'contract_ho6gDS', '5', '5', '9', '5'),
('JSA_b3tVHs', 'contract_W5xia3', '0', '0', '6', '5'),
('JSA_V6eKcZ', 'contract_BSN1Tt', '1', '10', '8', '2'),
('JSA_9m1YCI', 'contract_iMWEJh', '8', '0', '0', '8'),
('JSA_WXPusR', 'contract_IS4mJb', '5', '6', '2', '0'),
('JSA_hpR268', 'contract_3e6n6O', '9', '6', '7', '4'),
('JSA_5oL7wr', 'contract_wBbhoR', '10', '8', '3', '3'),
('JSA_2NEDlX', 'contract_hZt7Xn', '4', '5', '6', '9'),
('JSA_ywz6eF', 'contract_EMdUiL', '9', '3', '8', '1'),
('JSA_4oF19E', 'contract_uLI3z1', '10', '5', '3', '10'),
('JSA_OyE5FT', 'contract_oIsLQq', '10', '4', '0', '10'),
('JSA_soTxmW', 'contract_t9vpic', '5', '5', '0', '0'),
('JSA_pUni3R', 'contract_MHfeNM', '3', '9', '3', '6'),
('JSA_hov1lE', 'contract_zu6bXG', '6', '7', '0', '0'),
('JSA_FFV2YZ', 'contract_W7tNaH', '4', '0', '10', '3'),
('JSA_CNBNhG', 'contract_idHnZV', '0', '7', '5', '5'),
('JSA_cs5N9r', 'contract_i1Cq4o', '3', '1', '10', '1'),
('JSA_HxH1NX', 'contract_KKDE81', '7', '9', '1', '9'),
('JSA_RVgF9R', 'contract_fgJZAu', '7', '0', '9', '5'),
('JSA_H2NmWi', 'contract_HBoTjM', '4', '0', '7', '0'),
('JSA_cmSIiX', 'contract_T9dYy7', '10', '5', '4', '6'),
('JSA_i9usI9', 'contract_ApK6Vf', '1', '9', '9', '6'),
('JSA_URDSuk', 'contract_mwIcze', '9', '0', '0', '2'),
('JSA_4w9jNy', 'contract_fMpVpd', '8', '0', '2', '9'),
('JSA_HLh4WB', 'contract_g5dx5d', '7', '1', '3', '1'),
('JSA_6ksFVf', 'contract_3iQcAL', '6', '7', '0', '4'),
('JSA_E65sCe', 'contract_1AUkpz', '1', '3', '5', '7'),
('JSA_tdVxZA', 'contract_T1GLTG', '9', '8', '8', '5'),
('JSA_86Jqem', 'contract_WikiKw', '10', '5', '4', '0'),
('JSA_e6T2TE', 'contract_ly29Ri', '7', '6', '8', '9'),
('JSA_ml6GJS', 'contract_MxqBQw', '8', '7', '2', '4'),
('JSA_knUkHP', 'contract_Ilzi5q', '4', '7', '2', '7'),
('JSA_f7p7TZ', 'contract_6Yp3Pa', '2', '3', '2', '6'),
('JSA_YQIN8a', 'contract_tgGk0H', '0', '1', '0', '6'),
('JSA_GsEoDz', 'contract_KhwSMW', '7', '3', '0', '9'),
('JSA_hQ6Ieb', 'contract_io1oij', '6', '3', '0', '5'),
('JSA_aIrhuP', 'contract_DfFYN2', '0', '8', '0', '0'),
('JSA_z9vUBk', 'contract_3xpCKg', '9', '7', '8', '1'),
('JSA_nmm2Yz', 'contract_dIoAOP', '0', '0', '2', '9'),
('JSA_GSrc8l', 'contract_AwriWH', '7', '9', '0', '3'),
('JSA_5LzfN5', 'contract_pqlPTQ', '0', '2', '4', '3'),
('JSA_R36P37', 'contract_8DdKEJ', '9', '5', '8', '2'),
('JSA_4SODKv', 'contract_ZKwy7i', '2', '10', '0', '6'),
('JSA_BQimD4', 'contract_bXogPB', '6', '10', '8', '5'),
('JSA_3IYE5B', 'contract_MFTF2l', '2', '0', '6', '4'),
('JSA_2Au9QZ', 'contract_zN5cRF', '6', '9', '9', '4'),
('JSA_19tGaH', 'contract_vhZ5fH', '7', '1', '9', '0'),
('JSA_GdGcAE', 'contract_b2seuU', '8', '6', '4', '4'),
('JSA_QpHqjC', 'contract_s2RuPX', '4', '10', '9', '3'),
('JSA_YXGlif', 'contract_g7aGU1', '4', '7', '4', '3'),
('JSA_qgxJVJ', 'contract_9eZtzm', '0', '5', '0', '8'),
('JSA_zbNbwa', 'contract_grwI0Q', '4', '8', '10', '0'),
('JSA_JUHsyZ', 'contract_r4tGvN', '5', '6', '5', '2'),
('JSA_IB0sgb', 'contract_XIwUOf', '3', '6', '3', '7'),
('JSA_9XHbmU', 'contract_4G3PvM', '10', '6', '4', '2'),
('JSA_IKP85T', 'contract_lncpG3', '5', '9', '3', '10'),
('JSA_nCUxqf', 'contract_H7sTGN', '4', '10', '9', '7'),
('JSA_Fhswh1', 'contract_cK267a', '10', '5', '10', '4'),
('JSA_zIizyT', 'contract_4k3mxr', '4', '5', '5', '0'),
('JSA_ly17Je', 'contract_H3oyAO', '0', '10', '1', '5'),
('JSA_9PIGJ5', 'contract_1JmSRA', '1', '9', '4', '3'),
('JSA_cOQMF5', 'contract_P7u7Te', '1', '1', '8', '7'),
('JSA_Wy5oaj', 'contract_E6h6WE', '2', '1', '3', '7'),
('JSA_h7NqTb', 'contract_Dppx9m', '10', '6', '1', '1'),
('JSA_Rayn45', 'contract_mlSAag', '3', '7', '6', '8'),
('JSA_8UeHDE', 'contract_RWAJwC', '3', '5', '8', '1'),
('JSA_46Y2h9', 'contract_CYfLCQ', '7', '4', '7', '10'),
('JSA_3eimGT', 'contract_qb6nqF', '1', '2', '7', '5'),
('JSA_SJmesh', 'contract_pqlPTQ', '2', '7', '0', '8'),
('JSA_bLpYGV', 'contract_Kk5ZTG', '8', '8', '10', '3'),
('JSA_9gE2yP', 'contract_06IsKL', '3', '1', '3', '1'),
('JSA_oeA8dW', 'contract_g2ogUe', '5', '9', '8', '1'),
('JSA_GwAzl8', 'contract_pGGnfk', '7', '6', '6', '2'),
('JSA_4gGDsl', 'contract_cP20TV', '2', '0', '10', '5'),
('JSA_qzPHQy', 'contract_mdA6Wn', '0', '10', '10', '9'),
('JSA_5IGI1V', 'contract_CxzbaC', '2', '9', '7', '7'),
('JSA_Y5gFyI', 'contract_ApK6Vf', '4', '4', '3', '10'),
('JSA_N2rkSn', 'contract_8NLVGu', '6', '7', '4', '4'),
('JSA_VwoD6K', 'contract_goqHIy', '2', '5', '0', '1'),
('JSA_tbfGyn', 'contract_0Sllre', '1', '9', '8', '2'),
('JSA_jXumBr', 'contract_iELQ0g', '6', '4', '6', '8'),
('JSA_8OpjIN', 'contract_rQBAmO', '0', '10', '3', '0'),
('JSA_oIzgmR', 'contract_44ljVr', '2', '10', '8', '0'),
('JSA_HYEhNe', 'contract_WxDPkp', '4', '0', '4', '2'),
('JSA_TUT8Jo', 'contract_QaZuEm', '3', '6', '0', '1'),
('JSA_zWAjY0', 'contract_3ehAZN', '2', '3', '5', '4'),
('JSA_oW7sPF', 'contract_KLXGm5', '2', '8', '1', '8'),
('JSA_7nYmtq', 'contract_0Jr981', '1', '5', '1', '4'),
('JSA_zQL3d8', 'contract_WzDHk7', '9', '8', '10', '6'),
('JSA_ktxcD1', 'contract_VBlq00', '2', '8', '10', '10'),
('JSA_3AIV5n', 'contract_fyKXiw', '2', '5', '2', '8'),
('JSA_Rd0nd4', 'contract_nKE8W8', '2', '4', '7', '9'),
('JSA_kWhoSO', 'contract_wqUpxB', '9', '9', '8', '4'),
('JSA_3cAzsK', 'contract_SBDtji', '6', '2', '8', '5'),
('JSA_RCv4wg', 'contract_JAXgkr', '0', '7', '7', '1'),
('JSA_YXDdHq', 'contract_G2RvmT', '5', '10', '3', '10'),
('JSA_4xdOGh', 'contract_P7u7Te', '8', '4', '7', '3'),
('JSA_wAsh0O', 'contract_20XuK8', '7', '8', '0', '2'),
('JSA_NVHWbU', 'contract_cOSt1O', '9', '4', '0', '10'),
('JSA_81SeuZ', 'contract_V3YI77', '7', '5', '9', '2'),
('JSA_WRParP', 'contract_PjFRoN', '9', '7', '5', '6'),
('JSA_PJx8cp', 'contract_WFJImu', '1', '3', '6', '10'),
('JSA_RxfoJy', 'contract_mdA6Wn', '8', '1', '6', '1'),
('JSA_XABbft', 'contract_ysmMaQ', '8', '3', '0', '0'),
('JSA_tq7A6O', 'contract_31FOHy', '4', '1', '7', '2'),
('JSA_orKct2', 'contract_b4tvoa', '10', '3', '2', '6'),
('JSA_kevR1f', 'contract_AXPKLL', '1', '1', '7', '8'),
('JSA_KQnF7R', 'contract_g0iR8k', '6', '5', '10', '6'),
('JSA_fiFanL', 'contract_RqIDTg', '7', '9', '4', '6'),
('JSA_phIg3n', 'contract_zu6bXG', '0', '5', '9', '8'),
('JSA_ACOGlY', 'contract_N6uZyB', '10', '1', '6', '10'),
('JSA_CJjov6', 'contract_MxVzDN', '3', '2', '0', '5'),
('JSA_VQZomp', 'contract_km5jl9', '10', '5', '8', '10'),
('JSA_m4MLCw', 'contract_N3jeRV', '7', '9', '10', '4'),
('JSA_IHiHGL', 'contract_EdoMh5', '10', '4', '3', '9'),
('JSA_ZHJ9PQ', 'contract_U6p3dl', '2', '5', '7', '4'),
('JSA_6eyEfn', 'contract_4VhPWY', '7', '1', '9', '0'),
('JSA_bSMqhh', 'contract_A5BhSv', '2', '8', '10', '4'),
('JSA_R9Fef6', 'contract_MUkC0D', '3', '6', '5', '9'),
('JSA_ZsFTHM', 'contract_qf4Qxn', '9', '8', '10', '7'),
('JSA_DKyt1p', 'contract_iELQ0g', '10', '8', '8', '6'),
('JSA_dmwWli', 'contract_grwI0Q', '5', '5', '10', '3'),
('JSA_CLBkwQ', 'contract_VbJbU3', '10', '0', '4', '2'),
('JSA_1io7sQ', 'contract_BSN1Tt', '3', '10', '4', '1'),
('JSA_jukr7i', 'contract_cmKilY', '6', '9', '8', '1'),
('JSA_5DDJwX', 'contract_t6l5IF', '6', '8', '3', '10'),
('JSA_snVyuV', 'contract_ihnkcP', '7', '1', '10', '7'),
('JSA_mwzsvV', 'contract_1FImRO', '5', '5', '3', '3'),
('JSA_vCneyK', 'contract_VA7ikg', '8', '9', '2', '2'),
('JSA_KbnizW', 'contract_51TvDH', '9', '6', '7', '2'),
('JSA_isiPn5', 'contract_AXPKLL', '2', '6', '1', '1'),
('JSA_WJbw1Z', 'contract_QD2MXJ', '8', '9', '9', '2'),
('JSA_dM9KbA', 'contract_9eZtzm', '10', '0', '10', '5'),
('JSA_YPsC7s', 'contract_QaZuEm', '3', '7', '8', '7'),
('JSA_Gl2b61', 'contract_jKT2FQ', '4', '1', '8', '3'),
('JSA_3phZoh', 'contract_IuwQPk', '7', '1', '6', '4'),
('JSA_NPAxhi', 'contract_BtGI0s', '2', '8', '3', '7'),
('JSA_br7oRS', 'contract_jZVQRm', '8', '9', '7', '7'),
('JSA_04umYU', 'contract_316BlW', '3', '2', '2', '5'),
('JSA_C86y61', 'contract_wBbhoR', '4', '0', '7', '8'),
('JSA_gGUouA', 'contract_XfCf7I', '0', '7', '0', '7'),
('JSA_xDxkT4', 'contract_KLXGm5', '8', '1', '3', '0'),
('JSA_AU1i5R', 'contract_t9YDCD', '4', '1', '0', '0'),
('JSA_wTKtYj', 'contract_oBJRIk', '2', '6', '1', '6'),
('JSA_ZcSAdW', 'contract_K2vKF7', '9', '3', '8', '4'),
('JSA_Ifh9yy', 'contract_OSNr0o', '8', '6', '1', '8'),
('JSA_ofOVqI', 'contract_SIVkJP', '0', '3', '7', '3'),
('JSA_SHVf5R', 'contract_W7tNaH', '4', '0', '8', '0'),
('JSA_tAKn6h', 'contract_N5AkLJ', '3', '4', '6', '7'),
('JSA_BHrSGC', 'contract_dGmenj', '9', '0', '4', '2'),
('JSA_ieHMOb', 'contract_tXQejn', '4', '6', '10', '9'),
('JSA_F2BtFd', 'contract_G2RvmT', '3', '9', '9', '0'),
('JSA_V7CbLF', 'contract_iWLjH4', '10', '7', '10', '7'),
('JSA_Z4c7vM', 'contract_VySy7b', '3', '7', '4', '10'),
('JSA_GiGqFZ', 'contract_W1PSTf', '8', '0', '3', '4'),
('JSA_pyZfMD', 'contract_vXltha', '1', '5', '1', '1'),
('JSA_1N82B8', 'contract_t9vpic', '2', '10', '10', '8'),
('JSA_27dEwE', 'contract_qrjazr', '4', '5', '2', '8'),
('JSA_LEtd8q', 'contract_yKKhJN', '2', '2', '5', '7'),
('JSA_zV4xkU', 'contract_pObVk1', '3', '8', '6', '9'),
('JSA_jdRK13', 'contract_yu6N8J', '2', '3', '2', '10'),
('JSA_5duyAs', 'contract_CxzbaC', '1', '1', '8', '4'),
('JSA_CGdtj7', 'contract_wQZZXg', '5', '10', '6', '4'),
('JSA_RXS6Df', 'contract_cnLJKS', '2', '8', '7', '2'),
('JSA_eyK80A', 'contract_6QhQAt', '4', '9', '4', '4'),
('JSA_yUlJsU', 'contract_juQZC2', '3', '10', '9', '1'),
('JSA_kJI76h', 'contract_yu6N8J', '5', '1', '4', '3'),
('JSA_9eydsH', 'contract_dNHEs3', '0', '0', '8', '10'),
('JSA_slZz2j', 'contract_g7JmBm', '2', '2', '9', '6'),
('JSA_dlqkov', 'contract_fMpVpd', '2', '0', '1', '4'),
('JSA_E6N1Ce', 'contract_KlwKx7', '9', '10', '3', '0'),
('JSA_5vj5Bp', 'contract_dbaKhu', '0', '8', '7', '2'),
('JSA_jfDYEM', 'contract_MQy2SK', '0', '0', '3', '8'),
('JSA_ITR58N', 'contract_io1oij', '6', '5', '5', '2'),
('JSA_jboKiR', 'contract_ZVmfwt', '0', '10', '8', '10'),
('JSA_cDxX45', 'contract_VA7ikg', '2', '3', '6', '4'),
('JSA_bxhV26', 'contract_SIVkJP', '1', '6', '4', '10'),
('JSA_84SwWq', 'contract_T4lmDJ', '8', '7', '8', '10'),
('JSA_LLGM0n', 'contract_pXCZsQ', '10', '5', '6', '6'),
('JSA_LsN0UP', 'contract_aV9wtM', '2', '0', '1', '7'),
('JSA_yuwFwg', 'contract_D2OVyb', '7', '7', '7', '2'),
('JSA_dTDHq2', 'contract_D8fUMC', '1', '7', '6', '1'),
('JSA_7qDM9T', 'contract_1WmI9F', '4', '4', '5', '6'),
('JSA_gUkNnd', 'contract_8DdKEJ', '4', '2', '3', '10'),
('JSA_kjfYvR', 'contract_NvNN5X', '10', '7', '6', '3'),
('JSA_2pfSuJ', 'contract_A3jVJC', '6', '4', '7', '1'),
('JSA_0JGK0X', 'contract_cVt3Mr', '3', '5', '7', '8'),
('JSA_G9ZZzj', 'contract_lMaaFY', '6', '2', '4', '4'),
('JSA_3x4fnq', 'contract_BIXxCM', '9', '10', '9', '1'),
('JSA_g67dOb', 'contract_mlWsG4', '5', '6', '5', '5'),
('JSA_AovJom', 'contract_n94LkJ', '7', '4', '1', '1'),
('JSA_Ob7tmp', 'contract_WkE5pe', '7', '10', '7', '0'),
('JSA_1eEvRf', 'contract_MiAr34', '10', '8', '8', '7'),
('JSA_BPfppT', 'contract_VBlq00', '4', '5', '0', '6'),
('JSA_QJNXPu', 'contract_mwIcze', '5', '1', '1', '4'),
('JSA_O5juuQ', 'contract_mwIcze', '0', '5', '6', '3'),
('JSA_MRsgfP', 'contract_tWWHPP', '2', '3', '10', '9'),
('JSA_MaTs7R', 'contract_2piAub', '2', '4', '10', '6'),
('JSA_9DkhC0', 'contract_KtnyzF', '0', '1', '10', '4'),
('JSA_GeDuZ7', 'contract_Ri1bxH', '9', '8', '7', '6'),
('JSA_pCBpdC', 'contract_lJ08yN', '8', '5', '8', '10'),
('JSA_rMPAR3', 'contract_n6RDtO', '9', '2', '8', '10'),
('JSA_wAZuAi', 'contract_2adX6l', '8', '4', '9', '3'),
('JSA_5SOwgi', 'contract_jftbc6', '1', '3', '4', '4'),
('JSA_uxRqkm', 'contract_BIXxCM', '2', '3', '4', '2'),
('JSA_VA0trt', 'contract_YU6Qgq', '1', '5', '1', '9'),
('JSA_aeuFte', 'contract_fsQqHe', '1', '2', '3', '4'),
('JSA_eJi1Nu', 'contract_aulvZB', '4', '6', '10', '4'),
('JSA_5Blcv2', 'contract_OPaoN6', '9', '9', '4', '4'),
('JSA_adZyH0', 'contract_F2dEU5', '5', '0', '4', '7'),
('JSA_n2HwPb', 'contract_fgXWYm', '6', '9', '6', '10'),
('JSA_Tv3pwy', 'contract_fUwqDS', '7', '0', '8', '0'),
('JSA_mv8Mne', 'contract_edgF8s', '6', '9', '1', '10');
INSERT INTO job_offerer_assessment (job_offerer_assessment_id, contract_id, temp_wage_payment_ability, temp_work_environment, temp_work_intensity, temp_order_validity) VALUES 
('JOA_3cWvmS', 'contract_hmo4HO', '3', '7', '0', '3'),
('JOA_4F8ZyX', 'contract_HBoTjM', '5', '5', '3', '2'),
('JOA_87lqKN', 'contract_pacvwT', '8', '2', '6', '2'),
('JOA_Krz9oh', 'contract_X2hLFd', '6', '5', '9', '4'),
('JOA_Uyqlw7', 'contract_lzTmx1', '9', '8', '5', '9'),
('JOA_uk0aJS', 'contract_h8Rq0R', '4', '6', '7', '10'),
('JOA_okrYjB', 'contract_MxqBQw', '5', '10', '6', '6'),
('JOA_DvsuLy', 'contract_mg0i0L', '10', '0', '0', '5'),
('JOA_mcGbOq', 'contract_ZT4Wyr', '1', '2', '8', '9'),
('JOA_zJxiKK', 'contract_1FImRO', '7', '8', '5', '7'),
('JOA_V2mLMQ', 'contract_3RO24R', '2', '9', '8', '7'),
('JOA_rKe3Ex', 'contract_1AUkpz', '8', '9', '3', '3'),
('JOA_7v2WGR', 'contract_jKT2FQ', '5', '6', '8', '4'),
('JOA_zfxoho', 'contract_jaEUSW', '9', '9', '8', '6'),
('JOA_Gg8eon', 'contract_ihnkcP', '4', '2', '8', '8'),
('JOA_NJspPq', 'contract_zj6l7v', '4', '1', '0', '2'),
('JOA_1eGInU', 'contract_46cAub', '9', '0', '10', '2'),
('JOA_Ob0RGr', 'contract_ScLurK', '6', '0', '9', '6'),
('JOA_EFBnjl', 'contract_9qbTLy', '7', '1', '0', '8'),
('JOA_o7hTPq', 'contract_U0Rbnj', '0', '2', '0', '8'),
('JOA_6emCG6', 'contract_RYTVXx', '2', '0', '10', '7'),
('JOA_UMBtHP', 'contract_0mGvZo', '9', '3', '6', '3'),
('JOA_ZkAYii', 'contract_I4F5bN', '10', '1', '4', '5'),
('JOA_bp0hrI', 'contract_YXMRpb', '6', '2', '4', '5'),
('JOA_6WJt0o', 'contract_KfSfbG', '5', '3', '8', '2'),
('JOA_iyaJUy', 'contract_sqzCaz', '8', '8', '6', '1'),
('JOA_J23gow', 'contract_5JlK98', '5', '2', '5', '9'),
('JOA_01mxau', 'contract_kzFTkF', '8', '2', '10', '9'),
('JOA_jJosuz', 'contract_stGcCf', '7', '9', '0', '1'),
('JOA_BNqoes', 'contract_v6qFdS', '3', '10', '8', '0'),
('JOA_iEkZPc', 'contract_o0ZDFY', '6', '1', '3', '2'),
('JOA_RJtpML', 'contract_jNxPKU', '4', '2', '2', '5'),
('JOA_Vcitz2', 'contract_kzFTkF', '9', '5', '9', '7'),
('JOA_gxkqnS', 'contract_YibhWA', '10', '6', '1', '0'),
('JOA_2L4ItV', 'contract_1vHnRP', '8', '4', '6', '10'),
('JOA_l2oJkq', 'contract_yPxFHF', '3', '3', '10', '1'),
('JOA_FYF5ka', 'contract_lObjP9', '9', '8', '7', '3'),
('JOA_r4dJLt', 'contract_35DI2B', '0', '2', '10', '4'),
('JOA_PWhxYf', 'contract_GNePB8', '8', '2', '8', '3'),
('JOA_y5zzvT', 'contract_bXogPB', '1', '3', '1', '8'),
('JOA_8pRiHG', 'contract_n4mwP6', '2', '10', '7', '8'),
('JOA_kOvtjy', 'contract_vCvspC', '2', '0', '6', '5'),
('JOA_6Rfqv7', 'contract_YosJkR', '10', '1', '1', '5'),
('JOA_qosTcM', 'contract_mnIbNK', '3', '2', '3', '4'),
('JOA_liSBgQ', 'contract_n94LkJ', '7', '2', '3', '10'),
('JOA_ylAyER', 'contract_NLU7Wu', '5', '5', '7', '9'),
('JOA_zF6vhk', 'contract_7L76gY', '10', '1', '3', '1'),
('JOA_twkjYW', 'contract_iXDgTh', '0', '2', '6', '7'),
('JOA_hukv8m', 'contract_LifkWY', '7', '10', '10', '10'),
('JOA_y1yp90', 'contract_7T6I7S', '4', '7', '2', '0'),
('JOA_A7CkFk', 'contract_mhzoUg', '1', '8', '10', '2'),
('JOA_E65x1c', 'contract_3W6h5P', '8', '3', '3', '8'),
('JOA_sCEGBe', 'contract_kZnWj3', '9', '10', '5', '6'),
('JOA_QLxRvD', 'contract_7ry5Un', '6', '10', '4', '9'),
('JOA_le33P3', 'contract_n4mwP6', '2', '10', '5', '8'),
('JOA_ipsq2g', 'contract_GYD1Hg', '2', '2', '9', '1'),
('JOA_8LSEOb', 'contract_3tyvrR', '5', '5', '6', '8'),
('JOA_FXi5jY', 'contract_6QhQAt', '10', '6', '1', '9'),
('JOA_oqeMJv', 'contract_D8fUMC', '7', '0', '6', '3'),
('JOA_TurZY0', 'contract_6XBFdB', '9', '9', '0', '5'),
('JOA_F1hkyW', 'contract_G2RvmT', '5', '5', '1', '3'),
('JOA_1t72pt', 'contract_mmO5kf', '9', '5', '3', '8'),
('JOA_8rsDJO', 'contract_qiiwfH', '4', '6', '8', '5'),
('JOA_Q1YKZX', 'contract_xgurSy', '2', '4', '6', '8'),
('JOA_qPUzwn', 'contract_5gv6XL', '7', '9', '9', '10'),
('JOA_Y8BgWO', 'contract_tTa9Qk', '0', '9', '10', '10'),
('JOA_e3XJSJ', 'contract_nKE8W8', '9', '8', '9', '10'),
('JOA_RNcaGO', 'contract_msavpj', '1', '10', '10', '1'),
('JOA_KrA1xr', 'contract_H7sTGN', '10', '9', '3', '5'),
('JOA_S658Vg', 'contract_n1RmvJ', '4', '9', '8', '9'),
('JOA_Pv45ai', 'contract_kEVElM', '2', '1', '7', '2'),
('JOA_fsZ4Du', 'contract_fgJZAu', '6', '3', '8', '4'),
('JOA_WWEJpa', 'contract_N6uZyB', '10', '0', '4', '10'),
('JOA_imCTSh', 'contract_td0yhI', '6', '6', '2', '3'),
('JOA_e9rZP2', 'contract_jYFXMD', '8', '2', '9', '5'),
('JOA_bogMGI', 'contract_B9E7Iw', '2', '1', '3', '10'),
('JOA_5xu9e1', 'contract_FX03NY', '0', '7', '8', '4'),
('JOA_ky2h0w', 'contract_JNdqbk', '10', '3', '4', '1'),
('JOA_ridfQb', 'contract_BSN1Tt', '5', '0', '5', '2'),
('JOA_u7WTiD', 'contract_nkWAG2', '2', '2', '6', '1'),
('JOA_wLdDTx', 'contract_iXDgTh', '1', '8', '9', '7'),
('JOA_4bL0ZP', 'contract_ayX30c', '1', '8', '1', '5'),
('JOA_IGmztX', 'contract_fjA4Fb', '6', '5', '7', '1'),
('JOA_p1uYvR', 'contract_YosJkR', '7', '8', '3', '8'),
('JOA_1fnJUk', 'contract_ywDvoo', '0', '5', '10', '1'),
('JOA_GSwNdp', 'contract_2DyeJP', '3', '3', '0', '10'),
('JOA_rjfIMx', 'contract_jhvJTU', '2', '4', '9', '4'),
('JOA_3C32M0', 'contract_449s8G', '8', '3', '7', '7'),
('JOA_Hj8U6X', 'contract_0hvQnc', '1', '3', '9', '10'),
('JOA_gFKnBP', 'contract_jIgofj', '5', '8', '0', '8'),
('JOA_SUHPE3', 'contract_IaVyRA', '0', '1', '2', '3'),
('JOA_VR6sAd', 'contract_eqnA47', '4', '4', '4', '7'),
('JOA_fxKqqR', 'contract_6bm58R', '2', '9', '5', '9'),
('JOA_hVVyui', 'contract_bXogPB', '8', '4', '7', '0'),
('JOA_Hhl98v', 'contract_X1dMbW', '4', '1', '9', '3'),
('JOA_IKe8ug', 'contract_MiAr34', '4', '3', '9', '0'),
('JOA_Z3faVP', 'contract_MQy2SK', '10', '10', '1', '7'),
('JOA_3Vj5aa', 'contract_tA3M68', '3', '0', '0', '0'),
('JOA_EunovU', 'contract_syMKJW', '3', '9', '5', '9'),
('JOA_B3x98O', 'contract_mOCFHc', '7', '6', '7', '5'),
('JOA_B6rQjV', 'contract_KjUUYN', '10', '0', '7', '5'),
('JOA_0bRHjp', 'contract_lvRGoG', '10', '5', '8', '5'),
('JOA_H6rx91', 'contract_tS7lAp', '8', '4', '1', '9'),
('JOA_TLQDUI', 'contract_W9QDQM', '2', '4', '6', '2'),
('JOA_Kjclcq', 'contract_W5xia3', '4', '6', '3', '3'),
('JOA_f8Sa8b', 'contract_OHqNtC', '4', '8', '8', '4'),
('JOA_13Vuxp', 'contract_n1RmvJ', '9', '0', '9', '8'),
('JOA_Dt4lIW', 'contract_hmo4HO', '0', '5', '4', '9'),
('JOA_DmWBtA', 'contract_2piAub', '4', '3', '7', '0'),
('JOA_VUyD7h', 'contract_BYblUu', '0', '4', '4', '10'),
('JOA_f5HWWH', 'contract_X9oEX2', '9', '7', '5', '0'),
('JOA_JtPtFI', 'contract_riVLtB', '10', '7', '4', '2'),
('JOA_NG0fKe', 'contract_GZy9v5', '5', '6', '0', '7'),
('JOA_3ttesz', 'contract_mJJV79', '2', '2', '4', '5'),
('JOA_HUFJdx', 'contract_6XBFdB', '5', '9', '6', '10'),
('JOA_3CHa12', 'contract_lueLyp', '6', '3', '4', '3'),
('JOA_uI5cmu', 'contract_FH9wXV', '1', '3', '5', '10'),
('JOA_QcTpCT', 'contract_BxDTPX', '9', '7', '3', '4'),
('JOA_bGOCEV', 'contract_6KZvVs', '7', '5', '8', '8'),
('JOA_FxfqIa', 'contract_mwIcze', '10', '3', '6', '6'),
('JOA_fiuXuH', 'contract_ISZEyN', '6', '7', '5', '5'),
('JOA_kM16bD', 'contract_srcwgS', '0', '9', '4', '7'),
('JOA_VstAPX', 'contract_ccmAAT', '0', '8', '7', '9'),
('JOA_9R2Vpz', 'contract_a0QwU1', '4', '6', '2', '10'),
('JOA_B4F4Ao', 'contract_C2UHY3', '3', '9', '6', '0'),
('JOA_EQ1q2G', 'contract_7oV7CK', '5', '1', '5', '0'),
('JOA_Qe67Qz', 'contract_KWt9NX', '7', '8', '5', '7'),
('JOA_yHujCs', 'contract_HOaNiQ', '10', '4', '5', '7'),
('JOA_DTsB72', 'contract_pPwxft', '2', '5', '7', '2'),
('JOA_yOnFim', 'contract_mg0i0L', '3', '1', '1', '8'),
('JOA_G9kbHu', 'contract_g7JmBm', '3', '9', '4', '2'),
('JOA_ZyEIST', 'contract_PZESXP', '3', '0', '0', '6'),
('JOA_AmGrVO', 'contract_xPfnpw', '9', '7', '2', '0'),
('JOA_P0tHk9', 'contract_bha0V3', '5', '8', '0', '1'),
('JOA_8QHZ0I', 'contract_A3jVJC', '2', '3', '3', '10'),
('JOA_kSP2O7', 'contract_IN0Eop', '0', '3', '5', '7'),
('JOA_qSrwwx', 'contract_ugl9NI', '10', '1', '2', '9'),
('JOA_b1i8lM', 'contract_r4tGvN', '5', '3', '2', '9'),
('JOA_gaEtLp', 'contract_dBEqWd', '5', '6', '0', '4'),
('JOA_GzCRfy', 'contract_20XuK8', '1', '1', '4', '6'),
('JOA_lbzI9K', 'contract_ofhSKg', '0', '1', '10', '4'),
('JOA_24hGKC', 'contract_7t4pZV', '2', '7', '9', '3'),
('JOA_jHV5e5', 'contract_T1GLTG', '6', '7', '6', '8'),
('JOA_YicR2p', 'contract_mOCFHc', '6', '0', '7', '6'),
('JOA_jyzPN2', 'contract_B68No3', '7', '9', '6', '8'),
('JOA_3PMeAt', 'contract_WzDHk7', '5', '6', '10', '8'),
('JOA_rrCBl0', 'contract_9y4iI2', '9', '5', '1', '5'),
('JOA_xaaeHX', 'contract_WFJImu', '6', '9', '2', '10'),
('JOA_kH8tsX', 'contract_0KXB0D', '4', '0', '1', '4'),
('JOA_lWHiVX', 'contract_VkvrH9', '9', '1', '9', '9'),
('JOA_81Yc34', 'contract_EM6Vqa', '8', '1', '10', '9'),
('JOA_mbOrj8', 'contract_Iydu5X', '9', '3', '7', '6'),
('JOA_Sp5xN1', 'contract_jON1fV', '9', '2', '4', '8'),
('JOA_ak3Qdq', 'contract_hMdT3e', '1', '3', '1', '8'),
('JOA_Xb4WQn', 'contract_E3vyTH', '10', '6', '7', '4'),
('JOA_Y7OrsZ', 'contract_1as8vq', '10', '4', '5', '9'),
('JOA_qIY17P', 'contract_WLPYXB', '5', '8', '0', '9'),
('JOA_IC6Oku', 'contract_tuiMwX', '7', '3', '8', '3'),
('JOA_kQxR8g', 'contract_VbJbU3', '10', '9', '5', '2'),
('JOA_LnTcIG', 'contract_IyihBK', '5', '5', '6', '5'),
('JOA_qo9JkE', 'contract_WDenOH', '2', '5', '7', '7'),
('JOA_Im3gpV', 'contract_XfCf7I', '5', '7', '4', '9'),
('JOA_ntG93V', 'contract_tXQejn', '8', '1', '9', '5'),
('JOA_FWr0WP', 'contract_6BSXiB', '0', '5', '10', '4'),
('JOA_9ZzrDB', 'contract_gkfz4N', '3', '10', '8', '0'),
('JOA_WkT37h', 'contract_fsQqHe', '8', '9', '3', '7'),
('JOA_dSq5Vo', 'contract_MFTF2l', '6', '7', '6', '10'),
('JOA_wrzzHk', 'contract_usDpNY', '4', '7', '1', '8'),
('JOA_XLOCMK', 'contract_pObVk1', '7', '0', '2', '6'),
('JOA_6t5zoB', 'contract_ePAAPn', '2', '9', '0', '1'),
('JOA_CsHi3A', 'contract_wQZZXg', '10', '4', '2', '7'),
('JOA_UTetKa', 'contract_lueLyp', '8', '7', '5', '1'),
('JOA_fyt42n', 'contract_9wrp1l', '2', '0', '0', '3'),
('JOA_d1UpzB', 'contract_tO9xNF', '3', '8', '8', '3'),
('JOA_V6Rhla', 'contract_g7JmBm', '10', '4', '0', '10'),
('JOA_ALrdFi', 'contract_8tWDNs', '1', '8', '5', '3'),
('JOA_KR9oRf', 'contract_mhzoUg', '7', '4', '0', '7'),
('JOA_RypzsJ', 'contract_8DdKEJ', '7', '6', '4', '5'),
('JOA_Y3KIh7', 'contract_8NLVGu', '10', '2', '10', '0'),
('JOA_OXOx3L', 'contract_9ughwx', '8', '3', '10', '1'),
('JOA_TZ12tZ', 'contract_AXPKLL', '0', '4', '6', '1'),
('JOA_iSn3E5', 'contract_3xpCKg', '8', '1', '6', '3'),
('JOA_4h0wrc', 'contract_jYFXMD', '4', '4', '4', '2'),
('JOA_RnV1VE', 'contract_tofgfV', '8', '6', '8', '1'),
('JOA_lz2uFw', 'contract_sDdSHq', '3', '2', '0', '7'),
('JOA_7WfzmK', 'contract_SIVkJP', '0', '10', '7', '2'),
('JOA_3HUTTt', 'contract_Jd8iAY', '6', '3', '2', '4'),
('JOA_JFIagX', 'contract_KfSfbG', '8', '2', '10', '2'),
('JOA_JW5iuz', 'contract_1n8bhR', '5', '2', '3', '10'),
('JOA_0Lj9Ko', 'contract_KYWkMh', '6', '10', '5', '5'),
('JOA_3laprK', 'contract_SnaOn9', '9', '3', '9', '5'),
('JOA_svCC3l', 'contract_iuAt4n', '10', '6', '2', '4'),
('JOA_vEhj1E', 'contract_wT6wMY', '2', '5', '5', '1'),
('JOA_ETIAwi', 'contract_ly29Ri', '7', '8', '1', '4'),
('JOA_t0pUNk', 'contract_ohMebJ', '6', '9', '1', '0'),
('JOA_1cq5ih', 'contract_NLU7Wu', '4', '7', '0', '10'),
('JOA_ODotm2', 'contract_lueLyp', '5', '4', '1', '2'),
('JOA_88nepZ', 'contract_AeyS2l', '10', '4', '6', '0'),
('JOA_UUxcwP', 'contract_NZJKFK', '7', '1', '8', '6'),
('JOA_EipiRm', 'contract_ICmLJc', '9', '7', '5', '10'),
('JOA_HVdQIM', 'contract_cP20TV', '2', '3', '9', '5'),
('JOA_e4BB2e', 'contract_D8fUMC', '3', '6', '5', '3'),
('JOA_Scl5Uo', 'contract_AydGi1', '9', '6', '10', '1'),
('JOA_4yGYtZ', 'contract_XQGZ6u', '1', '4', '2', '3'),
('JOA_tyyAfE', 'contract_ZmiH3p', '8', '7', '8', '5'),
('JOA_vawWpE', 'contract_wxkXCa', '6', '3', '7', '6'),
('JOA_TsrZwe', 'contract_ASoPf4', '10', '3', '1', '4'),
('JOA_Z9FmO1', 'contract_f0jZFz', '9', '9', '10', '5'),
('JOA_ubeOKo', 'contract_ffyKUU', '0', '8', '6', '7'),
('JOA_LSow5H', 'contract_R2ZJru', '7', '8', '1', '9'),
('JOA_sqrg7L', 'contract_K3unBw', '5', '5', '9', '2'),
('JOA_u54NTR', 'contract_gkfz4N', '6', '6', '1', '0'),
('JOA_IZK5sh', 'contract_tXQejn', '1', '1', '2', '1'),
('JOA_sDvdpI', 'contract_jZVQRm', '7', '1', '2', '2'),
('JOA_XY06pU', 'contract_6q82hT', '8', '5', '1', '8'),
('JOA_Fbwoi2', 'contract_qrjazr', '3', '4', '10', '9'),
('JOA_NJGXNp', 'contract_QrOowq', '1', '7', '0', '7'),
('JOA_7HAL5L', 'contract_RhTv7Z', '1', '8', '4', '3'),
('JOA_DIbaCM', 'contract_ZmrmCB', '3', '10', '9', '5'),
('JOA_2Bt9jJ', 'contract_4BdKog', '10', '5', '9', '0'),
('JOA_supl2P', 'contract_KLXGm5', '4', '2', '9', '8'),
('JOA_fLVKHl', 'contract_CznV6k', '9', '5', '2', '4'),
('JOA_0BTCih', 'contract_KfSfbG', '5', '1', '2', '9'),
('JOA_gcc9ZH', 'contract_YmMFhj', '1', '3', '1', '9'),
('JOA_fZvcaK', 'contract_JbGlX1', '5', '2', '3', '1'),
('JOA_1QDwOL', 'contract_DfFYN2', '7', '7', '3', '0'),
('JOA_Qs5pSf', 'contract_A3jVJC', '5', '3', '9', '9'),
('JOA_ldvYDf', 'contract_jsVUYS', '9', '10', '0', '0'),
('JOA_P5cqUp', 'contract_jNxPKU', '8', '1', '3', '2'),
('JOA_x9jKOa', 'contract_jYGL8W', '3', '8', '5', '0'),
('JOA_fct3lB', 'contract_iWxkMM', '3', '7', '6', '4'),
('JOA_yUM0j5', 'contract_FX03NY', '4', '10', '3', '2'),
('JOA_UtnRoT', 'contract_64DzpC', '8', '5', '7', '8'),
('JOA_q4HxzS', 'contract_RhTv7Z', '7', '5', '4', '2'),
('JOA_ugR1Gg', 'contract_BIXxCM', '9', '3', '8', '2'),
('JOA_rr0el7', 'contract_JVwYnQ', '5', '2', '10', '6'),
('JOA_dFus32', 'contract_uMM0KM', '0', '3', '3', '2'),
('JOA_0GN9gz', 'contract_PSxgHJ', '10', '7', '10', '4'),
('JOA_A7DSpS', 'contract_GI6gtR', '5', '4', '0', '1'),
('JOA_6iujeV', 'contract_B6LzhY', '0', '6', '8', '10'),
('JOA_gJSHiq', 'contract_nOF3LC', '3', '3', '10', '4'),
('JOA_s5GRFG', 'contract_yVL406', '5', '7', '5', '9'),
('JOA_jkF55v', 'contract_1dg9hZ', '6', '9', '8', '10'),
('JOA_aSOm8N', 'contract_JzTZrR', '5', '6', '9', '0'),
('JOA_8rd563', 'contract_3RO24R', '10', '0', '0', '0'),
('JOA_cNT1kM', 'contract_ebQQzG', '3', '4', '4', '4'),
('JOA_EXQ8SV', 'contract_B9E7Iw', '5', '7', '7', '10'),
('JOA_E8pTys', 'contract_ihnkcP', '5', '2', '1', '5'),
('JOA_gWv4kr', 'contract_WnEuFZ', '6', '10', '6', '8'),
('JOA_9EZeNj', 'contract_Z7oUr8', '2', '9', '6', '5'),
('JOA_NLYhQQ', 'contract_iuAt4n', '3', '9', '4', '2'),
('JOA_uw6leS', 'contract_1AUkpz', '8', '1', '2', '4'),
('JOA_EBrMXk', 'contract_XrTOAt', '5', '10', '0', '3'),
('JOA_Zm9PyT', 'contract_xnfs3l', '7', '4', '5', '0'),
('JOA_a5tD7y', 'contract_RcUCLF', '0', '9', '10', '1'),
('JOA_0nVrZz', 'contract_KtnyzF', '0', '5', '10', '2'),
('JOA_QgJwxI', 'contract_4BdKog', '9', '1', '7', '4'),
('JOA_b5UIC2', 'contract_316BlW', '4', '4', '10', '4'),
('JOA_M38Oad', 'contract_SCsj7m', '1', '5', '3', '0'),
('JOA_9cB5mB', 'contract_VrJOaI', '3', '0', '4', '7'),
('JOA_PcaJrg', 'contract_QrOowq', '1', '8', '8', '8'),
('JOA_APig9A', 'contract_NRzytC', '5', '9', '2', '3'),
('JOA_WOoXD5', 'contract_KfSfbG', '4', '0', '4', '10'),
('JOA_PYZyAh', 'contract_jYFXMD', '1', '10', '8', '1'),
('JOA_PCJPor', 'contract_VbJbU3', '10', '0', '9', '6'),
('JOA_dzozUc', 'contract_KKDE81', '7', '2', '0', '10'),
('JOA_qKqY4h', 'contract_P7zXKX', '6', '1', '2', '7'),
('JOA_H6AFFm', 'contract_6bm58R', '8', '1', '5', '9'),
('JOA_DsraCq', 'contract_9sCMpm', '3', '3', '7', '5'),
('JOA_LpQFrj', 'contract_iekxKc', '6', '10', '8', '8'),
('JOA_huE3i0', 'contract_4henh9', '9', '9', '2', '2'),
('JOA_lbptVa', 'contract_vhZ5fH', '10', '9', '9', '2'),
('JOA_qRDSnQ', 'contract_tO9xNF', '8', '4', '5', '6'),
('JOA_GiKrU8', 'contract_HA2WBu', '3', '8', '9', '3'),
('JOA_fTX2ni', 'contract_GTjgh1', '6', '0', '8', '6'),
('JOA_ZkufAd', 'contract_jNxPKU', '2', '1', '4', '1'),
('JOA_hwezy0', 'contract_xnfs3l', '3', '9', '9', '9'),
('JOA_i7pQdh', 'contract_RcUCLF', '3', '7', '9', '6'),
('JOA_sBjdR4', 'contract_uLI3z1', '10', '2', '8', '8'),
('JOA_1ZpruM', 'contract_T074bu', '5', '8', '6', '7'),
('JOA_bEYYy8', 'contract_E3vyTH', '2', '6', '10', '6'),
('JOA_ij4cyH', 'contract_oH9qcU', '4', '8', '0', '0'),
('JOA_1ldCPl', 'contract_oFuaIj', '1', '3', '2', '7'),
('JOA_HcpGqD', 'contract_KWt9NX', '3', '1', '8', '6'),
('JOA_gioayI', 'contract_grwI0Q', '1', '8', '3', '3'),
('JOA_4veKDa', 'contract_ofhSKg', '6', '8', '2', '9'),
('JOA_f686Ko', 'contract_qf4Qxn', '3', '1', '5', '1'),
('JOA_1MY6H0', 'contract_gXzwiF', '3', '6', '0', '4'),
('JOA_ixUdpE', 'contract_A6blh3', '4', '9', '10', '3'),
('JOA_eIjD3P', 'contract_8tWDNs', '9', '3', '6', '7'),
('JOA_u44W9q', 'contract_hRR4mi', '1', '10', '7', '5'),
('JOA_SrPi1P', 'contract_JGOwLg', '3', '3', '8', '3'),
('JOA_A6w5XW', 'contract_mdA6Wn', '9', '7', '10', '3'),
('JOA_Ztgb8s', 'contract_SMjDIi', '2', '1', '2', '9'),
('JOA_qTMUNT', 'contract_ePAAPn', '8', '5', '6', '9'),
('JOA_GQYdz8', 'contract_xnfs3l', '6', '9', '6', '8'),
('JOA_6LeBTc', 'contract_X8fSrV', '2', '8', '9', '1'),
('JOA_obqeHj', 'contract_SUdT1q', '10', '1', '5', '6'),
('JOA_kP6MHI', 'contract_sXWqNB', '0', '7', '6', '1'),
('JOA_V6a508', 'contract_u3leJP', '10', '6', '7', '9'),
('JOA_AkQ7b7', 'contract_GD5h7L', '5', '6', '9', '10'),
('JOA_N49rxw', 'contract_5KQ1cz', '2', '1', '10', '7'),
('JOA_Dv6n1Y', 'contract_Jd8iAY', '7', '4', '10', '2'),
('JOA_KblsKX', 'contract_Cjmhes', '9', '6', '1', '7'),
('JOA_mXvgsc', 'contract_j6DDOl', '4', '4', '0', '4'),
('JOA_xb5upj', 'contract_7Qp2xq', '0', '6', '1', '10'),
('JOA_6SgeiM', 'contract_twlt6M', '4', '4', '0', '9'),
('JOA_AwZjFJ', 'contract_mOCFHc', '5', '3', '8', '4'),
('JOA_a9Dinz', 'contract_ywDvoo', '2', '5', '1', '8'),
('JOA_ZSSs6a', 'contract_3S3QFB', '10', '4', '2', '1'),
('JOA_mGExyc', 'contract_KYWkMh', '10', '9', '3', '6'),
('JOA_d4lIT5', 'contract_Cjmhes', '7', '7', '2', '1'),
('JOA_OKG43q', 'contract_A5BhSv', '4', '3', '9', '2'),
('JOA_FdAYYO', 'contract_eOgMW4', '3', '9', '4', '7'),
('JOA_1oZLG3', 'contract_r4tGvN', '2', '1', '8', '6'),
('JOA_Fbn4Ms', 'contract_mdA6Wn', '7', '10', '8', '9'),
('JOA_Y8guE1', 'contract_q6USbE', '9', '4', '10', '0'),
('JOA_GCf1E3', 'contract_bhWQVR', '10', '8', '4', '3'),
('JOA_7CsdfE', 'contract_3sTnl5', '7', '3', '2', '4'),
('JOA_fQlwMx', 'contract_mwIcze', '3', '1', '6', '6'),
('JOA_zTkVxx', 'contract_v5s0Vr', '5', '5', '8', '10'),
('JOA_L0qudb', 'contract_6Jnvf6', '1', '0', '1', '3'),
('JOA_rK7IQF', 'contract_NZJKFK', '8', '5', '6', '0'),
('JOA_twHsnv', 'contract_6XBFdB', '2', '5', '4', '7'),
('JOA_iFQUYt', 'contract_3e6n6O', '9', '5', '6', '4'),
('JOA_Fqy1Iq', 'contract_eoaHmU', '6', '6', '6', '1'),
('JOA_2NFT6n', 'contract_XctqXB', '4', '0', '10', '6'),
('JOA_b3gowy', 'contract_fMpVpd', '3', '3', '0', '6'),
('JOA_gJzp2o', 'contract_tgGk0H', '3', '4', '4', '8'),
('JOA_rRs5Wn', 'contract_nmIhOq', '7', '2', '5', '4'),
('JOA_6KkqDM', 'contract_SnaOn9', '1', '10', '0', '5'),
('JOA_maQy22', 'contract_VBlq00', '9', '0', '5', '0'),
('JOA_XL6HWK', 'contract_KLXGm5', '1', '0', '6', '1'),
('JOA_SIFLvm', 'contract_j5azjY', '0', '1', '0', '3'),
('JOA_d4kVgF', 'contract_KtnyzF', '7', '8', '5', '10'),
('JOA_GFrvvv', 'contract_316BlW', '1', '5', '3', '4'),
('JOA_gICYGK', 'contract_ISZEyN', '2', '6', '1', '4'),
('JOA_2aM58U', 'contract_KLXGm5', '2', '3', '4', '3'),
('JOA_LA034R', 'contract_o82sEB', '2', '6', '9', '9'),
('JOA_T48K00', 'contract_vbwrS3', '4', '9', '10', '8'),
('JOA_Zn1Jhl', 'contract_gSOHsn', '7', '8', '1', '8'),
('JOA_Qfdy1r', 'contract_EMdUiL', '0', '4', '3', '9'),
('JOA_wAXI5d', 'contract_QRWbvY', '6', '10', '7', '4'),
('JOA_fTrqPk', 'contract_WFJImu', '9', '9', '6', '5'),
('JOA_tUnw0D', 'contract_RWAJwC', '6', '9', '3', '4'),
('JOA_h8c9a1', 'contract_SZJlnG', '4', '0', '4', '0'),
('JOA_0am0Cr', 'contract_pMLVjC', '6', '2', '3', '2'),
('JOA_VuhMsN', 'contract_MGco1d', '7', '0', '2', '9'),
('JOA_d1iZG7', 'contract_GkPAs1', '6', '1', '2', '8'),
('JOA_DEiFsH', 'contract_9XHkib', '10', '1', '4', '0'),
('JOA_MM3iSK', 'contract_UquTNT', '6', '9', '8', '0'),
('JOA_feqMZl', 'contract_NHHR7D', '6', '2', '7', '0'),
('JOA_Gs7Hy1', 'contract_uOvhpF', '9', '6', '8', '4'),
('JOA_yQvPfh', 'contract_nKE8W8', '4', '9', '9', '1'),
('JOA_Y9WD7h', 'contract_SnaOn9', '2', '4', '2', '2'),
('JOA_LpwR13', 'contract_9XHkib', '10', '10', '8', '1'),
('JOA_I8mWpM', 'contract_z3Vl0k', '3', '5', '5', '3'),
('JOA_mMaLyt', 'contract_hiDbVT', '6', '9', '9', '1'),
('JOA_EOmOiN', 'contract_2WMFPR', '1', '0', '5', '8'),
('JOA_zrRlVQ', 'contract_ZQp7rG', '7', '5', '1', '9'),
('JOA_WU2X3U', 'contract_EoHksc', '7', '1', '5', '8'),
('JOA_o2sxt2', 'contract_zhZzYd', '0', '2', '1', '6'),
('JOA_KSoQyi', 'contract_EoHksc', '1', '0', '8', '9'),
('JOA_oIzzSn', 'contract_jGXdnp', '2', '5', '4', '3'),
('JOA_IKmWni', 'contract_qb6nqF', '5', '1', '0', '9'),
('JOA_ttVYVi', 'contract_kHEXYI', '9', '5', '5', '0'),
('JOA_7JpizJ', 'contract_srcwgS', '9', '6', '2', '2'),
('JOA_6CScxY', 'contract_Cjmhes', '1', '2', '0', '2'),
('JOA_2ojWWE', 'contract_ZauBp5', '10', '10', '9', '2'),
('JOA_w7x7cg', 'contract_V45enz', '10', '3', '3', '7'),
('JOA_S3RbqA', 'contract_X4Vrf8', '6', '0', '9', '9'),
('JOA_LvbE5E', 'contract_IqbNKB', '10', '9', '9', '10'),
('JOA_CGtMDc', 'contract_nJPepj', '4', '7', '7', '0'),
('JOA_5prxrn', 'contract_WhgwHF', '5', '4', '7', '1'),
('JOA_hazSNi', 'contract_S3PWwi', '7', '2', '3', '7'),
('JOA_9DuS3x', 'contract_cl1Ooi', '2', '4', '5', '6'),
('JOA_cGQq6T', 'contract_lNnCyN', '5', '4', '9', '3'),
('JOA_wAguSR', 'contract_ZQp7rG', '3', '3', '10', '7'),
('JOA_eIcOn3', 'contract_agvCZ2', '6', '7', '0', '6'),
('JOA_DDbSCx', 'contract_NLYDUs', '2', '2', '9', '2'),
('JOA_QX0RXo', 'contract_dIoAOP', '1', '1', '4', '2'),
('JOA_NeFvBq', 'contract_z3Vl0k', '9', '7', '9', '0'),
('JOA_7TaW0B', 'contract_5VGSpE', '10', '5', '4', '0'),
('JOA_im1qkp', 'contract_JzTZrR', '6', '4', '9', '5'),
('JOA_0qGVIU', 'contract_stGcCf', '5', '2', '7', '5'),
('JOA_tGecgz', 'contract_ZV7Ms5', '10', '4', '3', '3'),
('JOA_F8Xrfx', 'contract_31FOHy', '9', '8', '6', '6'),
('JOA_AxbeiQ', 'contract_qO42ee', '1', '5', '1', '2'),
('JOA_quKfTq', 'contract_bSP49S', '9', '6', '9', '6'),
('JOA_fDlcie', 'contract_WzDHk7', '9', '0', '0', '0'),
('JOA_HN9El7', 'contract_pXCZsQ', '9', '8', '5', '0'),
('JOA_5UroRM', 'contract_cDP1FR', '6', '5', '10', '2'),
('JOA_p6IrdT', 'contract_fgXWYm', '3', '1', '6', '6'),
('JOA_7UWAoL', 'contract_5t0S6f', '9', '6', '3', '7'),
('JOA_6wXPYf', 'contract_cIUEtz', '1', '5', '7', '3'),
('JOA_xtsKRE', 'contract_fJNvN0', '8', '8', '6', '3'),
('JOA_0mtLMY', 'contract_MYDHW0', '5', '2', '8', '0'),
('JOA_X4PL9V', 'contract_mSxcoe', '7', '8', '2', '8'),
('JOA_8CgyHq', 'contract_A3jVJC', '5', '2', '6', '4'),
('JOA_YBeugb', 'contract_XctqXB', '3', '2', '3', '10'),
('JOA_Bg7hLV', 'contract_EMdUiL', '1', '6', '8', '0'),
('JOA_y6Ck6Q', 'contract_kzFTkF', '0', '0', '7', '2'),
('JOA_71m77O', 'contract_qf4Qxn', '5', '3', '6', '9'),
('JOA_U5A8EH', 'contract_s6F6wz', '6', '2', '5', '8'),
('JOA_PEPHCW', 'contract_KLXGm5', '1', '2', '3', '2'),
('JOA_WbQP4S', 'contract_n1RmvJ', '6', '2', '10', '4'),
('JOA_XM6dON', 'contract_mlWsG4', '6', '5', '10', '2'),
('JOA_eGjhLj', 'contract_PSxgHJ', '9', '3', '6', '1'),
('JOA_JS1QNE', 'contract_ApK6Vf', '7', '10', '9', '9'),
('JOA_gxaRTw', 'contract_idHnZV', '2', '6', '2', '5'),
('JOA_7Re0zx', 'contract_WjjTa8', '6', '9', '10', '1'),
('JOA_yNpA36', 'contract_ZAvQmQ', '0', '8', '0', '9'),
('JOA_3OvCxT', 'contract_H7sTGN', '8', '1', '6', '8'),
('JOA_s4C1Bc', 'contract_KjUUYN', '0', '7', '4', '4'),
('JOA_D50T9T', 'contract_BKLiqV', '7', '7', '10', '1'),
('JOA_TCNFJW', 'contract_A6blh3', '10', '4', '10', '9'),
('JOA_SM74Er', 'contract_ARy2iO', '6', '6', '3', '7'),
('JOA_LjsrpA', 'contract_qwhs9F', '1', '9', '4', '3'),
('JOA_NGCJ1j', 'contract_ZBL3uW', '5', '8', '2', '5'),
('JOA_Wpt0HJ', 'contract_44ljVr', '10', '4', '6', '1'),
('JOA_Lk2L0a', 'contract_INoF63', '7', '0', '0', '3'),
('JOA_Z5naBy', 'contract_3xpCKg', '10', '9', '7', '9'),
('JOA_dIntjW', 'contract_wweQAu', '4', '9', '4', '8'),
('JOA_pzZwcR', 'contract_djkMau', '10', '9', '7', '7'),
('JOA_aK985R', 'contract_VkQzQl', '9', '9', '4', '6'),
('JOA_tMHTRa', 'contract_fgXWYm', '2', '5', '4', '10'),
('JOA_FvLjDj', 'contract_ly29Ri', '7', '6', '8', '0'),
('JOA_qphXUq', 'contract_rFxAwA', '0', '6', '7', '3'),
('JOA_jti38E', 'contract_ihnkcP', '8', '5', '8', '9'),
('JOA_jH19JA', 'contract_syMKJW', '2', '2', '0', '1'),
('JOA_YS07bI', 'contract_kQ6Dgf', '2', '10', '10', '8'),
('JOA_Q4SwJf', 'contract_P7u7Te', '1', '0', '7', '10'),
('JOA_IUB7xj', 'contract_1wZc2a', '0', '4', '2', '2'),
('JOA_qnjDEi', 'contract_P7u7Te', '7', '4', '9', '1'),
('JOA_YbxSrt', 'contract_oaFB4l', '2', '7', '9', '10'),
('JOA_Yqw6So', 'contract_oW7jxH', '7', '10', '4', '8'),
('JOA_113AFI', 'contract_dseOyb', '8', '4', '5', '6'),
('JOA_DWLJgW', 'contract_l3jnHQ', '5', '7', '9', '3'),
('JOA_7FJSqp', 'contract_ahkk0S', '9', '8', '7', '6'),
('JOA_IqTTL1', 'contract_ICmLJc', '5', '10', '10', '10'),
('JOA_dE5Miv', 'contract_AjYpE4', '10', '9', '7', '3'),
('JOA_njGSgm', 'contract_EsZqhF', '2', '5', '1', '4'),
('JOA_eyYPdO', 'contract_S2qM9l', '4', '4', '2', '1'),
('JOA_S7gflc', 'contract_oaFB4l', '8', '10', '9', '8'),
('JOA_jDNpx8', 'contract_raab6X', '9', '0', '9', '5'),
('JOA_WgttHq', 'contract_6BSXiB', '8', '9', '2', '5'),
('JOA_HksW1i', 'contract_H13kK8', '2', '8', '6', '8'),
('JOA_AIJjQW', 'contract_eoaHmU', '0', '5', '2', '3'),
('JOA_6ricRR', 'contract_1AUkpz', '10', '6', '6', '4'),
('JOA_tvFGVp', 'contract_nmIhOq', '5', '8', '6', '10'),
('JOA_QvpCPL', 'contract_W9MSsW', '0', '2', '4', '2'),
('JOA_JZZWTi', 'contract_tXQejn', '3', '6', '2', '1'),
('JOA_ZsLjHp', 'contract_jVBGhe', '3', '9', '5', '8'),
('JOA_keEwws', 'contract_r2pbdj', '8', '7', '9', '9'),
('JOA_BpbkN6', 'contract_UquTNT', '7', '7', '2', '7'),
('JOA_2DL8C8', 'contract_PJsmos', '5', '9', '6', '10'),
('JOA_F95wo6', 'contract_ikmE37', '3', '7', '0', '4'),
('JOA_27CK0o', 'contract_fP8R5j', '4', '7', '7', '1'),
('JOA_PLezUx', 'contract_Un91bJ', '2', '6', '8', '5'),
('JOA_FxW9I3', 'contract_06IsKL', '5', '3', '4', '3'),
('JOA_UpxNMs', 'contract_CElo5a', '6', '0', '6', '8'),
('JOA_sdS6xW', 'contract_ulc33n', '4', '10', '5', '3'),
('JOA_yvO8qB', 'contract_ONhGbc', '7', '10', '6', '1'),
('JOA_XwdHLx', 'contract_Uve2j3', '10', '9', '6', '5'),
('JOA_z1luQ7', 'contract_ikmE37', '9', '4', '9', '3'),
('JOA_5RC8wO', 'contract_euNbqH', '8', '8', '2', '0'),
('JOA_wq6A9k', 'contract_jhvJTU', '5', '8', '5', '8'),
('JOA_Pwu39A', 'contract_w0UPh4', '9', '9', '6', '5'),
('JOA_yNS5hY', 'contract_k3mMmo', '8', '2', '1', '4'),
('JOA_5Ysxvg', 'contract_RzU8aD', '0', '9', '10', '1'),
('JOA_qSXqnV', 'contract_q6USbE', '10', '9', '9', '6'),
('JOA_dWB8aU', 'contract_tS7lAp', '10', '7', '2', '9'),
('JOA_G48XPS', 'contract_AGQJIK', '10', '8', '3', '6'),
('JOA_3CyStq', 'contract_fgJZAu', '2', '4', '1', '3'),
('JOA_q4g085', 'contract_AGQJIK', '4', '2', '5', '4'),
('JOA_FLzIw7', 'contract_euNbqH', '9', '4', '10', '10'),
('JOA_03hXGS', 'contract_HkT6Ab', '9', '0', '4', '3'),
('JOA_mIeezX', 'contract_ScLurK', '0', '9', '6', '9'),
('JOA_DCZ9Oq', 'contract_KYWkMh', '9', '9', '1', '0'),
('JOA_YZHNDS', 'contract_iekxKc', '9', '3', '9', '3'),
('JOA_Sau43U', 'contract_lNnCyN', '5', '4', '4', '9'),
('JOA_wRQ774', 'contract_JFKbjh', '7', '1', '5', '4'),
('JOA_eryRgf', 'contract_UBIITV', '4', '4', '10', '8'),
('JOA_1REGBX', 'contract_gZNOXh', '8', '3', '2', '1'),
('JOA_v3F58T', 'contract_t6l5IF', '8', '4', '0', '0'),
('JOA_IsG6c3', 'contract_KfSfbG', '3', '4', '9', '9'),
('JOA_dhMub0', 'contract_ywDvoo', '6', '1', '8', '1'),
('JOA_HjprxT', 'contract_oTSEGV', '4', '3', '0', '4'),
('JOA_ICfFQH', 'contract_RYTVXx', '4', '5', '9', '5'),
('JOA_81FqI4', 'contract_qrjazr', '3', '8', '6', '8'),
('JOA_sid8op', 'contract_xrUtwo', '3', '1', '3', '1'),
('JOA_FZ1rFB', 'contract_bMMRKA', '5', '10', '8', '9'),
('JOA_cxgvLy', 'contract_XfCf7I', '1', '4', '0', '1'),
('JOA_FM6TNb', 'contract_tT8N4m', '10', '9', '10', '5'),
('JOA_mWHEPd', 'contract_Z1QXdH', '0', '1', '1', '4'),
('JOA_AOpZqn', 'contract_XfCf7I', '3', '8', '0', '5'),
('JOA_sHuKa9', 'contract_zbF2cL', '7', '2', '1', '5'),
('JOA_oDjSXn', 'contract_8Os0d5', '9', '2', '1', '8'),
('JOA_kK4zMJ', 'contract_v3XD8W', '4', '9', '7', '0'),
('JOA_mNv78D', 'contract_hY33fq', '9', '1', '3', '3'),
('JOA_0Lw97e', 'contract_hiciqS', '9', '8', '9', '9'),
('JOA_C7W18t', 'contract_5gv6XL', '9', '8', '8', '2'),
('JOA_TKZ724', 'contract_X1dMbW', '5', '10', '0', '7'),
('JOA_nw7Ebv', 'contract_dqyzuV', '5', '1', '5', '6'),
('JOA_1RCAoG', 'contract_9fm5Yk', '6', '2', '8', '1'),
('JOA_sU0iXt', 'contract_EFHeDO', '0', '1', '5', '3'),
('JOA_pBjH8S', 'contract_vVanjv', '7', '2', '7', '2'),
('JOA_nR85BS', 'contract_msavpj', '0', '0', '7', '9'),
('JOA_FgdBsA', 'contract_yPxFHF', '6', '6', '3', '6'),
('JOA_NRt145', 'contract_AVwAOR', '1', '1', '9', '2'),
('JOA_lvLgCc', 'contract_pacvwT', '7', '1', '9', '0'),
('JOA_LYVEfV', 'contract_3ehAZN', '7', '7', '9', '7'),
('JOA_gBQKbi', 'contract_3e6n6O', '4', '7', '8', '2'),
('JOA_W9LVna', 'contract_StDdfG', '1', '4', '1', '0'),
('JOA_XgMrdF', 'contract_xlLOSv', '1', '1', '3', '1'),
('JOA_uVxJjf', 'contract_RK4VB7', '7', '5', '5', '3'),
('JOA_fGoVtY', 'contract_MQy2SK', '4', '8', '6', '2'),
('JOA_p4XHgD', 'contract_U1XqnV', '0', '5', '9', '10'),
('JOA_1iSllf', 'contract_riVLtB', '10', '7', '7', '8'),
('JOA_PUYjxX', 'contract_euNbqH', '0', '7', '3', '6'),
('JOA_wM3Fgh', 'contract_ZmiH3p', '4', '10', '6', '5'),
('JOA_Zu3ZfL', 'contract_VqyFw5', '10', '9', '6', '8'),
('JOA_5KgjLO', 'contract_VA7ikg', '9', '10', '0', '4'),
('JOA_Rmo6BE', 'contract_fgXWYm', '4', '5', '8', '2'),
('JOA_r97hG1', 'contract_2Xev8O', '10', '1', '7', '7'),
('JOA_oUDXvo', 'contract_i8zPvi', '8', '8', '2', '4'),
('JOA_73BCGZ', 'contract_1sudln', '6', '4', '9', '8'),
('JOA_Zx7IVj', 'contract_io1oij', '9', '0', '3', '8'),
('JOA_2d0Q2H', 'contract_nOF3LC', '2', '6', '0', '9'),
('JOA_rdkfml', 'contract_RhTv7Z', '0', '7', '7', '9'),
('JOA_XugqHo', 'contract_A5fPtx', '4', '3', '6', '2'),
('JOA_g1nlb5', 'contract_X8fSrV', '6', '6', '4', '5'),
('JOA_myxOHp', 'contract_JbGlX1', '5', '2', '2', '3'),
('JOA_uWXXZn', 'contract_39ADCV', '2', '4', '0', '0'),
('JOA_1MxWGk', 'contract_SsTUxy', '8', '2', '0', '8'),
('JOA_8e3TJO', 'contract_FWs90w', '6', '10', '6', '2'),
('JOA_M0hp2m', 'contract_ZtnX8U', '8', '0', '9', '0'),
('JOA_RoC5s8', 'contract_T9dYy7', '4', '6', '7', '6'),
('JOA_C63wDL', 'contract_3tyvrR', '0', '8', '1', '7'),
('JOA_DXMhf8', 'contract_hmo4HO', '3', '10', '2', '9'),
('JOA_4B4Bm7', 'contract_w6zqSU', '10', '7', '5', '6'),
('JOA_YAvMRl', 'contract_E7Wezu', '1', '0', '10', '7'),
('JOA_n9O0DV', 'contract_pd55gw', '4', '3', '6', '3'),
('JOA_e9w0aC', 'contract_WnEuFZ', '4', '2', '10', '5'),
('JOA_ndN3Zt', 'contract_CX8K6J', '2', '3', '9', '1'),
('JOA_e1X3W4', 'contract_JVwYnQ', '8', '4', '9', '9'),
('JOA_v1bAQM', 'contract_Ilzi5q', '7', '8', '8', '2'),
('JOA_lDKuBl', 'contract_qf4Qxn', '7', '5', '9', '3'),
('JOA_ulHbyl', 'contract_aulvZB', '2', '4', '1', '3'),
('JOA_LiulkQ', 'contract_IS2L2Q', '4', '9', '1', '10'),
('JOA_L8rDct', 'contract_ZBL3uW', '8', '5', '2', '1'),
('JOA_zRITro', 'contract_Wa7NOu', '3', '0', '7', '8'),
('JOA_UKeiJv', 'contract_SBDtji', '1', '4', '2', '2'),
('JOA_iLQksc', 'contract_3aspmk', '8', '10', '5', '6'),
('JOA_QyFpjE', 'contract_C2UHY3', '8', '1', '4', '2'),
('JOA_JlM2bB', 'contract_XDT26u', '4', '6', '8', '2'),
('JOA_zGV4Aw', 'contract_06IsKL', '4', '7', '2', '3'),
('JOA_7r9gfz', 'contract_yRFel4', '3', '2', '1', '4'),
('JOA_IxVrHU', 'contract_i8zPvi', '9', '4', '4', '6'),
('JOA_4yBD0V', 'contract_YBz1my', '0', '4', '10', '9'),
('JOA_FFV2X9', 'contract_agvCZ2', '0', '2', '0', '1'),
('JOA_fCZu7p', 'contract_05bAL0', '10', '3', '8', '7'),
('JOA_K0x92o', 'contract_iwzqhc', '2', '6', '4', '9'),
('JOA_T016eo', 'contract_DuI7Fi', '2', '3', '1', '4'),
('JOA_Rpsc68', 'contract_sXWqNB', '1', '7', '3', '5'),
('JOA_u7MmNp', 'contract_fzVzYi', '1', '1', '2', '8'),
('JOA_l6M240', 'contract_zhZzYd', '7', '10', '0', '1'),
('JOA_di0CcT', 'contract_A5fPtx', '9', '9', '8', '5'),
('JOA_Yijp3W', 'contract_1JmSRA', '4', '3', '0', '9'),
('JOA_TNELr0', 'contract_w0UPh4', '8', '10', '2', '4'),
('JOA_yx1JLT', 'contract_ikmE37', '8', '4', '8', '5'),
('JOA_HGIZQd', 'contract_AIz9WC', '4', '5', '1', '6'),
('JOA_ZFKSs2', 'contract_CVE4JM', '0', '2', '9', '2'),
('JOA_m2IiWY', 'contract_G8IEW0', '2', '5', '7', '3'),
('JOA_6mmyCD', 'contract_ZPaTuK', '7', '2', '7', '4'),
('JOA_wccL7V', 'contract_Kk5ZTG', '5', '5', '8', '10'),
('JOA_QsYODi', 'contract_zw8jcZ', '0', '10', '9', '2'),
('JOA_KpJLi1', 'contract_fEVRF1', '4', '6', '5', '10'),
('JOA_Voxgyx', 'contract_N5AkLJ', '5', '8', '0', '7'),
('JOA_HYFwsF', 'contract_MxVzDN', '5', '1', '1', '3'),
('JOA_VxQjym', 'contract_gEepok', '4', '3', '2', '1'),
('JOA_1UZJoQ', 'contract_E6h6WE', '1', '2', '8', '10'),
('JOA_Q0VYiY', 'contract_9XHkib', '8', '3', '6', '6'),
('JOA_RkopsQ', 'contract_AHynQP', '9', '3', '7', '8'),
('JOA_0VpZsU', 'contract_1AUkpz', '9', '8', '2', '2'),
('JOA_1Kb3zg', 'contract_6zzzZb', '5', '7', '8', '6'),
('JOA_Ke0u3C', 'contract_bZG9Ey', '10', '8', '8', '3'),
('JOA_tbtqlU', 'contract_bt31Ye', '6', '6', '1', '5'),
('JOA_Mv7BTi', 'contract_RYTVXx', '7', '1', '0', '1'),
('JOA_iHmzCJ', 'contract_k3mMmo', '8', '5', '1', '8'),
('JOA_45anYH', 'contract_ZT4Wyr', '6', '7', '10', '7'),
('JOA_XEAZpV', 'contract_ZMiaNq', '5', '9', '9', '0'),
('JOA_xaoWyI', 'contract_WhgwHF', '6', '5', '2', '2'),
('JOA_q63aIB', 'contract_6q82hT', '10', '10', '1', '4'),
('JOA_8yYvzD', 'contract_UFaBuR', '2', '0', '8', '0'),
('JOA_Au3e4l', 'contract_i8zPvi', '9', '2', '0', '10'),
('JOA_h1dFro', 'contract_I4F5bN', '2', '5', '9', '8'),
('JOA_J7Ofpt', 'contract_sqzCaz', '3', '1', '10', '7'),
('JOA_4puNAn', 'contract_nkWAG2', '2', '7', '4', '9'),
('JOA_WCAi58', 'contract_1xMSxr', '3', '10', '8', '3'),
('JOA_32W9na', 'contract_NSPkKj', '6', '2', '9', '7'),
('JOA_Xczi9M', 'contract_YJXaF1', '4', '5', '10', '10'),
('JOA_Sn6NXy', 'contract_JNdqbk', '8', '8', '8', '9'),
('JOA_Fx3FJ4', 'contract_MiAr34', '0', '5', '10', '7'),
('JOA_sT4eiJ', 'contract_39cCLS', '0', '7', '4', '8'),
('JOA_AxMdC8', 'contract_IN0Eop', '4', '7', '4', '7'),
('JOA_ktclye', 'contract_QoYci2', '7', '4', '0', '4'),
('JOA_A3hsXk', 'contract_RD5U3i', '1', '7', '6', '7'),
('JOA_PJ5sdH', 'contract_MHfeNM', '9', '3', '1', '0'),
('JOA_FYqAx4', 'contract_v6qFdS', '0', '6', '2', '8'),
('JOA_sj2Q2z', 'contract_MiAr34', '9', '6', '6', '1'),
('JOA_cJ4IOA', 'contract_4xWLvD', '3', '9', '1', '6'),
('JOA_3NYCOn', 'contract_zNhA2j', '8', '2', '3', '7'),
('JOA_N6s5MX', 'contract_lMaaFY', '2', '6', '0', '6'),
('JOA_SkXVRh', 'contract_vVanjv', '0', '5', '6', '8'),
('JOA_j6Uwsq', 'contract_yFdKzW', '4', '7', '8', '10'),
('JOA_hqVfqL', 'contract_r4tGvN', '7', '7', '2', '3'),
('JOA_0JAGIi', 'contract_Hg6OnT', '4', '2', '7', '4'),
('JOA_SIbXyP', 'contract_ZauBp5', '5', '6', '2', '7'),
('JOA_qDHlaw', 'contract_BPDeWJ', '9', '7', '5', '2'),
('JOA_M8jzbX', 'contract_lsRcVh', '5', '2', '9', '3'),
('JOA_yuPahw', 'contract_lueLyp', '3', '10', '5', '4'),
('JOA_sgk8tA', 'contract_Kk5ZTG', '8', '6', '2', '8'),
('JOA_m0h975', 'contract_3iQcAL', '10', '10', '0', '5'),
('JOA_0jewHV', 'contract_1dg9hZ', '2', '10', '4', '3'),
('JOA_AqmHgu', 'contract_EMdUiL', '8', '5', '6', '0'),
('JOA_SSyMTh', 'contract_eoaHmU', '10', '9', '3', '0'),
('JOA_i0r5Xq', 'contract_CX8K6J', '0', '4', '2', '3'),
('JOA_0BY1fP', 'contract_AueDnG', '0', '9', '5', '8'),
('JOA_AlKyxF', 'contract_UIpj3X', '3', '7', '7', '0'),
('JOA_O9HEUt', 'contract_hiciqS', '4', '8', '7', '1'),
('JOA_8yK980', 'contract_fJNvN0', '3', '2', '1', '8'),
('JOA_9Aje5C', 'contract_SxEBQQ', '4', '10', '4', '3'),
('JOA_EShn5V', 'contract_ccmAAT', '5', '9', '5', '8'),
('JOA_4H24Id', 'contract_V3YI77', '7', '9', '5', '7'),
('JOA_91DjzF', 'contract_VySy7b', '7', '7', '7', '1'),
('JOA_aZ6oAp', 'contract_uMM0KM', '6', '7', '9', '7'),
('JOA_99J4dP', 'contract_hiciqS', '7', '1', '5', '2'),
('JOA_eBole9', 'contract_MjFZV7', '6', '4', '0', '2'),
('JOA_bOAzrS', 'contract_LXUz8D', '6', '3', '7', '5'),
('JOA_CZye5U', 'contract_Dppx9m', '2', '7', '10', '7'),
('JOA_B14jr2', 'contract_ZKwy7i', '6', '8', '4', '3'),
('JOA_T3mcQ4', 'contract_mSxcoe', '10', '8', '4', '10'),
('JOA_8NLPeP', 'contract_pXCZsQ', '9', '6', '3', '10'),
('JOA_ERQMKR', 'contract_nBTKgW', '5', '3', '1', '7'),
('JOA_YbCc32', 'contract_JGOwLg', '10', '9', '10', '10'),
('JOA_RAuFxy', 'contract_NLU7Wu', '2', '9', '0', '1'),
('JOA_X6dBCZ', 'contract_1AgWQx', '2', '4', '4', '0'),
('JOA_XqCIiZ', 'contract_3tyvrR', '10', '4', '2', '4'),
('JOA_4JhFos', 'contract_TQG80t', '9', '7', '8', '3'),
('JOA_wlRW3G', 'contract_EdoMh5', '9', '0', '1', '3'),
('JOA_oJqta0', 'contract_cmKilY', '3', '9', '7', '1'),
('JOA_PACiqy', 'contract_yRmOBV', '3', '9', '9', '3'),
('JOA_qYxmYv', 'contract_TRJ7qQ', '10', '6', '0', '9'),
('JOA_27wXty', 'contract_OQ449E', '9', '4', '7', '1'),
('JOA_RzgvhI', 'contract_BYblUu', '9', '3', '0', '10'),
('JOA_TpzcRD', 'contract_51TvDH', '8', '9', '8', '9'),
('JOA_CohuCS', 'contract_1sudln', '0', '8', '7', '6'),
('JOA_KKtaTn', 'contract_es9tsY', '2', '4', '7', '8'),
('JOA_lMx5vi', 'contract_H3oyAO', '2', '9', '2', '4'),
('JOA_bll0XS', 'contract_RWAJwC', '10', '10', '3', '7'),
('JOA_aowufB', 'contract_a1c8Jc', '1', '2', '0', '10'),
('JOA_UKI8t1', 'contract_cq7oJJ', '3', '9', '10', '9'),
('JOA_4jtw1E', 'contract_rrallW', '5', '9', '6', '7'),
('JOA_SiZsEU', 'contract_dqyzuV', '0', '1', '9', '9'),
('JOA_qRS3eI', 'contract_QrOowq', '1', '7', '10', '3'),
('JOA_RKrOUk', 'contract_pGGnfk', '8', '10', '1', '4'),
('JOA_CTHv43', 'contract_AjYpE4', '10', '4', '1', '10'),
('JOA_7ZG2Zy', 'contract_n6RDtO', '3', '2', '2', '7'),
('JOA_NKnxVV', 'contract_nXaei0', '2', '7', '6', '8'),
('JOA_s4eTx1', 'contract_4I2kT6', '0', '2', '4', '4'),
('JOA_pDsjSk', 'contract_BSN1Tt', '0', '3', '9', '5'),
('JOA_Sjztgq', 'contract_jsVUYS', '0', '8', '7', '3'),
('JOA_LiQWtC', 'contract_rLmQEV', '3', '9', '10', '6'),
('JOA_lC7tG0', 'contract_tFSnEy', '8', '5', '2', '6'),
('JOA_0VTK62', 'contract_kZnWj3', '8', '6', '4', '8'),
('JOA_fR9XRw', 'contract_EPh5zo', '2', '1', '7', '9'),
('JOA_DfC8WK', 'contract_UiX8gG', '5', '3', '10', '5'),
('JOA_zeGn0Y', 'contract_udDSnj', '5', '1', '2', '1'),
('JOA_9fdufp', 'contract_iELQ0g', '3', '10', '2', '5'),
('JOA_VIHF0c', 'contract_on9UJh', '8', '10', '8', '4'),
('JOA_ijakcH', 'contract_jftbc6', '8', '8', '5', '4'),
('JOA_qmcDnX', 'contract_5nE6Px', '4', '3', '4', '4'),
('JOA_nUZ72Y', 'contract_EsZqhF', '8', '7', '6', '9'),
('JOA_BvLnOH', 'contract_hEg3V4', '2', '3', '8', '8'),
('JOA_My5F1S', 'contract_KhwSMW', '1', '2', '5', '4'),
('JOA_k35XV3', 'contract_46cAub', '3', '1', '9', '1'),
('JOA_ed9BRy', 'contract_msONUD', '1', '5', '6', '1'),
('JOA_VT9lSG', 'contract_tnedEp', '2', '7', '2', '8'),
('JOA_mrudvH', 'contract_iXBnkz', '7', '6', '7', '8'),
('JOA_yEUVjx', 'contract_SXZPxi', '6', '10', '9', '3'),
('JOA_0kINiM', 'contract_tuiMwX', '2', '7', '10', '9'),
('JOA_LZqYgF', 'contract_nKE8W8', '0', '3', '4', '10'),
('JOA_jE59tZ', 'contract_ZBeZVC', '8', '2', '5', '7'),
('JOA_s7Vdkn', 'contract_4b6Fzh', '9', '8', '2', '5'),
('JOA_O1H0Gg', 'contract_C2B3sP', '7', '3', '8', '0'),
('JOA_nYLSFk', 'contract_qO42ee', '7', '3', '1', '2'),
('JOA_1l1Gkt', 'contract_v3XD8W', '1', '8', '1', '2'),
('JOA_vSnKHU', 'contract_aulvZB', '7', '4', '9', '2'),
('JOA_0Tl25A', 'contract_316BlW', '2', '10', '6', '3'),
('JOA_A1Zu4i', 'contract_aLu2E0', '0', '5', '1', '4'),
('JOA_evNftv', 'contract_VuAXoT', '8', '3', '6', '6'),
('JOA_wKTxbw', 'contract_IQQNZQ', '7', '4', '8', '6'),
('JOA_aBOdWj', 'contract_UdcfKa', '1', '10', '0', '2'),
('JOA_zovxFR', 'contract_KLCGrR', '4', '7', '0', '8'),
('JOA_2ymoNl', 'contract_Ui8Zyp', '4', '9', '1', '1'),
('JOA_lRrtR4', 'contract_yPxFHF', '1', '4', '4', '0'),
('JOA_WMvj2S', 'contract_uyiT22', '1', '8', '9', '6'),
('JOA_RSsYdk', 'contract_RhTv7Z', '10', '10', '0', '8'),
('JOA_77Pjmm', 'contract_TK6lUy', '8', '8', '9', '4'),
('JOA_tG3lQr', 'contract_NW37S3', '5', '2', '4', '4'),
('JOA_rq9TFa', 'contract_bSP49S', '6', '6', '8', '0'),
('JOA_VBtnY4', 'contract_ISZEyN', '9', '8', '3', '2'),
('JOA_tzTE5J', 'contract_eqnA47', '1', '8', '9', '10'),
('JOA_Gv8Qzd', 'contract_tCLLh7', '5', '3', '10', '4'),
('JOA_Dfu1q2', 'contract_pacvwT', '8', '7', '3', '4'),
('JOA_bvBw24', 'contract_UdcfKa', '1', '0', '7', '3'),
('JOA_whuV9C', 'contract_Nd4vlM', '6', '6', '3', '1'),
('JOA_8Bv7xF', 'contract_zbbvZu', '9', '9', '1', '4'),
('JOA_UZyu8V', 'contract_YPtkkB', '3', '9', '7', '5'),
('JOA_mHV1Xu', 'contract_OJIm6w', '2', '4', '1', '0'),
('JOA_g2kQHd', 'contract_mgBNb1', '4', '7', '9', '10'),
('JOA_GCge32', 'contract_mOCFHc', '6', '7', '9', '0'),
('JOA_TsNSAN', 'contract_tTa9Qk', '8', '8', '6', '5'),
('JOA_B3lfLG', 'contract_h8Rq0R', '7', '1', '3', '7'),
('JOA_NFVEZH', 'contract_1WmI9F', '9', '2', '5', '2'),
('JOA_V5eWSq', 'contract_4Cpq3D', '2', '1', '0', '9'),
('JOA_i9XnNQ', 'contract_06pa7i', '9', '0', '6', '9'),
('JOA_lcx8Ii', 'contract_xPfnpw', '5', '4', '10', '8'),
('JOA_1hfx6T', 'contract_AZOpsB', '2', '5', '3', '0'),
('JOA_Guib6k', 'contract_XqUb8H', '0', '9', '6', '9'),
('JOA_4QhtgC', 'contract_aePsCi', '9', '1', '3', '6'),
('JOA_6fovfO', 'contract_UMFWb4', '9', '0', '3', '1'),
('JOA_Pkt9Rc', 'contract_JzUC4C', '5', '7', '8', '7'),
('JOA_KqtsPi', 'contract_B9E7Iw', '9', '7', '9', '7'),
('JOA_enprRc', 'contract_b6giiA', '9', '10', '7', '1'),
('JOA_LJ9wrd', 'contract_XDT26u', '9', '0', '4', '6'),
('JOA_1MN8vG', 'contract_iELQ0g', '2', '4', '3', '9'),
('JOA_URy7PB', 'contract_JoXrIG', '10', '6', '10', '5'),
('JOA_B8SsXT', 'contract_P7u7Te', '8', '7', '1', '4'),
('JOA_7k50U4', 'contract_B6LzhY', '3', '6', '7', '1'),
('JOA_XdwQHc', 'contract_JVwYnQ', '4', '7', '0', '10'),
('JOA_rIKE9W', 'contract_YqK1OW', '2', '1', '5', '2'),
('JOA_NnfhYJ', 'contract_zj6l7v', '8', '4', '9', '2'),
('JOA_Vnd92I', 'contract_dbaKhu', '2', '3', '0', '9'),
('JOA_jicp6F', 'contract_Y6wwd3', '7', '10', '2', '2'),
('JOA_O4NpKV', 'contract_v5s0Vr', '10', '7', '7', '5'),
('JOA_zUcI0p', 'contract_FKlcMM', '1', '10', '2', '7'),
('JOA_zmuGu2', 'contract_pObVk1', '6', '10', '1', '1'),
('JOA_GE3eW2', 'contract_HBoTjM', '6', '1', '6', '8'),
('JOA_07OvNd', 'contract_CX8K6J', '7', '4', '3', '8'),
('JOA_QslqxN', 'contract_fP8R5j', '4', '5', '6', '0'),
('JOA_zsrFFF', 'contract_mlWsG4', '3', '2', '6', '2'),
('JOA_yV0smo', 'contract_C2B3sP', '5', '6', '4', '8'),
('JOA_GvqhxE', 'contract_ZT4Wyr', '4', '10', '10', '10'),
('JOA_wANtyW', 'contract_QUzITD', '10', '2', '1', '9'),
('JOA_q1uu3H', 'contract_g7aGU1', '8', '9', '4', '2'),
('JOA_sVn3gk', 'contract_Vey5pc', '7', '8', '7', '8'),
('JOA_8jJt6c', 'contract_T9dYy7', '1', '10', '1', '3'),
('JOA_oRDOH3', 'contract_pqlPTQ', '7', '6', '7', '3'),
('JOA_RHQQhU', 'contract_UFaBuR', '0', '3', '9', '3'),
('JOA_9CLmff', 'contract_bMMRKA', '10', '0', '7', '7'),
('JOA_D5QCPX', 'contract_cnLJKS', '9', '1', '3', '7'),
('JOA_xMAdC0', 'contract_wqUpxB', '10', '8', '10', '1'),
('JOA_dqy9yX', 'contract_dseOyb', '10', '9', '4', '7'),
('JOA_frpuOi', 'contract_BtGI0s', '2', '5', '5', '7'),
('JOA_EZMIwG', 'contract_8Cpkcw', '5', '0', '2', '7'),
('JOA_wrqU7k', 'contract_Ilzi5q', '10', '3', '2', '4'),
('JOA_5pEuVv', 'contract_KjUUYN', '10', '6', '6', '3'),
('JOA_9g3K3e', 'contract_4b6Fzh', '1', '5', '6', '10'),
('JOA_ifLA7O', 'contract_SMjDIi', '8', '7', '4', '9'),
('JOA_b0Xiyu', 'contract_JMpDNH', '1', '2', '5', '8'),
('JOA_OT0XqM', 'contract_V45enz', '0', '4', '1', '3'),
('JOA_4WBc5V', 'contract_farmUC', '5', '0', '3', '1'),
('JOA_dydi8y', 'contract_VfTBSV', '6', '10', '1', '1'),
('JOA_XiHksq', 'contract_z5rXVv', '2', '10', '0', '9'),
('JOA_57lYxM', 'contract_TvfwAb', '8', '5', '3', '5'),
('JOA_iQmgaM', 'contract_Y8cuEp', '0', '10', '10', '9'),
('JOA_UUvYVW', 'contract_3aspmk', '4', '8', '1', '5'),
('JOA_xNC9ZL', 'contract_cw8LIs', '3', '6', '9', '0'),
('JOA_gtMtgU', 'contract_i3YecC', '6', '0', '2', '1'),
('JOA_rZG5Rr', 'contract_IN0Eop', '0', '2', '2', '7'),
('JOA_fRoK2s', 'contract_yFdKzW', '10', '2', '8', '5'),
('JOA_vqlMp3', 'contract_OtNMpv', '10', '6', '0', '10'),
('JOA_6udIHZ', 'contract_0h5dUI', '7', '1', '1', '0'),
('JOA_RKEMsF', 'contract_t4gZaN', '7', '1', '4', '3'),
('JOA_8X0eqT', 'contract_v0NC02', '4', '9', '4', '1'),
('JOA_SerTT1', 'contract_E7Wezu', '10', '1', '5', '6'),
('JOA_vQKToU', 'contract_tEM5Pv', '4', '0', '8', '4'),
('JOA_MHIy93', 'contract_giryRt', '3', '7', '3', '2'),
('JOA_rOR4yO', 'contract_L5wU7z', '10', '3', '5', '6'),
('JOA_CPoeUS', 'contract_7L76gY', '8', '8', '0', '3'),
('JOA_mCyjfe', 'contract_tTa9Qk', '6', '3', '1', '4'),
('JOA_eok9st', 'contract_B9E7Iw', '7', '9', '5', '9'),
('JOA_mRzBqE', 'contract_WZ6TTV', '9', '5', '5', '7'),
('JOA_sZWWbO', 'contract_78o4Yi', '8', '2', '10', '8'),
('JOA_k1EeCS', 'contract_JVwYnQ', '9', '9', '1', '8'),
('JOA_zkc51J', 'contract_oTSEGV', '8', '9', '3', '1'),
('JOA_PDYlEa', 'contract_6bm58R', '5', '10', '8', '1'),
('JOA_CsuOjA', 'contract_9eZtzm', '6', '5', '8', '1'),
('JOA_bnPJhJ', 'contract_vTIkv5', '10', '9', '3', '2'),
('JOA_6tTeAk', 'contract_ahmA5D', '7', '6', '2', '10'),
('JOA_xaRhhA', 'contract_ScLurK', '1', '7', '2', '9'),
('JOA_xJAVO2', 'contract_JbGlX1', '5', '8', '2', '4'),
('JOA_dQV9J0', 'contract_oBJRIk', '7', '1', '1', '9'),
('JOA_RXEjVW', 'contract_zkqvwA', '5', '6', '0', '3'),
('JOA_7N93FP', 'contract_sXWqNB', '4', '8', '0', '7'),
('JOA_QN7WlB', 'contract_T4lmDJ', '2', '2', '1', '5'),
('JOA_a8QYtO', 'contract_ItaiAb', '9', '9', '7', '0'),
('JOA_Ngds2u', 'contract_lJ08yN', '6', '3', '8', '0'),
('JOA_N7EA4r', 'contract_8hhSux', '10', '6', '0', '8'),
('JOA_ROtYrV', 'contract_KjUUYN', '9', '2', '7', '5'),
('JOA_pMB1Gt', 'contract_QoYci2', '2', '9', '3', '9'),
('JOA_5fjOnt', 'contract_cP20TV', '1', '10', '8', '1'),
('JOA_ri13Xi', 'contract_cVt3Mr', '4', '10', '1', '9'),
('JOA_euqGAm', 'contract_tWWHPP', '9', '2', '0', '10'),
('JOA_TfxegV', 'contract_lvRGoG', '5', '1', '9', '6'),
('JOA_FZn3o1', 'contract_pB05Sc', '6', '8', '4', '6'),
('JOA_ibJBLR', 'contract_t4gZaN', '6', '7', '7', '3'),
('JOA_UsvaVn', 'contract_78o4Yi', '1', '5', '4', '9'),
('JOA_YXENej', 'contract_E7tpkj', '6', '1', '0', '6'),
('JOA_C1J9J6', 'contract_rOK0t9', '6', '6', '10', '7'),
('JOA_MfaiQE', 'contract_zdCGNx', '4', '3', '3', '1'),
('JOA_OQ5Vtj', 'contract_fzVzYi', '0', '5', '4', '0'),
('JOA_iKjaur', 'contract_8Cpkcw', '7', '7', '2', '0'),
('JOA_fKwlSd', 'contract_uMM0KM', '8', '8', '4', '5'),
('JOA_q9ou4x', 'contract_eOcdKs', '4', '1', '2', '3'),
('JOA_grYEXM', 'contract_VBlq00', '1', '10', '5', '1'),
('JOA_5cUHCk', 'contract_hMdT3e', '0', '5', '0', '7'),
('JOA_Z9YYQp', 'contract_rmHc0O', '1', '2', '0', '0'),
('JOA_3u9tW1', 'contract_BYblUu', '3', '3', '0', '5'),
('JOA_0ZwlWl', 'contract_1CgsKT', '4', '2', '3', '9'),
('JOA_H9LbZv', 'contract_z5rXVv', '3', '5', '4', '3'),
('JOA_8X7PsH', 'contract_tAaOsT', '5', '6', '8', '6'),
('JOA_xwfAZi', 'contract_3Ca48h', '4', '2', '2', '1'),
('JOA_NA3JYE', 'contract_hiDbVT', '5', '3', '5', '5'),
('JOA_rSENoD', 'contract_mmO5kf', '0', '1', '7', '0'),
('JOA_Y6pOda', 'contract_YmMFhj', '7', '3', '0', '5'),
('JOA_Mly727', 'contract_V7sHNt', '6', '1', '3', '2'),
('JOA_phrrPv', 'contract_tS7lAp', '8', '3', '10', '0'),
('JOA_K6CeP1', 'contract_OMj6mK', '1', '8', '2', '9'),
('JOA_6RKErA', 'contract_HbSf7j', '8', '2', '0', '8'),
('JOA_4zcWm8', 'contract_raab6X', '4', '1', '8', '3'),
('JOA_sM8Kpi', 'contract_7oV7CK', '1', '3', '7', '10'),
('JOA_B4g0qQ', 'contract_YJXaF1', '0', '8', '4', '7'),
('JOA_FWYZ32', 'contract_elOuXO', '6', '3', '7', '10'),
('JOA_qOY2xM', 'contract_IaVyRA', '6', '10', '0', '5'),
('JOA_clSmrT', 'contract_JVwYnQ', '1', '2', '6', '3'),
('JOA_BdNZ18', 'contract_xnfs3l', '8', '10', '7', '0'),
('JOA_Ud3Osz', 'contract_1as8vq', '1', '0', '4', '7'),
('JOA_XgwFrA', 'contract_3MDCxR', '0', '4', '4', '3'),
('JOA_oEbc82', 'contract_OPaoN6', '10', '5', '10', '2'),
('JOA_OaUJEA', 'contract_AeyS2l', '2', '7', '8', '4'),
('JOA_jqZ2n3', 'contract_oW7jxH', '9', '3', '0', '0'),
('JOA_GEkb58', 'contract_ndg7SH', '8', '0', '1', '8'),
('JOA_HRtlAh', 'contract_IS2L2Q', '9', '7', '0', '5'),
('JOA_LHo7NK', 'contract_yORQIT', '8', '9', '0', '9'),
('JOA_7TTTR7', 'contract_raab6X', '1', '6', '10', '8'),
('JOA_Q8JvMh', 'contract_K3unBw', '5', '7', '8', '10'),
('JOA_03bERj', 'contract_ASoPf4', '3', '6', '3', '2'),
('JOA_pyO0Lq', 'contract_jVBGhe', '4', '6', '6', '3'),
('JOA_G2KsfT', 'contract_A3jVJC', '0', '2', '9', '4'),
('JOA_aG071O', 'contract_oTSEGV', '3', '2', '9', '8'),
('JOA_xLHY9r', 'contract_b4tvoa', '8', '10', '5', '3'),
('JOA_gJbOPb', 'contract_KLXGm5', '5', '7', '9', '6'),
('JOA_grPRIi', 'contract_7t4pZV', '2', '10', '4', '2'),
('JOA_KCymju', 'contract_3aspmk', '10', '2', '10', '3'),
('JOA_KwhlFT', 'contract_ENcwGZ', '6', '2', '5', '8'),
('JOA_DOSfiO', 'contract_wweQAu', '2', '5', '10', '2'),
('JOA_MZC6eQ', 'contract_VrJOaI', '10', '0', '7', '8'),
('JOA_IzDf3F', 'contract_CYfLCQ', '1', '2', '10', '2'),
('JOA_FuNQ7O', 'contract_euNbqH', '7', '4', '4', '10'),
('JOA_5XtI9i', 'contract_IqbNKB', '3', '0', '3', '1'),
('JOA_jVIaHs', 'contract_IS2L2Q', '5', '5', '8', '3'),
('JOA_FPXUsL', 'contract_BxDTPX', '0', '9', '8', '0'),
('JOA_Aob29f', 'contract_HOaNiQ', '2', '2', '8', '8'),
('JOA_MxNqXM', 'contract_NwhUAX', '3', '1', '10', '3'),
('JOA_BPfSRJ', 'contract_2DyeJP', '6', '0', '9', '8'),
('JOA_Io291k', 'contract_XDiMT0', '8', '4', '1', '2'),
('JOA_7MyTov', 'contract_ptOOAU', '5', '4', '4', '6'),
('JOA_XfAGjr', 'contract_S2qM9l', '1', '4', '8', '1'),
('JOA_ie6oyd', 'contract_hiciqS', '10', '4', '8', '2'),
('JOA_EO5tDo', 'contract_SsTUxy', '3', '3', '3', '7'),
('JOA_o0vwWy', 'contract_3PQQPT', '0', '0', '5', '8'),
('JOA_kVyyPG', 'contract_9ughwx', '1', '1', '0', '10'),
('JOA_hUi9mH', 'contract_XkqwvS', '4', '9', '0', '2'),
('JOA_PfnBa5', 'contract_nxjJSE', '8', '0', '7', '9'),
('JOA_pA9OQ6', 'contract_7T6I7S', '8', '6', '6', '9'),
('JOA_mCEzn2', 'contract_0h5dUI', '5', '4', '4', '9'),
('JOA_HkOqOJ', 'contract_Ui8Zyp', '9', '5', '7', '7'),
('JOA_JNvoEP', 'contract_ZmiH3p', '6', '9', '8', '3'),
('JOA_Ay4Dn1', 'contract_SZ5qzj', '9', '1', '9', '1'),
('JOA_SMssxl', 'contract_KVSOP1', '9', '10', '4', '4'),
('JOA_Ycj7is', 'contract_9eZtzm', '4', '1', '1', '7'),
('JOA_MP4jNy', 'contract_mWJygz', '5', '2', '10', '10'),
('JOA_rtOomu', 'contract_T074bu', '5', '0', '10', '6'),
('JOA_AFH8Wr', 'contract_lvRGoG', '8', '1', '5', '6'),
('JOA_IphcYV', 'contract_ZceHD3', '8', '4', '3', '3'),
('JOA_iPiuJj', 'contract_P7zXKX', '10', '3', '7', '7'),
('JOA_JNazx6', 'contract_D1wnNY', '0', '5', '1', '3'),
('JOA_gtHXyD', 'contract_1AgWQx', '1', '5', '3', '6'),
('JOA_yHxWqk', 'contract_cDP1FR', '2', '1', '8', '10'),
('JOA_BlGwLk', 'contract_EMdUiL', '9', '7', '8', '1'),
('JOA_cZwL8D', 'contract_VkZHdw', '4', '9', '3', '4'),
('JOA_40PZUJ', 'contract_UzQwTj', '1', '4', '6', '1'),
('JOA_uBceMJ', 'contract_jZVQRm', '0', '9', '6', '9'),
('JOA_BRqmpH', 'contract_rFxAwA', '0', '0', '3', '8'),
('JOA_P0Sqym', 'contract_A5fPtx', '5', '8', '2', '8'),
('JOA_rA6R8u', 'contract_X1dMbW', '10', '10', '7', '6'),
('JOA_Pr75H9', 'contract_GkPAs1', '8', '9', '4', '8'),
('JOA_qnQ0kT', 'contract_wQZZXg', '1', '3', '0', '1'),
('JOA_OHdPh8', 'contract_BxDTPX', '9', '4', '2', '7'),
('JOA_BMP4I0', 'contract_iXDgTh', '1', '2', '1', '10'),
('JOA_iwPVTb', 'contract_ajIE6P', '2', '2', '10', '8'),
('JOA_fearnF', 'contract_VkvrH9', '5', '5', '3', '9'),
('JOA_U6v2jH', 'contract_SZ5qzj', '3', '4', '9', '5'),
('JOA_Ew9xir', 'contract_dIoAOP', '1', '2', '8', '10'),
('JOA_lYBGiS', 'contract_ahmA5D', '2', '1', '2', '0'),
('JOA_nvu5gr', 'contract_j5azjY', '8', '6', '0', '0'),
('JOA_sgwXWQ', 'contract_b4tvoa', '6', '4', '4', '4'),
('JOA_b4unG2', 'contract_8NLVGu', '5', '4', '1', '9'),
('JOA_jGBJAz', 'contract_H13kK8', '7', '8', '5', '4'),
('JOA_Ihr11J', 'contract_OAti4Y', '0', '7', '2', '10'),
('JOA_ZWUFbC', 'contract_HL7u1D', '8', '9', '3', '0'),
('JOA_0iWfRK', 'contract_JpAwRQ', '7', '0', '8', '1'),
('JOA_hkZmK5', 'contract_BxDTPX', '9', '1', '4', '2'),
('JOA_kptmzs', 'contract_8tWDNs', '8', '0', '1', '5'),
('JOA_maNbRd', 'contract_zDDAVX', '8', '5', '0', '0'),
('JOA_S65Sj0', 'contract_juQZC2', '3', '7', '5', '9'),
('JOA_upQQPU', 'contract_HhE6r3', '10', '1', '2', '8'),
('JOA_iUZ3D1', 'contract_E3vyTH', '3', '4', '1', '5'),
('JOA_2uNPXU', 'contract_DfFYN2', '4', '7', '4', '4'),
('JOA_OLseYf', 'contract_UIpj3X', '8', '3', '4', '3'),
('JOA_ijzgvh', 'contract_usDpNY', '6', '3', '4', '4'),
('JOA_wJnElQ', 'contract_XrTOAt', '6', '10', '4', '5'),
('JOA_gM9QKV', 'contract_3ehAZN', '5', '2', '6', '8'),
('JOA_HDjGi6', 'contract_SUdT1q', '4', '1', '0', '2'),
('JOA_BRoaOd', 'contract_9wrp1l', '10', '4', '7', '9'),
('JOA_35iQB7', 'contract_6ZQUd2', '10', '7', '6', '8'),
('JOA_n38zP3', 'contract_3Khyj6', '0', '9', '2', '10'),
('JOA_SFpW9t', 'contract_mhzoUg', '7', '9', '10', '6'),
('JOA_8K3xYF', 'contract_2DyeJP', '3', '0', '7', '0'),
('JOA_js2l7r', 'contract_AydGi1', '2', '8', '3', '6'),
('JOA_jXGL0n', 'contract_Nd4vlM', '3', '8', '2', '5'),
('JOA_hg9tup', 'contract_f5bD7s', '2', '0', '2', '6'),
('JOA_OuJbDx', 'contract_5R2uuB', '10', '9', '3', '9'),
('JOA_LpQzuP', 'contract_U1XqnV', '10', '0', '5', '1'),
('JOA_oLPLfB', 'contract_nJPepj', '7', '6', '4', '6'),
('JOA_UwBAEz', 'contract_ofhSKg', '10', '7', '5', '2'),
('JOA_Xt3AlZ', 'contract_MQy2SK', '9', '1', '1', '5'),
('JOA_WQZgUD', 'contract_qb6nqF', '4', '2', '6', '8'),
('JOA_Er7fTc', 'contract_KhwSMW', '5', '6', '3', '1'),
('JOA_NVLkok', 'contract_PhOwgw', '6', '6', '8', '1'),
('JOA_6cblMw', 'contract_lsRcVh', '2', '9', '2', '3'),
('JOA_r2IU15', 'contract_49Vigb', '6', '5', '9', '9'),
('JOA_KfDTnm', 'contract_sACA17', '5', '4', '4', '4'),
('JOA_bfQvGn', 'contract_F2dEU5', '2', '3', '2', '8'),
('JOA_dcrbV3', 'contract_srcwgS', '2', '1', '3', '9'),
('JOA_hWM634', 'contract_aulvZB', '6', '1', '1', '9'),
('JOA_cQUKgW', 'contract_AwriWH', '5', '8', '9', '1'),
('JOA_Nj9eRV', 'contract_czqNxf', '8', '10', '0', '7'),
('JOA_E9kqGd', 'contract_C0TvQf', '8', '10', '4', '7'),
('JOA_PUADd2', 'contract_tWWHPP', '10', '9', '10', '10'),
('JOA_i8H1ic', 'contract_wCv7Ln', '3', '7', '3', '10'),
('JOA_GyWVDa', 'contract_dqyzuV', '8', '5', '10', '6'),
('JOA_HX2G94', 'contract_zNhA2j', '5', '1', '5', '8'),
('JOA_zX33ZJ', 'contract_bt31Ye', '4', '10', '1', '6'),
('JOA_L23TV6', 'contract_9wrp1l', '9', '9', '4', '2'),
('JOA_pztGmF', 'contract_rOK0t9', '1', '0', '0', '7'),
('JOA_YTjiwy', 'contract_YmMFhj', '0', '1', '10', '7'),
('JOA_undWuP', 'contract_RK4VB7', '2', '5', '6', '2'),
('JOA_lweZz9', 'contract_9y4iI2', '7', '9', '3', '4'),
('JOA_Ihvzxt', 'contract_b5lWDT', '8', '7', '5', '6'),
('JOA_0VoA1p', 'contract_BKLiqV', '8', '10', '10', '3'),
('JOA_CZ4Uaz', 'contract_AHynQP', '9', '3', '8', '2'),
('JOA_oDeup4', 'contract_vdiVYc', '8', '10', '8', '7'),
('JOA_MobBEh', 'contract_ihnkcP', '5', '2', '0', '7'),
('JOA_8wg3zq', 'contract_UBIITV', '3', '7', '10', '6'),
('JOA_sTKhZQ', 'contract_ZmiH3p', '2', '0', '10', '8'),
('JOA_Y4IM1L', 'contract_D69rc2', '1', '8', '9', '9'),
('JOA_bVX1f7', 'contract_fMpVpd', '2', '10', '5', '3'),
('JOA_sA9S8p', 'contract_GNePB8', '8', '0', '1', '2'),
('JOA_W9QE4Z', 'contract_WZ6TTV', '1', '7', '9', '9'),
('JOA_P957fO', 'contract_rYFf4k', '8', '8', '8', '4'),
('JOA_X5m5XS', 'contract_XDT26u', '6', '1', '6', '3'),
('JOA_gxP8OF', 'contract_A6blh3', '10', '5', '10', '7'),
('JOA_dVlCWn', 'contract_NIqcPC', '9', '7', '3', '8'),
('JOA_wl3B7V', 'contract_jIgofj', '8', '3', '6', '7'),
('JOA_tFoiHb', 'contract_YrBSjN', '10', '6', '0', '8'),
('JOA_YDMQ9X', 'contract_VXyPK7', '1', '0', '1', '6'),
('JOA_64LsKc', 'contract_BYblUu', '3', '9', '8', '10'),
('JOA_teOzdq', 'contract_jVBGhe', '0', '6', '3', '9'),
('JOA_680vrr', 'contract_3sTnl5', '2', '7', '2', '2'),
('JOA_FKivVb', 'contract_FKlcMM', '4', '0', '1', '8'),
('JOA_oiYZs5', 'contract_EdoMh5', '8', '8', '0', '0'),
('JOA_OeNST7', 'contract_ajIE6P', '7', '10', '4', '1'),
('JOA_WTUQSC', 'contract_NwhUAX', '1', '10', '0', '2'),
('JOA_eBR64a', 'contract_dbaKhu', '5', '7', '3', '1'),
('JOA_qR8IXv', 'contract_X4Vrf8', '0', '2', '10', '10'),
('JOA_03JzAi', 'contract_JGOwLg', '6', '9', '6', '3');

set sql_safe_updates=0;
update job_seeker set 
work_attitude = (select avg(temp_work_attitude) from job_seeker_assessment inner join contract on contract.contract_id = job_seeker_assessment.contract_id where contract.js_id = job_seeker.js_id),
job_performance = (select avg(temp_job_performance) from job_seeker_assessment inner join contract on contract.contract_id = job_seeker_assessment.contract_id where contract.js_id = job_seeker.js_id),
rehired_rate = (select avg(temp_rehired_rate) from job_seeker_assessment inner join contract on contract.contract_id = job_seeker_assessment.contract_id where contract.js_id = job_seeker.js_id),
attendance_rate = (select avg(temp_attendance_rate) from job_seeker_assessment inner join contract on contract.contract_id = job_seeker_assessment.contract_id where contract.js_id = job_seeker.js_id);
update job_offerer 
set 
wage_payment_ability = (select avg(temp_wage_payment_ability) from job_offerer_assessment inner join contract on contract.contract_id = job_offerer_assessment.contract_id inner join construction_site on contract.construction_site_id = construction_site.construction_site_id where construction_site.jo_id = job_offerer.jo_id ), 
work_environment = (select avg(temp_work_environment) from job_offerer_assessment inner join contract on contract.contract_id = job_offerer_assessment.contract_id inner join construction_site on contract.construction_site_id = construction_site.construction_site_id where construction_site.jo_id = job_offerer.jo_id ), 
work_intensity = (select avg(temp_work_intensity) from job_offerer_assessment inner join contract on contract.contract_id = job_offerer_assessment.contract_id inner join construction_site on contract.construction_site_id = construction_site.construction_site_id where construction_site.jo_id = job_offerer.jo_id ), 
order_validity = (select avg(temp_order_validity) from job_offerer_assessment inner join contract on contract.contract_id = job_offerer_assessment.contract_id inner join construction_site on contract.construction_site_id = construction_site.construction_site_id where construction_site.jo_id = job_offerer.jo_id );
  